#include <nds.h>

TWL_CODE ALIGN(16) unsigned char pico_dldi[] = {
	0xED, 0xA5, 0x8D, 0xBF, 0x20, 0x43, 0x68, 0x69, 0x73, 0x68, 0x6D, 0x00,
	0x01, 0x0B, 0x00, 0x00, 0x44, 0x53, 0x70, 0x69, 0x63, 0x6F, 0x20, 0x44,
	0x4C, 0x44, 0x49, 0x00, 0x00, 0x00, 0xA0, 0xE1, 0x00, 0x00, 0xA0, 0xE1,
	0x00, 0x00, 0xA0, 0xE1, 0x00, 0x00, 0xA0, 0xE1, 0x00, 0x00, 0xA0, 0xE1,
	0x00, 0x00, 0xA0, 0xE1, 0x00, 0x00, 0xA0, 0xE1, 0x00, 0x00, 0xA0, 0xE1,
	0x00, 0x00, 0xA0, 0xE1, 0x00, 0x00, 0x80, 0xBF, 0xB0, 0x05, 0x80, 0xBF,
	0xA0, 0x05, 0x80, 0xBF, 0xA0, 0x05, 0x80, 0xBF, 0xB0, 0x05, 0x80, 0xBF,
	0xB0, 0x05, 0x80, 0xBF, 0xB0, 0x05, 0x80, 0xBF, 0xB0, 0x05, 0x80, 0xBF,
	0x50, 0x49, 0x43, 0x4F, 0x23, 0x01, 0x00, 0x00, 0x98, 0x01, 0x80, 0xBF,
	0xA0, 0x01, 0x80, 0xBF, 0xB0, 0x01, 0x80, 0xBF, 0xF8, 0x01, 0x80, 0xBF,
	0xA8, 0x01, 0x80, 0xBF, 0x34, 0x04, 0x80, 0xBF, 0x00, 0x48, 0x2D, 0xE9,
	0xE3, 0xB0, 0xA0, 0xE3, 0x01, 0x23, 0xA0, 0xE3, 0x60, 0x38, 0x20, 0xE0,
	0x23, 0x34, 0xA0, 0xE1, 0x38, 0x10, 0x9F, 0xE5, 0xFF, 0x3C, 0xC3, 0xE3,
	0x60, 0xC4, 0x23, 0xE0, 0xA8, 0xB0, 0x81, 0xE5, 0xAC, 0xC0, 0x81, 0xE5,
	0xB0, 0x3A, 0xD1, 0xE1, 0x24, 0xE0, 0x9F, 0xE5, 0x02, 0x3A, 0xC3, 0xE3,
	0x02, 0x39, 0x83, 0xE3, 0xB0, 0x3A, 0xC1, 0xE1, 0xA4, 0xE1, 0x82, 0xE5,
	0xA4, 0x31, 0x92, 0xE5, 0x00, 0x00, 0x53, 0xE3, 0xFC, 0xFF, 0xFF, 0xBA,
	0x00, 0x48, 0xBD, 0xE8, 0x1E, 0xFF, 0x2F, 0xE1, 0x00, 0x01, 0x00, 0x04,
	0x00, 0x60, 0x40, 0xA0, 0x10, 0x40, 0x2D, 0xE9, 0xE5, 0x30, 0xA0, 0xE3,
	0x00, 0x40, 0xA0, 0xE3, 0x01, 0x13, 0xA0, 0xE3, 0x40, 0x20, 0x9F, 0xE5,
	0xA8, 0x30, 0x82, 0xE5, 0xAC, 0x40, 0x82, 0xE5, 0xB0, 0x3A, 0xD2, 0xE1,
	0x34, 0xC0, 0x9F, 0xE5, 0x02, 0x3A, 0xC3, 0xE3, 0x02, 0x39, 0x83, 0xE3,
	0x03, 0x00, 0x10, 0xE3, 0xB0, 0x3A, 0xC2, 0xE1, 0xA4, 0xC1, 0x81, 0xE5,
	0x80, 0x10, 0xA0, 0xE3, 0x02, 0x00, 0x00, 0x0A, 0xD3, 0x00, 0x00, 0xEB,
	0x10, 0x40, 0xBD, 0xE8, 0x1E, 0xFF, 0x2F, 0xE1, 0xC3, 0x00, 0x00, 0xEB,
	0x10, 0x40, 0xBD, 0xE8, 0x1E, 0xFF, 0x2F, 0xE1, 0x00, 0x01, 0x00, 0x04,
	0x00, 0x40, 0x44, 0xA1, 0x10, 0x40, 0x2D, 0xE9, 0xE4, 0x30, 0xA0, 0xE3,
	0x00, 0x40, 0xA0, 0xE3, 0x01, 0xC3, 0xA0, 0xE3, 0x3C, 0x20, 0x9F, 0xE5,
	0x08, 0xD0, 0x4D, 0xE2, 0xA8, 0x30, 0x82, 0xE5, 0xAC, 0x40, 0x82, 0xE5,
	0xB0, 0x3A, 0xD2, 0xE1, 0x2C, 0xE0, 0x9F, 0xE5, 0x02, 0x3A, 0xC3, 0xE3,
	0x02, 0x39, 0x83, 0xE3, 0xB0, 0x3A, 0xC2, 0xE1, 0x04, 0x00, 0x8D, 0xE2,
	0x01, 0x10, 0xA0, 0xE3, 0xA4, 0xE1, 0x8C, 0xE5, 0xAE, 0x00, 0x00, 0xEB,
	0x04, 0x00, 0x9D, 0xE5, 0x08, 0xD0, 0x8D, 0xE2, 0x10, 0x40, 0xBD, 0xE8,
	0x1E, 0xFF, 0x2F, 0xE1, 0x00, 0x01, 0x00, 0x04, 0x00, 0x60, 0x44, 0xA7,
	0x01, 0x00, 0xA0, 0xE3, 0x1E, 0xFF, 0x2F, 0xE1, 0x01, 0x00, 0xA0, 0xE3,
	0x1E, 0xFF, 0x2F, 0xE1, 0x01, 0x00, 0xA0, 0xE3, 0x1E, 0xFF, 0x2F, 0xE1,
	0x70, 0x40, 0x2D, 0xE9, 0x01, 0x50, 0xA0, 0xE1, 0x02, 0x40, 0xA0, 0xE1,
	0xAF, 0xFF, 0xFF, 0xEB, 0xDD, 0xFF, 0xFF, 0xEB, 0x00, 0x00, 0x50, 0xE3,
	0xFC, 0xFF, 0xFF, 0x0A, 0x04, 0x00, 0xA0, 0xE1, 0xC1, 0xFF, 0xFF, 0xEB,
	0x01, 0x50, 0x55, 0xE2, 0x02, 0x4C, 0x84, 0xE2, 0xF7, 0xFF, 0xFF, 0x1A,
	0xD5, 0xFF, 0xFF, 0xEB, 0x00, 0x00, 0x50, 0xE3, 0xFC, 0xFF, 0xFF, 0x0A,
	0x01, 0x00, 0xA0, 0xE3, 0x70, 0x40, 0xBD, 0xE8, 0x1E, 0xFF, 0x2F, 0xE1,
	0xF0, 0x4F, 0x2D, 0xE9, 0x00, 0x80, 0x51, 0xE2, 0x0C, 0xD0, 0x4D, 0xE2,
	0x5A, 0x00, 0x00, 0x0A, 0x01, 0x00, 0x58, 0xE3, 0x02, 0x50, 0xA0, 0xE1,
	0x00, 0x60, 0xA0, 0xE1, 0x03, 0x30, 0x02, 0xE2, 0x59, 0x00, 0x00, 0x0A,
	0x01, 0xC3, 0xA0, 0xE3, 0x00, 0x00, 0x53, 0xE3, 0x60, 0x38, 0x20, 0xE0,
	0x23, 0x34, 0xA0, 0xE1, 0xE8, 0x21, 0x9F, 0xE5, 0xE8, 0x01, 0x9F, 0xE5,
	0xFF, 0x3C, 0xC3, 0xE3, 0x66, 0x14, 0x23, 0xE0, 0xA8, 0x00, 0x82, 0xE5,
	0xAC, 0x10, 0x82, 0xE5, 0xB0, 0x3A, 0xD2, 0xE1, 0xD4, 0x11, 0x9F, 0xE5,
	0x02, 0x3A, 0xC3, 0xE3, 0x02, 0x39, 0x83, 0xE3, 0xB0, 0x3A, 0xC2, 0xE1,
	0x05, 0x00, 0xA0, 0xE1, 0xA4, 0x11, 0x8C, 0xE5, 0x80, 0x10, 0xA0, 0xE3,
	0x61, 0x00, 0x00, 0x1A, 0xA4, 0x00, 0x00, 0xEB, 0x02, 0x5C, 0x85, 0xE2,
	0x02, 0x00, 0x58, 0xE3, 0x04, 0x50, 0x8D, 0xE5, 0x01, 0x40, 0x86, 0xE2,
	0x64, 0x00, 0x00, 0x0A, 0x01, 0xB3, 0xA0, 0xE3, 0x01, 0x60, 0x46, 0xE2,
	0x98, 0xA1, 0x9F, 0xE5, 0x88, 0x71, 0x9F, 0xE5, 0x8C, 0x91, 0x9F, 0xE5,
	0x08, 0x60, 0x86, 0xE0, 0x0A, 0x00, 0xA0, 0xE1, 0x64, 0x38, 0x24, 0xE0,
	0x23, 0x34, 0xA0, 0xE1, 0xFF, 0x3C, 0xC3, 0xE3, 0x64, 0x14, 0x23, 0xE0,
	0xA8, 0x00, 0x87, 0xE5, 0xAC, 0x10, 0x87, 0xE5, 0xB0, 0x3A, 0xD7, 0xE1,
	0x02, 0x3A, 0xC3, 0xE3, 0x02, 0x39, 0x83, 0xE3, 0x03, 0x00, 0x15, 0xE3,
	0xB0, 0x3A, 0xC7, 0xE1, 0x80, 0x10, 0xA0, 0xE3, 0x05, 0x00, 0xA0, 0xE1,
	0xA4, 0x91, 0x8B, 0xE5, 0x47, 0x00, 0x00, 0x0A, 0x98, 0x00, 0x00, 0xEB,
	0x01, 0x40, 0x84, 0xE2, 0x02, 0x5C, 0x85, 0xE2, 0x94, 0xFF, 0xFF, 0xEB,
	0x00, 0x00, 0x50, 0xE3, 0xFC, 0xFF, 0xFF, 0x0A, 0x06, 0x00, 0x54, 0xE1,
	0xE7, 0xFF, 0xFF, 0x1A, 0x04, 0x30, 0x9D, 0xE5, 0x88, 0x84, 0x83, 0xE0,
	0x01, 0x3B, 0x48, 0xE2, 0x04, 0x30, 0x8D, 0xE5, 0x01, 0xC3, 0xA0, 0xE3,
	0x66, 0x38, 0x26, 0xE0, 0x23, 0x34, 0xA0, 0xE1, 0x00, 0x21, 0x9F, 0xE5,
	0xFF, 0x3C, 0xC3, 0xE3, 0x08, 0x01, 0x9F, 0xE5, 0x66, 0x14, 0x23, 0xE0,
	0x04, 0xE0, 0x9D, 0xE5, 0xA8, 0x00, 0x82, 0xE5, 0xAC, 0x10, 0x82, 0xE5,
	0xB0, 0x3A, 0xD2, 0xE1, 0xE8, 0x10, 0x9F, 0xE5, 0x02, 0x3A, 0xC3, 0xE3,
	0x02, 0x39, 0x83, 0xE3, 0x03, 0x00, 0x1E, 0xE3, 0xB0, 0x3A, 0xC2, 0xE1,
	0xA4, 0x11, 0x8C, 0xE5, 0x80, 0x10, 0xA0, 0xE3, 0x2A, 0x00, 0x00, 0x0A,
	0x0E, 0x00, 0xA0, 0xE1, 0x78, 0x00, 0x00, 0xEB, 0x76, 0xFF, 0xFF, 0xEB,
	0x00, 0x00, 0x50, 0xE3, 0xFC, 0xFF, 0xFF, 0x0A, 0x73, 0xFF, 0xFF, 0xEB,
	0x00, 0x00, 0x50, 0xE3, 0x17, 0x00, 0x00, 0x0A, 0x01, 0x00, 0xA0, 0xE3,
	0x0C, 0xD0, 0x8D, 0xE2, 0xF0, 0x4F, 0xBD, 0xE8, 0x1E, 0xFF, 0x2F, 0xE1,
	0x01, 0xC3, 0xA0, 0xE3, 0x00, 0x00, 0x53, 0xE3, 0x60, 0x38, 0x20, 0xE0,
	0x23, 0x34, 0xA0, 0xE1, 0x80, 0x20, 0x9F, 0xE5, 0x90, 0x00, 0x9F, 0xE5,
	0xFF, 0x3C, 0xC3, 0xE3, 0x66, 0x14, 0x23, 0xE0, 0xA8, 0x00, 0x82, 0xE5,
	0xAC, 0x10, 0x82, 0xE5, 0xB0, 0x3A, 0xD2, 0xE1, 0x6C, 0x10, 0x9F, 0xE5,
	0x02, 0x3A, 0xC3, 0xE3, 0x02, 0x39, 0x83, 0xE3, 0xB0, 0x3A, 0xC2, 0xE1,
	0x05, 0x00, 0xA0, 0xE1, 0xA4, 0x11, 0x8C, 0xE5, 0x80, 0x10, 0xA0, 0xE3,
	0x0E, 0x00, 0x00, 0x0A, 0x5A, 0x00, 0x00, 0xEB, 0x58, 0xFF, 0xFF, 0xEB,
	0x00, 0x00, 0x50, 0xE3, 0xFC, 0xFF, 0xFF, 0x0A, 0x01, 0x00, 0xA0, 0xE3,
	0x0C, 0xD0, 0x8D, 0xE2, 0xF0, 0x4F, 0xBD, 0xE8, 0x1E, 0xFF, 0x2F, 0xE1,
	0x52, 0x00, 0x00, 0xEB, 0x9C, 0xFF, 0xFF, 0xEA, 0x40, 0x00, 0x00, 0xEB,
	0xB6, 0xFF, 0xFF, 0xEA, 0x04, 0x00, 0x9D, 0xE5, 0x3D, 0x00, 0x00, 0xEB,
	0xD3, 0xFF, 0xFF, 0xEA, 0x3B, 0x00, 0x00, 0xEB, 0xEF, 0xFF, 0xFF, 0xEA,
	0x04, 0x60, 0xA0, 0xE1, 0xBA, 0xFF, 0xFF, 0xEA, 0x00, 0x01, 0x00, 0x04,
	0xF6, 0xE1, 0x0D, 0x9A, 0x00, 0x60, 0x48, 0xE1, 0xF6, 0xE1, 0x0D, 0x98,
	0xF6, 0xE1, 0x0D, 0x99, 0xF6, 0xE1, 0x0D, 0x9B, 0x01, 0x00, 0xA0, 0xE3,
	0x1E, 0xFF, 0x2F, 0xE1, 0x01, 0x33, 0xA0, 0xE3, 0x41, 0xC6, 0xA0, 0xE3,
	0x01, 0x11, 0x80, 0xE0, 0xA4, 0x21, 0x93, 0xE5, 0x02, 0x05, 0x12, 0xE3,
	0x02, 0x00, 0x00, 0x0A, 0x10, 0x20, 0x9C, 0xE5, 0x01, 0x00, 0x50, 0xE1,
	0x04, 0x20, 0x80, 0x34, 0xA4, 0x21, 0x93, 0xE5, 0x00, 0x00, 0x52, 0xE3,
	0xF6, 0xFF, 0xFF, 0xBA, 0x1E, 0xFF, 0x2F, 0xE1, 0x01, 0x33, 0xA0, 0xE3,
	0x41, 0xC6, 0xA0, 0xE3, 0x01, 0x11, 0x80, 0xE0, 0xA4, 0x21, 0x93, 0xE5,
	0x02, 0x05, 0x12, 0xE3, 0x19, 0x00, 0x00, 0x0A, 0x01, 0x00, 0x50, 0xE1,
	0x10, 0x20, 0x9C, 0xE5, 0x16, 0x00, 0x00, 0x2A, 0x30, 0x40, 0x2D, 0xE9,
	0x22, 0x54, 0xA0, 0xE1, 0x22, 0x48, 0xA0, 0xE1, 0x22, 0xEC, 0xA0, 0xE1,
	0x00, 0x20, 0xC0, 0xE5, 0x01, 0x50, 0xC0, 0xE5, 0x02, 0x40, 0xC0, 0xE5,
	0x03, 0xE0, 0xC0, 0xE5, 0x04, 0x00, 0x80, 0xE2, 0xA4, 0x21, 0x93, 0xE5,
	0x00, 0x00, 0x52, 0xE3, 0x08, 0x00, 0x00, 0xAA, 0xA4, 0x21, 0x93, 0xE5,
	0x02, 0x05, 0x12, 0xE3, 0xF9, 0xFF, 0xFF, 0x0A, 0x01, 0x00, 0x50, 0xE1,
	0x10, 0x20, 0x9C, 0xE5, 0xEE, 0xFF, 0xFF, 0x3A, 0xA4, 0x21, 0x93, 0xE5,
	0x00, 0x00, 0x52, 0xE3, 0xF6, 0xFF, 0xFF, 0xBA, 0x30, 0x40, 0xBD, 0xE8,
	0x1E, 0xFF, 0x2F, 0xE1, 0xA4, 0x21, 0x93, 0xE5, 0x00, 0x00, 0x52, 0xE3,
	0xDF, 0xFF, 0xFF, 0xBA, 0x1E, 0xFF, 0x2F, 0xE1, 0x04, 0xE0, 0x2D, 0xE5,
	0x00, 0xC0, 0xA0, 0xE3, 0x01, 0x33, 0xA0, 0xE3, 0x41, 0xE6, 0xA0, 0xE3,
	0x01, 0x11, 0x80, 0xE0, 0xA4, 0x21, 0x93, 0xE5, 0x02, 0x05, 0x12, 0xE3,
	0x02, 0x00, 0x00, 0x0A, 0x01, 0x00, 0x50, 0xE1, 0x04, 0xC0, 0x90, 0x34,
	0x10, 0xC0, 0x8E, 0xE5, 0xA4, 0x21, 0x93, 0xE5, 0x00, 0x00, 0x52, 0xE3,
	0xF6, 0xFF, 0xFF, 0xBA, 0x04, 0xE0, 0x9D, 0xE4, 0x1E, 0xFF, 0x2F, 0xE1,
	0x30, 0x40, 0x2D, 0xE9, 0x00, 0x30, 0xA0, 0xE3, 0x01, 0x23, 0xA0, 0xE3,
	0x41, 0xE6, 0xA0, 0xE3, 0x01, 0x11, 0x80, 0xE0, 0xA4, 0xC1, 0x92, 0xE5,
	0x02, 0x05, 0x1C, 0xE3, 0x0A, 0x00, 0x00, 0x0A, 0x01, 0x00, 0x50, 0xE1,
	0x07, 0x00, 0x00, 0x2A, 0x00, 0x30, 0xD0, 0xE5, 0x01, 0x50, 0xD0, 0xE5,
	0x02, 0x40, 0xD0, 0xE5, 0x03, 0xC0, 0xD0, 0xE5, 0x05, 0x34, 0x83, 0xE1,
	0x04, 0x38, 0x83, 0xE1, 0x0C, 0x3C, 0x83, 0xE1, 0x04, 0x00, 0x80, 0xE2,
	0x10, 0x30, 0x8E, 0xE5, 0xA4, 0xC1, 0x92, 0xE5, 0x00, 0x00, 0x5C, 0xE3,
	0xEE, 0xFF, 0xFF, 0xBA, 0x30, 0x40, 0xBD, 0xE8, 0x1E, 0xFF, 0x2F, 0xE1,
	0x28, 0xD0, 0x4B, 0xE2, 0xF0, 0x6F, 0x9D, 0xE8, 0x1E, 0xFF, 0x2F, 0xE1,
	0x00, 0x00, 0x00, 0x00
};

TWL_CODE ALIGN(16) unsigned char ttio_dldi[] = {
	0xED, 0xA5, 0x8D, 0xBF, 0x20, 0x43, 0x68, 0x69, 0x73, 0x68, 0x6D, 0x00,
	0x01, 0x0B, 0x08, 0x00, 0x54, 0x54, 0x43, 0x41, 0x52, 0x44, 0x20, 0x49,
	0x4F, 0x20, 0x4C, 0x69, 0x62, 0x72, 0x61, 0x72, 0x79, 0x00, 0x00, 0x00,
	0x00, 0x00, 0xA0, 0xE1, 0x00, 0x00, 0xA0, 0xE1, 0x00, 0x00, 0xA0, 0xE1,
	0x00, 0x00, 0xA0, 0xE1, 0x00, 0x00, 0xA0, 0xE1, 0x00, 0x00, 0xA0, 0xE1,
	0x00, 0x00, 0xA0, 0xE1, 0x00, 0x00, 0x80, 0xBF, 0x2C, 0x06, 0x80, 0xBF,
	0x8C, 0x00, 0x80, 0xBF, 0x8C, 0x00, 0x80, 0xBF, 0x2C, 0x06, 0x80, 0xBF,
	0x2C, 0x06, 0x80, 0xBF, 0x2C, 0x06, 0x80, 0xBF, 0x30, 0x06, 0x80, 0xBF,
	0x54, 0x54, 0x49, 0x4F, 0x23, 0x01, 0x00, 0x00, 0x9D, 0x05, 0x80, 0xBF,
	0xA9, 0x05, 0x80, 0xBF, 0xB1, 0x05, 0x80, 0xBF, 0xBF, 0x05, 0x80, 0xBF,
	0xAD, 0x05, 0x80, 0xBF, 0xCD, 0x05, 0x80, 0xBF, 0x01, 0x00, 0x50, 0xE2,
	0xFD, 0xFF, 0xFF, 0xCA, 0x1E, 0xFF, 0x2F, 0xE1, 0x80, 0x23, 0x03, 0x49,
	0x1B, 0x04, 0x0A, 0x68, 0x1A, 0x42, 0xFC, 0xD0, 0x70, 0x47, 0xC0, 0x46,
	0xA4, 0x01, 0x00, 0x04, 0x06, 0x4A, 0x13, 0x88, 0x06, 0x49, 0x0B, 0x40,
	0x80, 0x21, 0x09, 0x02, 0x0B, 0x43, 0x13, 0x80, 0x80, 0x23, 0x04, 0x4A,
	0x1B, 0x06, 0x03, 0x43, 0x13, 0x60, 0x70, 0x47, 0xA0, 0x01, 0x00, 0x04,
	0xFF, 0x9F, 0xFF, 0xFF, 0xA4, 0x01, 0x00, 0x04, 0x50, 0x22, 0x10, 0xB5,
	0x05, 0x4B, 0x1A, 0x70, 0x05, 0x48, 0xFF, 0xF7, 0xE5, 0xFF, 0xFF, 0xF7,
	0xD9, 0xFF, 0x04, 0x4B, 0x18, 0x68, 0x10, 0xBC, 0x02, 0xBC, 0x08, 0x47,
	0xA8, 0x01, 0x00, 0x04, 0x00, 0x00, 0x18, 0x27, 0x10, 0x00, 0x10, 0x04,
	0x82, 0x22, 0x70, 0xB5, 0x04, 0x00, 0x1A, 0x4B, 0x1A, 0x48, 0x1A, 0x70,
	0xFF, 0xF7, 0xD0, 0xFF, 0x80, 0x21, 0x03, 0x22, 0x23, 0x00, 0x80, 0x25,
	0x89, 0x00, 0x60, 0x18, 0x13, 0x40, 0x16, 0x49, 0x2D, 0x04, 0x14, 0x42,
	0x0B, 0xD1, 0x15, 0x4E, 0x0A, 0x68, 0x2A, 0x42, 0x03, 0xD0, 0xA0, 0x42,
	0x00, 0xD9, 0x08, 0xCC, 0x33, 0x60, 0x0A, 0x68, 0x00, 0x2A, 0xF5, 0xDB,
	0x15, 0xE0, 0x00, 0x23, 0x0E, 0x4E, 0x0A, 0x68, 0x2A, 0x42, 0x0D, 0xD0,
	0x84, 0x42, 0x0A, 0xD2, 0x63, 0x78, 0x22, 0x78, 0x1B, 0x02, 0x13, 0x43,
	0xA2, 0x78, 0x12, 0x04, 0x1A, 0x43, 0xE3, 0x78, 0x1B, 0x06, 0x13, 0x43,
	0x04, 0x34, 0x33, 0x60, 0x0A, 0x68, 0x00, 0x2A, 0xEB, 0xDB, 0x70, 0xBC,
	0x01, 0xBC, 0x00, 0x47, 0xA8, 0x01, 0x00, 0x04, 0x00, 0x00, 0x18, 0x61,
	0xA4, 0x01, 0x00, 0x04, 0x10, 0x00, 0x10, 0x04, 0x01, 0x20, 0x70, 0x47,
	0x01, 0x20, 0x70, 0x47, 0x01, 0x20, 0x70, 0x47, 0x10, 0xB5, 0x14, 0x00,
	0x00, 0xF0, 0x32, 0xFA, 0x02, 0x00, 0xE0, 0x20, 0x0B, 0x00, 0x06, 0x49,
	0xC0, 0x04, 0x0C, 0xC1, 0x20, 0x43, 0xFF, 0xF7, 0x85, 0xFF, 0xFF, 0xF7,
	0x79, 0xFF, 0x03, 0x4B, 0x1B, 0x68, 0x10, 0xBC, 0x01, 0xBC, 0x00, 0x47,
	0xA8, 0x01, 0x00, 0x04, 0x10, 0x00, 0x10, 0x04, 0x52, 0x22, 0x07, 0x4B,
	0x10, 0xB5, 0x07, 0x48, 0x1A, 0x70, 0xFF, 0xF7, 0x73, 0xFF, 0xFF, 0xF7,
	0x67, 0xFF, 0x05, 0x4B, 0x18, 0x68, 0x00, 0xF0, 0x05, 0xFA, 0x10, 0xBC,
	0x02, 0xBC, 0x08, 0x47, 0xA8, 0x01, 0x00, 0x04, 0x00, 0x00, 0x18, 0x27,
	0x10, 0x00, 0x10, 0x04, 0x0B, 0x4B, 0x10, 0xB5, 0x1A, 0x43, 0x04, 0x04,
	0x0B, 0x06, 0x1C, 0x43, 0x80, 0x20, 0x0B, 0x0A, 0xA2, 0x21, 0x40, 0x00,
	0xC9, 0x05, 0x20, 0x43, 0x19, 0x43, 0xFF, 0xF7, 0xC3, 0xFF, 0xFF, 0xF7,
	0x67, 0xFF, 0x00, 0x28, 0xFB, 0xD1, 0xFF, 0xF7, 0xD5, 0xFF, 0x10, 0xBC,
	0x02, 0xBC, 0x08, 0x47, 0x00, 0x00, 0x18, 0x27, 0xF8, 0xB5, 0x2D, 0x4B,
	0x7B, 0x44, 0x1B, 0x68, 0x0D, 0x00, 0x14, 0x00, 0x00, 0x2B, 0x00, 0xD1,
	0x40, 0x02, 0xA8, 0x21, 0x03, 0x0A, 0xC9, 0x05, 0x28, 0x4A, 0x00, 0x06,
	0x19, 0x43, 0xFF, 0xF7, 0xA7, 0xFF, 0x27, 0x4E, 0x80, 0x23, 0x27, 0x4F,
	0x33, 0x70, 0x24, 0x48, 0xFF, 0xF7, 0x32, 0xFF, 0xFF, 0xF7, 0x26, 0xFF,
	0x3B, 0x68, 0x00, 0x2B, 0xF4, 0xD1, 0x81, 0x33, 0x33, 0x70, 0x22, 0x48,
	0xFF, 0xF7, 0x28, 0xFF, 0x80, 0x23, 0x80, 0x21, 0x9B, 0x00, 0x20, 0x4A,
	0xE6, 0x18, 0x09, 0x04, 0xA3, 0x07, 0x1C, 0xD0, 0x13, 0x68, 0x0B, 0x42,
	0x0A, 0xD0, 0x3B, 0x68, 0xA6, 0x42, 0x07, 0xD9, 0x18, 0x0A, 0x23, 0x70,
	0x60, 0x70, 0x18, 0x0C, 0x1B, 0x0E, 0xA0, 0x70, 0xE3, 0x70, 0x04, 0x34,
	0x13, 0x68, 0x00, 0x2B, 0xEE, 0xDB, 0x01, 0x3D, 0x00, 0x2D, 0x13, 0xD1,
	0x2A, 0x00, 0x29, 0x00, 0x0C, 0x20, 0xFF, 0xF7, 0xA3, 0xFF, 0x01, 0x20,
	0xF8, 0xBC, 0x02, 0xBC, 0x08, 0x47, 0x13, 0x68, 0x0B, 0x42, 0x03, 0xD0,
	0x3B, 0x68, 0xA6, 0x42, 0x00, 0xD9, 0x08, 0xC4, 0x13, 0x68, 0x00, 0x2B,
	0xF5, 0xDB, 0xE8, 0xE7, 0xE0, 0x20, 0xA2, 0x21, 0x04, 0x4A, 0xC0, 0x00,
	0xC9, 0x05, 0xFF, 0xF7, 0x5F, 0xFF, 0x34, 0x00, 0xB5, 0xE7, 0xC0, 0x46,
	0x18, 0x04, 0x00, 0x00, 0x00, 0x00, 0x18, 0x27, 0xA8, 0x01, 0x00, 0x04,
	0x10, 0x00, 0x10, 0x04, 0x00, 0x00, 0x18, 0x21, 0xA4, 0x01, 0x00, 0x04,
	0xF8, 0xB5, 0x2F, 0x4B, 0x7B, 0x44, 0x0C, 0x00, 0x15, 0x00, 0x1B, 0x68,
	0x01, 0x29, 0x20, 0xD1, 0x00, 0x2B, 0x00, 0xD1, 0x40, 0x02, 0x01, 0x00,
	0x00, 0x22, 0x18, 0x20, 0xFF, 0xF7, 0x6E, 0xFF, 0x28, 0x00, 0xFF, 0xF7,
	0xF7, 0xFE, 0xFF, 0xF7, 0xE1, 0xFE, 0x00, 0x28, 0xFB, 0xD1, 0x56, 0x22,
	0x24, 0x4B, 0x25, 0x48, 0x1A, 0x70, 0xFF, 0xF7, 0xC5, 0xFE, 0xFF, 0xF7,
	0xB9, 0xFE, 0x23, 0x4B, 0x1B, 0x68, 0xFF, 0xF7, 0xD3, 0xFE, 0x00, 0x28,
	0xFB, 0xD1, 0x01, 0x20, 0xF8, 0xBC, 0x02, 0xBC, 0x08, 0x47, 0x00, 0x2B,
	0x00, 0xD1, 0x40, 0x02, 0x01, 0x00, 0x00, 0x22, 0x19, 0x20, 0xFF, 0xF7,
	0x4D, 0xFF, 0x18, 0x4F, 0x19, 0x4E, 0x00, 0x2C, 0x11, 0xD1, 0x22, 0x00,
	0x21, 0x00, 0x0C, 0x20, 0xFF, 0xF7, 0x44, 0xFF, 0x56, 0x23, 0x14, 0x48,
	0x3B, 0x70, 0xFF, 0xF7, 0xA3, 0xFE, 0xFF, 0xF7, 0x97, 0xFE, 0x33, 0x68,
	0xFF, 0xF7, 0xB2, 0xFE, 0x00, 0x28, 0xFB, 0xD1, 0xDD, 0xE7, 0x56, 0x23,
	0x0D, 0x48, 0x3B, 0x70, 0xFF, 0xF7, 0x96, 0xFE, 0xFF, 0xF7, 0x8A, 0xFE,
	0x33, 0x68, 0x01, 0x3C, 0xFF, 0xF7, 0xA4, 0xFE, 0x00, 0x28, 0xFB, 0xD1,
	0x28, 0x00, 0xFF, 0xF7, 0xB3, 0xFE, 0xFF, 0xF7, 0x9D, 0xFE, 0x00, 0x28,
	0xFB, 0xD1, 0x80, 0x23, 0x9B, 0x00, 0xED, 0x18, 0xD1, 0xE7, 0xC0, 0x46,
	0x48, 0x03, 0x00, 0x00, 0xA8, 0x01, 0x00, 0x04, 0x00, 0x00, 0x18, 0x27,
	0x10, 0x00, 0x10, 0x04, 0x30, 0x23, 0xBE, 0x21, 0x03, 0x43, 0x1B, 0x04,
	0xC9, 0x05, 0x10, 0xB5, 0x00, 0x20, 0x05, 0x4A, 0x19, 0x43, 0xFF, 0xF7,
	0xDD, 0xFE, 0xC0, 0x20, 0x80, 0x00, 0x00, 0xF0, 0x27, 0xF9, 0x10, 0xBC,
	0x01, 0xBC, 0x00, 0x47, 0x00, 0x00, 0x18, 0x27, 0xCC, 0x21, 0x70, 0xB5,
	0x00, 0x24, 0x62, 0x4B, 0x62, 0x4A, 0x7B, 0x44, 0xC9, 0x05, 0x00, 0x20,
	0x1C, 0x60, 0xFF, 0xF7, 0xC9, 0xFE, 0x20, 0x00, 0xFF, 0xF7, 0xDE, 0xFF,
	0x07, 0x20, 0xFF, 0xF7, 0xDB, 0xFF, 0x80, 0x20, 0xA2, 0x21, 0x5C, 0x4A,
	0xC9, 0x05, 0xC0, 0x00, 0xFF, 0xF7, 0xBC, 0xFE, 0x80, 0x20, 0x40, 0x01,
	0x00, 0xF0, 0x06, 0xF9, 0xA2, 0x21, 0x00, 0x20, 0x56, 0x4A, 0xC9, 0x05,
	0xFF, 0xF7, 0xB2, 0xFE, 0xFF, 0xF7, 0x56, 0xFE, 0x00, 0x28, 0xFB, 0xD1,
	0xA0, 0x20, 0xA2, 0x21, 0x51, 0x4A, 0xC0, 0x00, 0xC9, 0x05, 0xFF, 0xF7,
	0xA7, 0xFE, 0x4F, 0x4A, 0x4F, 0x48, 0x50, 0x49, 0xFF, 0xF7, 0xA2, 0xFE,
	0x4F, 0x4C, 0xFF, 0xF7, 0x45, 0xFE, 0x00, 0x28, 0x76, 0xD1, 0xFF, 0xF7,
	0xB3, 0xFE, 0xAB, 0x38, 0xFF, 0x38, 0x00, 0x28, 0x7A, 0xD1, 0x4B, 0x4D,
	0xA2, 0x21, 0x46, 0x4A, 0x4A, 0x48, 0xC9, 0x05, 0xFF, 0xF7, 0x90, 0xFE,
	0x46, 0x4C, 0xFF, 0xF7, 0x33, 0xFE, 0x00, 0x28, 0x71, 0xD1, 0xFF, 0xF7,
	0xA1, 0xFE, 0x80, 0x22, 0x29, 0x00, 0x29, 0x20, 0x52, 0x01, 0xFF, 0xF7,
	0xB1, 0xFE, 0x00, 0x28, 0xEA, 0xDA, 0xA2, 0x21, 0x41, 0x4B, 0x40, 0x00,
	0xC0, 0x0F, 0x7B, 0x44, 0x18, 0x60, 0x39, 0x4A, 0x3F, 0x48, 0xC9, 0x05,
	0xFF, 0xF7, 0x76, 0xFE, 0xFF, 0xF7, 0x1A, 0xFE, 0x00, 0x28, 0xFB, 0xD1,
	0xFF, 0xF7, 0x88, 0xFE, 0x04, 0x24, 0xA2, 0x21, 0x32, 0x4A, 0x3A, 0x48,
	0xC9, 0x05, 0xFF, 0xF7, 0x69, 0xFE, 0xFF, 0xF7, 0x0D, 0xFE, 0x00, 0x28,
	0xFB, 0xD1, 0x01, 0x3C, 0xFF, 0xF7, 0x7A, 0xFE, 0x00, 0x2C, 0xF0, 0xD1,
	0xA2, 0x21, 0x34, 0x4A, 0x34, 0x48, 0xC9, 0x05, 0xFF, 0xF7, 0x5A, 0xFE,
	0xFF, 0xF7, 0xFE, 0xFD, 0x05, 0x1E, 0xFB, 0xD1, 0x80, 0x22, 0x01, 0x00,
	0x52, 0x01, 0x03, 0x20, 0xFF, 0xF7, 0x7E, 0xFE, 0x80, 0x22, 0x04, 0x0C,
	0x52, 0x01, 0x21, 0x04, 0x07, 0x20, 0xFF, 0xF7, 0x77, 0xFE, 0x80, 0x22,
	0x21, 0x04, 0x52, 0x01, 0x37, 0x20, 0xFF, 0xF7, 0x71, 0xFE, 0x80, 0x22,
	0x02, 0x21, 0x52, 0x01, 0x06, 0x20, 0xFF, 0xF7, 0x6B, 0xFE, 0x80, 0x22,
	0x80, 0x21, 0x52, 0x01, 0x89, 0x00, 0x10, 0x20, 0xFF, 0xF7, 0x64, 0xFE,
	0x28, 0x00, 0xFF, 0xF7, 0x4B, 0xFF, 0x05, 0x20, 0xFF, 0xF7, 0x48, 0xFF,
	0x1E, 0x4B, 0x7B, 0x44, 0x1B, 0x68, 0xAB, 0x42, 0x02, 0xD0, 0x0D, 0x20,
	0xFF, 0xF7, 0x40, 0xFF, 0x01, 0x20, 0x16, 0xE0, 0x01, 0x3C, 0x00, 0x2C,
	0x00, 0xD0, 0x80, 0xE7, 0x20, 0x00, 0xFF, 0xF7, 0x37, 0xFF, 0x07, 0x20,
	0xFF, 0xF7, 0x34, 0xFF, 0xFC, 0x25, 0x2D, 0x04, 0x82, 0xE7, 0x01, 0x3C,
	0x00, 0x2C, 0x86, 0xD1, 0x20, 0x00, 0xFF, 0xF7, 0x2B, 0xFF, 0x07, 0x20,
	0xFF, 0xF7, 0x28, 0xFF, 0x20, 0x00, 0x70, 0xBC, 0x02, 0xBC, 0x08, 0x47,
	0x4A, 0x02, 0x00, 0x00, 0x00, 0x60, 0x58, 0xA7, 0x00, 0x10, 0x18, 0x27,
	0x00, 0x01, 0x08, 0xAA, 0x01, 0x00, 0x00, 0x51, 0x0F, 0x27, 0x00, 0x00,
	0x00, 0x00, 0xFC, 0x40, 0x00, 0x01, 0x37, 0x00, 0xA6, 0x01, 0x00, 0x00,
	0x00, 0x02, 0x02, 0x00, 0x00, 0x03, 0x02, 0x00, 0x00, 0x00, 0x18, 0x27,
	0x00, 0x05, 0x02, 0x00, 0x0A, 0x01, 0x00, 0x00, 0x10, 0xB5, 0xFF, 0xF7,
	0x19, 0xFF, 0x10, 0xBC, 0x02, 0xBC, 0x08, 0x47, 0x01, 0x20, 0x70, 0x47,
	0x01, 0x20, 0x70, 0x47, 0x10, 0xB5, 0xFF, 0xF7, 0x2B, 0xFE, 0x01, 0x20,
	0x10, 0xBC, 0x02, 0xBC, 0x08, 0x47, 0x10, 0xB5, 0xFF, 0xF7, 0x8C, 0xFE,
	0x01, 0x20, 0x10, 0xBC, 0x02, 0xBC, 0x08, 0x47, 0x01, 0x20, 0x70, 0x47,
	0x10, 0x21, 0x02, 0x06, 0x03, 0x0E, 0xC8, 0x41, 0x13, 0x43, 0x02, 0x06,
	0x00, 0x0E, 0x10, 0x43, 0xC8, 0x41, 0x18, 0x43, 0x70, 0x47, 0xC0, 0x46,
	0x10, 0x22, 0x10, 0xB5, 0x03, 0x0E, 0x04, 0x06, 0xD0, 0x41, 0x23, 0x43,
	0x04, 0x06, 0x00, 0x0E, 0x20, 0x43, 0xD0, 0x41, 0x0C, 0x06, 0x03, 0x43,
	0x08, 0x0E, 0xD1, 0x41, 0x20, 0x43, 0x0C, 0x06, 0x09, 0x0E, 0x21, 0x43,
	0xD1, 0x41, 0x08, 0x43, 0x19, 0x00, 0x10, 0xBC, 0x04, 0xBC, 0x10, 0x47,
	0x78, 0x47, 0xFD, 0xE7, 0x97, 0xFE, 0xFF, 0xEA, 0xF8, 0xBC, 0x08, 0xBC,
	0x9E, 0x46, 0x70, 0x47, 0x00, 0x00, 0x00, 0x00
};

TWL_CODE ALIGN(16) unsigned char scds_dldi[] = {
	0xED, 0xA5, 0x8D, 0xBF, 0x20, 0x43, 0x68, 0x69, 0x73, 0x68, 0x6D, 0x00,
	0x01, 0x0B, 0x08, 0x00, 0x44, 0x53, 0x4F, 0x4E, 0x45, 0x20, 0x28, 0x53,
	0x6C, 0x6F, 0x74, 0x2D, 0x31, 0x29, 0x00, 0x00, 0x00, 0x00, 0xA0, 0xE1,
	0x00, 0x00, 0xA0, 0xE1, 0x00, 0x00, 0xA0, 0xE1, 0x00, 0x00, 0xA0, 0xE1,
	0x00, 0x00, 0xA0, 0xE1, 0x00, 0x00, 0xA0, 0xE1, 0x00, 0x00, 0xA0, 0xE1,
	0x00, 0x00, 0xA0, 0xE1, 0x00, 0x00, 0x80, 0xBF, 0x7C, 0x06, 0x80, 0xBF,
	0x8C, 0x00, 0x80, 0xBF, 0x8C, 0x00, 0x80, 0xBF, 0x7C, 0x06, 0x80, 0xBF,
	0x7C, 0x06, 0x80, 0xBF, 0x7C, 0x06, 0x80, 0xBF, 0x80, 0x06, 0x80, 0xBF,
	0x53, 0x43, 0x44, 0x53, 0x23, 0x01, 0x00, 0x00, 0xED, 0x05, 0x80, 0xBF,
	0xF9, 0x05, 0x80, 0xBF, 0x01, 0x06, 0x80, 0xBF, 0x0F, 0x06, 0x80, 0xBF,
	0xFD, 0x05, 0x80, 0xBF, 0x1D, 0x06, 0x80, 0xBF, 0x01, 0x00, 0x50, 0xE2,
	0xFD, 0xFF, 0xFF, 0xCA, 0x1E, 0xFF, 0x2F, 0xE1, 0x80, 0x23, 0x03, 0x49,
	0x1B, 0x04, 0x0A, 0x68, 0x1A, 0x42, 0xFC, 0xD0, 0x70, 0x47, 0xC0, 0x46,
	0xA4, 0x01, 0x00, 0x04, 0x06, 0x4A, 0x13, 0x88, 0x06, 0x49, 0x0B, 0x40,
	0x80, 0x21, 0x09, 0x02, 0x0B, 0x43, 0x13, 0x80, 0x80, 0x23, 0x04, 0x4A,
	0x1B, 0x06, 0x03, 0x43, 0x13, 0x60, 0x70, 0x47, 0xA0, 0x01, 0x00, 0x04,
	0xFF, 0x9F, 0xFF, 0xFF, 0xA4, 0x01, 0x00, 0x04, 0x50, 0x22, 0x10, 0xB5,
	0x05, 0x4B, 0x1A, 0x70, 0x05, 0x48, 0xFF, 0xF7, 0xE5, 0xFF, 0xFF, 0xF7,
	0xD9, 0xFF, 0x04, 0x4B, 0x18, 0x68, 0x10, 0xBC, 0x02, 0xBC, 0x08, 0x47,
	0xA8, 0x01, 0x00, 0x04, 0x00, 0x00, 0x18, 0x27, 0x10, 0x00, 0x10, 0x04,
	0x81, 0x22, 0x17, 0x4B, 0x70, 0xB5, 0x1A, 0x70, 0x04, 0x00, 0x16, 0x48,
	0xFF, 0xF7, 0xD0, 0xFF, 0x80, 0x23, 0x80, 0x20, 0x9B, 0x00, 0x14, 0x4A,
	0x14, 0x4D, 0xE1, 0x18, 0x00, 0x04, 0xA3, 0x07, 0x13, 0xD0, 0x13, 0x68,
	0x03, 0x42, 0x0A, 0xD0, 0x2B, 0x68, 0x8C, 0x42, 0x07, 0xD2, 0x1E, 0x0A,
	0x23, 0x70, 0x66, 0x70, 0x1E, 0x0C, 0x1B, 0x0E, 0xA6, 0x70, 0xE3, 0x70,
	0x04, 0x34, 0x13, 0x68, 0x00, 0x2B, 0xEE, 0xDB, 0x70, 0xBC, 0x01, 0xBC,
	0x00, 0x47, 0x13, 0x68, 0x03, 0x42, 0x03, 0xD0, 0x2B, 0x68, 0x8C, 0x42,
	0x00, 0xD2, 0x08, 0xC4, 0x13, 0x68, 0x00, 0x2B, 0xF5, 0xDB, 0xF1, 0xE7,
	0xA8, 0x01, 0x00, 0x04, 0x00, 0x00, 0x18, 0x21, 0xA4, 0x01, 0x00, 0x04,
	0x10, 0x00, 0x10, 0x04, 0x82, 0x22, 0x70, 0xB5, 0x04, 0x00, 0x1A, 0x4B,
	0x1A, 0x48, 0x1A, 0x70, 0xFF, 0xF7, 0x98, 0xFF, 0x80, 0x21, 0x03, 0x22,
	0x23, 0x00, 0x80, 0x25, 0x89, 0x00, 0x60, 0x18, 0x13, 0x40, 0x16, 0x49,
	0x2D, 0x04, 0x14, 0x42, 0x0B, 0xD1, 0x15, 0x4E, 0x0A, 0x68, 0x2A, 0x42,
	0x03, 0xD0, 0xA0, 0x42, 0x00, 0xD9, 0x08, 0xCC, 0x33, 0x60, 0x0A, 0x68,
	0x00, 0x2A, 0xF5, 0xDB, 0x15, 0xE0, 0x00, 0x23, 0x0E, 0x4E, 0x0A, 0x68,
	0x2A, 0x42, 0x0D, 0xD0, 0x84, 0x42, 0x0A, 0xD2, 0x63, 0x78, 0x22, 0x78,
	0x1B, 0x02, 0x13, 0x43, 0xA2, 0x78, 0x12, 0x04, 0x1A, 0x43, 0xE3, 0x78,
	0x1B, 0x06, 0x13, 0x43, 0x04, 0x34, 0x33, 0x60, 0x0A, 0x68, 0x00, 0x2A,
	0xEB, 0xDB, 0x70, 0xBC, 0x01, 0xBC, 0x00, 0x47, 0xA8, 0x01, 0x00, 0x04,
	0x00, 0x00, 0x18, 0x61, 0xA4, 0x01, 0x00, 0x04, 0x10, 0x00, 0x10, 0x04,
	0x01, 0x20, 0x70, 0x47, 0x01, 0x20, 0x70, 0x47, 0x01, 0x20, 0x70, 0x47,
	0x52, 0x22, 0x07, 0x4B, 0x10, 0xB5, 0x07, 0x48, 0x1A, 0x70, 0xFF, 0xF7,
	0x53, 0xFF, 0xFF, 0xF7, 0x47, 0xFF, 0x05, 0x4B, 0x18, 0x68, 0x00, 0xF0,
	0x0D, 0xFA, 0x10, 0xBC, 0x02, 0xBC, 0x08, 0x47, 0xA8, 0x01, 0x00, 0x04,
	0x00, 0x00, 0x18, 0x27, 0x10, 0x00, 0x10, 0x04, 0x10, 0xB5, 0x14, 0x00,
	0x00, 0xF0, 0x0C, 0xFA, 0x02, 0x00, 0xE0, 0x20, 0x0B, 0x00, 0x06, 0x49,
	0xC0, 0x04, 0x0C, 0xC1, 0x20, 0x43, 0xFF, 0xF7, 0x37, 0xFF, 0xFF, 0xF7,
	0x2B, 0xFF, 0x03, 0x4B, 0x1B, 0x68, 0x10, 0xBC, 0x01, 0xBC, 0x00, 0x47,
	0xA8, 0x01, 0x00, 0x04, 0x10, 0x00, 0x10, 0x04, 0x0B, 0x4B, 0x10, 0xB5,
	0x1A, 0x43, 0x04, 0x04, 0x0B, 0x06, 0x1C, 0x43, 0x80, 0x20, 0x0B, 0x0A,
	0xA2, 0x21, 0x40, 0x00, 0xC9, 0x05, 0x20, 0x43, 0x19, 0x43, 0xFF, 0xF7,
	0xD9, 0xFF, 0xFF, 0xF7, 0x2F, 0xFF, 0x00, 0x28, 0xFB, 0xD1, 0xFF, 0xF7,
	0xBD, 0xFF, 0x10, 0xBC, 0x02, 0xBC, 0x08, 0x47, 0x00, 0x00, 0x18, 0x27,
	0xF8, 0xB5, 0x2F, 0x4B, 0x7B, 0x44, 0x0C, 0x00, 0x15, 0x00, 0x1B, 0x68,
	0x01, 0x29, 0x20, 0xD1, 0x00, 0x2B, 0x00, 0xD1, 0x40, 0x02, 0x01, 0x00,
	0x00, 0x22, 0x18, 0x20, 0xFF, 0xF7, 0xD6, 0xFF, 0x28, 0x00, 0xFF, 0xF7,
	0x5F, 0xFF, 0xFF, 0xF7, 0x11, 0xFF, 0x00, 0x28, 0xFB, 0xD1, 0x56, 0x22,
	0x24, 0x4B, 0x25, 0x48, 0x1A, 0x70, 0xFF, 0xF7, 0xF5, 0xFE, 0xFF, 0xF7,
	0xE9, 0xFE, 0x23, 0x4B, 0x1B, 0x68, 0xFF, 0xF7, 0x03, 0xFF, 0x00, 0x28,
	0xFB, 0xD1, 0x01, 0x20, 0xF8, 0xBC, 0x02, 0xBC, 0x08, 0x47, 0x00, 0x2B,
	0x00, 0xD1, 0x40, 0x02, 0x01, 0x00, 0x00, 0x22, 0x19, 0x20, 0xFF, 0xF7,
	0xB5, 0xFF, 0x18, 0x4F, 0x19, 0x4E, 0x00, 0x2C, 0x11, 0xD1, 0x22, 0x00,
	0x21, 0x00, 0x0C, 0x20, 0xFF, 0xF7, 0xAC, 0xFF, 0x56, 0x23, 0x14, 0x48,
	0x3B, 0x70, 0xFF, 0xF7, 0xD3, 0xFE, 0xFF, 0xF7, 0xC7, 0xFE, 0x33, 0x68,
	0xFF, 0xF7, 0xE2, 0xFE, 0x00, 0x28, 0xFB, 0xD1, 0xDD, 0xE7, 0x56, 0x23,
	0x0D, 0x48, 0x3B, 0x70, 0xFF, 0xF7, 0xC6, 0xFE, 0xFF, 0xF7, 0xBA, 0xFE,
	0x33, 0x68, 0x01, 0x3C, 0xFF, 0xF7, 0xD4, 0xFE, 0x00, 0x28, 0xFB, 0xD1,
	0x28, 0x00, 0xFF, 0xF7, 0x1B, 0xFF, 0xFF, 0xF7, 0xCD, 0xFE, 0x00, 0x28,
	0xFB, 0xD1, 0x80, 0x23, 0x9B, 0x00, 0xED, 0x18, 0xD1, 0xE7, 0xC0, 0x46,
	0xF8, 0x03, 0x00, 0x00, 0xA8, 0x01, 0x00, 0x04, 0x00, 0x00, 0x18, 0x27,
	0x10, 0x00, 0x10, 0x04, 0x30, 0x23, 0xBE, 0x21, 0x03, 0x43, 0x1B, 0x04,
	0xC9, 0x05, 0x10, 0xB5, 0x00, 0x20, 0x05, 0x4A, 0x19, 0x43, 0xFF, 0xF7,
	0x5B, 0xFF, 0xC0, 0x20, 0x80, 0x00, 0x00, 0xF0, 0x7F, 0xF9, 0x10, 0xBC,
	0x01, 0xBC, 0x00, 0x47, 0x00, 0x00, 0x18, 0x27, 0xCC, 0x21, 0x70, 0xB5,
	0x00, 0x24, 0x62, 0x4B, 0x62, 0x4A, 0x7B, 0x44, 0xC9, 0x05, 0x00, 0x20,
	0x1C, 0x60, 0xFF, 0xF7, 0x47, 0xFF, 0x20, 0x00, 0xFF, 0xF7, 0xDE, 0xFF,
	0x07, 0x20, 0xFF, 0xF7, 0xDB, 0xFF, 0x80, 0x20, 0xA2, 0x21, 0x5C, 0x4A,
	0xC9, 0x05, 0xC0, 0x00, 0xFF, 0xF7, 0x3A, 0xFF, 0x80, 0x20, 0x40, 0x01,
	0x00, 0xF0, 0x5E, 0xF9, 0xA2, 0x21, 0x00, 0x20, 0x56, 0x4A, 0xC9, 0x05,
	0xFF, 0xF7, 0x30, 0xFF, 0xFF, 0xF7, 0x86, 0xFE, 0x00, 0x28, 0xFB, 0xD1,
	0xA0, 0x20, 0xA2, 0x21, 0x51, 0x4A, 0xC0, 0x00, 0xC9, 0x05, 0xFF, 0xF7,
	0x25, 0xFF, 0x4F, 0x4A, 0x4F, 0x48, 0x50, 0x49, 0xFF, 0xF7, 0x20, 0xFF,
	0x4F, 0x4C, 0xFF, 0xF7, 0x75, 0xFE, 0x00, 0x28, 0x76, 0xD1, 0xFF, 0xF7,
	0x03, 0xFF, 0xAB, 0x38, 0xFF, 0x38, 0x00, 0x28, 0x7A, 0xD1, 0x4B, 0x4D,
	0xA2, 0x21, 0x46, 0x4A, 0x4A, 0x48, 0xC9, 0x05, 0xFF, 0xF7, 0x0E, 0xFF,
	0x46, 0x4C, 0xFF, 0xF7, 0x63, 0xFE, 0x00, 0x28, 0x71, 0xD1, 0xFF, 0xF7,
	0xF1, 0xFE, 0x80, 0x22, 0x29, 0x00, 0x29, 0x20, 0x52, 0x01, 0xFF, 0xF7,
	0x19, 0xFF, 0x00, 0x28, 0xEA, 0xDA, 0xA2, 0x21, 0x41, 0x4B, 0x40, 0x00,
	0xC0, 0x0F, 0x7B, 0x44, 0x18, 0x60, 0x39, 0x4A, 0x3F, 0x48, 0xC9, 0x05,
	0xFF, 0xF7, 0xF4, 0xFE, 0xFF, 0xF7, 0x4A, 0xFE, 0x00, 0x28, 0xFB, 0xD1,
	0xFF, 0xF7, 0xD8, 0xFE, 0x04, 0x24, 0xA2, 0x21, 0x32, 0x4A, 0x3A, 0x48,
	0xC9, 0x05, 0xFF, 0xF7, 0xE7, 0xFE, 0xFF, 0xF7, 0x3D, 0xFE, 0x00, 0x28,
	0xFB, 0xD1, 0x01, 0x3C, 0xFF, 0xF7, 0xCA, 0xFE, 0x00, 0x2C, 0xF0, 0xD1,
	0xA2, 0x21, 0x34, 0x4A, 0x34, 0x48, 0xC9, 0x05, 0xFF, 0xF7, 0xD8, 0xFE,
	0xFF, 0xF7, 0x2E, 0xFE, 0x05, 0x1E, 0xFB, 0xD1, 0x80, 0x22, 0x01, 0x00,
	0x52, 0x01, 0x03, 0x20, 0xFF, 0xF7, 0xE6, 0xFE, 0x80, 0x22, 0x04, 0x0C,
	0x52, 0x01, 0x21, 0x04, 0x07, 0x20, 0xFF, 0xF7, 0xDF, 0xFE, 0x80, 0x22,
	0x21, 0x04, 0x52, 0x01, 0x37, 0x20, 0xFF, 0xF7, 0xD9, 0xFE, 0x80, 0x22,
	0x02, 0x21, 0x52, 0x01, 0x06, 0x20, 0xFF, 0xF7, 0xD3, 0xFE, 0x80, 0x22,
	0x80, 0x21, 0x52, 0x01, 0x89, 0x00, 0x10, 0x20, 0xFF, 0xF7, 0xCC, 0xFE,
	0x28, 0x00, 0xFF, 0xF7, 0x4B, 0xFF, 0x05, 0x20, 0xFF, 0xF7, 0x48, 0xFF,
	0x1E, 0x4B, 0x7B, 0x44, 0x1B, 0x68, 0xAB, 0x42, 0x02, 0xD0, 0x0D, 0x20,
	0xFF, 0xF7, 0x40, 0xFF, 0x01, 0x20, 0x16, 0xE0, 0x01, 0x3C, 0x00, 0x2C,
	0x00, 0xD0, 0x80, 0xE7, 0x20, 0x00, 0xFF, 0xF7, 0x37, 0xFF, 0x07, 0x20,
	0xFF, 0xF7, 0x34, 0xFF, 0xFC, 0x25, 0x2D, 0x04, 0x82, 0xE7, 0x01, 0x3C,
	0x00, 0x2C, 0x86, 0xD1, 0x20, 0x00, 0xFF, 0xF7, 0x2B, 0xFF, 0x07, 0x20,
	0xFF, 0xF7, 0x28, 0xFF, 0x20, 0x00, 0x70, 0xBC, 0x02, 0xBC, 0x08, 0x47,
	0xFA, 0x02, 0x00, 0x00, 0x00, 0x60, 0x58, 0xA7, 0x00, 0x10, 0x18, 0x27,
	0x00, 0x01, 0x08, 0xAA, 0x01, 0x00, 0x00, 0x51, 0x0F, 0x27, 0x00, 0x00,
	0x00, 0x00, 0xFC, 0x40, 0x00, 0x01, 0x37, 0x00, 0x56, 0x02, 0x00, 0x00,
	0x00, 0x02, 0x02, 0x00, 0x00, 0x03, 0x02, 0x00, 0x00, 0x00, 0x18, 0x27,
	0x00, 0x05, 0x02, 0x00, 0xBA, 0x01, 0x00, 0x00, 0xF8, 0xB5, 0x27, 0x4B,
	0x7B, 0x44, 0x0C, 0x00, 0x15, 0x00, 0x1B, 0x68, 0x25, 0x4E, 0x26, 0x4F,
	0x01, 0x29, 0x1B, 0xD1, 0x00, 0x2B, 0x00, 0xD1, 0x40, 0x02, 0xA6, 0x21,
	0x03, 0x0A, 0xC9, 0x05, 0x22, 0x4A, 0x00, 0x06, 0x19, 0x43, 0xFF, 0xF7,
	0x59, 0xFE, 0x80, 0x24, 0x1F, 0x48, 0x34, 0x70, 0xFF, 0xF7, 0x98, 0xFD,
	0xFF, 0xF7, 0x8C, 0xFD, 0x3B, 0x68, 0x00, 0x2B, 0xF6, 0xD1, 0x28, 0x00,
	0xFF, 0xF7, 0xB8, 0xFD, 0x01, 0x20, 0xF8, 0xBC, 0x02, 0xBC, 0x08, 0x47,
	0x00, 0x2B, 0x00, 0xD1, 0x40, 0x02, 0xA8, 0x21, 0x03, 0x0A, 0xC9, 0x05,
	0x14, 0x4A, 0x00, 0x06, 0x19, 0x43, 0xFF, 0xF7, 0x3D, 0xFE, 0x80, 0x23,
	0x11, 0x48, 0x33, 0x70, 0xFF, 0xF7, 0x7C, 0xFD, 0xFF, 0xF7, 0x70, 0xFD,
	0x3B, 0x68, 0x00, 0x2B, 0xF5, 0xD1, 0x28, 0x00, 0x01, 0x3C, 0xFF, 0xF7,
	0x9B, 0xFD, 0x00, 0x2C, 0x08, 0xD0, 0x80, 0x23, 0xE0, 0x20, 0xA2, 0x21,
	0x9B, 0x00, 0x08, 0x4A, 0xED, 0x18, 0xC0, 0x00, 0xC9, 0x05, 0xE4, 0xE7,
	0x22, 0x00, 0x21, 0x00, 0x0C, 0x20, 0xFF, 0xF7, 0x37, 0xFE, 0xD1, 0xE7,
	0x38, 0x01, 0x00, 0x00, 0xA8, 0x01, 0x00, 0x04, 0x10, 0x00, 0x10, 0x04,
	0x00, 0x00, 0x18, 0x27, 0x10, 0xB5, 0xFF, 0xF7, 0xC1, 0xFE, 0x10, 0xBC,
	0x02, 0xBC, 0x08, 0x47, 0x01, 0x20, 0x70, 0x47, 0x01, 0x20, 0x70, 0x47,
	0x10, 0xB5, 0xFF, 0xF7, 0x9B, 0xFF, 0x01, 0x20, 0x10, 0xBC, 0x02, 0xBC,
	0x08, 0x47, 0x10, 0xB5, 0xFF, 0xF7, 0x34, 0xFE, 0x01, 0x20, 0x10, 0xBC,
	0x02, 0xBC, 0x08, 0x47, 0x01, 0x20, 0x70, 0x47, 0x10, 0x21, 0x02, 0x06,
	0x03, 0x0E, 0xC8, 0x41, 0x13, 0x43, 0x02, 0x06, 0x00, 0x0E, 0x10, 0x43,
	0xC8, 0x41, 0x18, 0x43, 0x70, 0x47, 0xC0, 0x46, 0x10, 0x22, 0x10, 0xB5,
	0x03, 0x0E, 0x04, 0x06, 0xD0, 0x41, 0x23, 0x43, 0x04, 0x06, 0x00, 0x0E,
	0x20, 0x43, 0xD0, 0x41, 0x0C, 0x06, 0x03, 0x43, 0x08, 0x0E, 0xD1, 0x41,
	0x20, 0x43, 0x0C, 0x06, 0x09, 0x0E, 0x21, 0x43, 0xD1, 0x41, 0x08, 0x43,
	0x19, 0x00, 0x10, 0xBC, 0x04, 0xBC, 0x10, 0x47, 0x78, 0x47, 0xFD, 0xE7,
	0x83, 0xFE, 0xFF, 0xEA, 0xF8, 0xBC, 0x08, 0xBC, 0x9E, 0x46, 0x70, 0x47,
	0x00, 0x00, 0x00, 0x00
};

TWL_CODE ALIGN(16) unsigned char r4tf_dldi[] = {
	0xED, 0xA5, 0x8D, 0xBF, 0x20, 0x43, 0x68, 0x69, 0x73, 0x68, 0x6D, 0x00,
	0x01, 0x0C, 0x0E, 0x00, 0x52, 0x34, 0x28, 0x44, 0x53, 0x29, 0x20, 0x2D,
	0x20, 0x52, 0x65, 0x76, 0x6F, 0x6C, 0x75, 0x74, 0x69, 0x6F, 0x6E, 0x20,
	0x66, 0x6F, 0x72, 0x20, 0x44, 0x53, 0x20, 0x28, 0x76, 0x33, 0x29, 0x00,
	0x00, 0x00, 0xA0, 0xE1, 0x00, 0x00, 0xA0, 0xE1, 0x00, 0x00, 0xA0, 0xE1,
	0x00, 0x00, 0xA0, 0xE1, 0x00, 0x00, 0x80, 0xBF, 0x5C, 0x04, 0x80, 0xBF,
	0x80, 0x00, 0x80, 0xBF, 0x80, 0x00, 0x80, 0xBF, 0x5C, 0x04, 0x80, 0xBF,
	0x5C, 0x04, 0x80, 0xBF, 0x5C, 0x04, 0x80, 0xBF, 0x5C, 0x04, 0x80, 0xBF,
	0x52, 0x34, 0x54, 0x46, 0x23, 0x00, 0x00, 0x00, 0x80, 0x00, 0x80, 0xBF,
	0xA8, 0x00, 0x80, 0xBF, 0xD0, 0x00, 0x80, 0xBF, 0x10, 0x01, 0x80, 0xBF,
	0x50, 0x01, 0x80, 0xBF, 0x58, 0x01, 0x80, 0xBF, 0x10, 0x40, 0x2D, 0xE9,
	0x00, 0x00, 0xA0, 0xE3, 0x0B, 0x12, 0xA0, 0xE3, 0x33, 0x00, 0x00, 0xEB,
	0x07, 0x00, 0x00, 0xE2, 0x04, 0x30, 0x40, 0xE2, 0x00, 0x00, 0x73, 0xE2,
	0x03, 0x00, 0xA0, 0xE0, 0x10, 0x40, 0xBD, 0xE8, 0x1E, 0xFF, 0x2F, 0xE1,
	0x10, 0x40, 0x2D, 0xE9, 0x00, 0x00, 0xA0, 0xE3, 0x0B, 0x12, 0xA0, 0xE3,
	0x29, 0x00, 0x00, 0xEB, 0x07, 0x00, 0x00, 0xE2, 0x04, 0x30, 0x40, 0xE2,
	0x00, 0x00, 0x73, 0xE2, 0x03, 0x00, 0xA0, 0xE0, 0x10, 0x40, 0xBD, 0xE8,
	0x1E, 0xFF, 0x2F, 0xE1, 0xF0, 0x41, 0x2D, 0xE9, 0x00, 0x70, 0x51, 0xE2,
	0x09, 0x00, 0x00, 0x0A, 0x02, 0x40, 0xA0, 0xE1, 0x00, 0x50, 0xA0, 0xE3,
	0x80, 0x64, 0x62, 0xE0, 0x04, 0x10, 0xA0, 0xE1, 0x06, 0x00, 0x84, 0xE0,
	0x01, 0x50, 0x85, 0xE2, 0x35, 0x00, 0x00, 0xEB, 0x07, 0x00, 0x55, 0xE1,
	0x02, 0x4C, 0x84, 0xE2, 0xF8, 0xFF, 0xFF, 0x1A, 0x01, 0x00, 0xA0, 0xE3,
	0xF0, 0x41, 0xBD, 0xE8, 0x1E, 0xFF, 0x2F, 0xE1, 0xF0, 0x41, 0x2D, 0xE9,
	0x00, 0x70, 0x51, 0xE2, 0x09, 0x00, 0x00, 0x0A, 0x02, 0x40, 0xA0, 0xE1,
	0x00, 0x50, 0xA0, 0xE3, 0x80, 0x64, 0x62, 0xE0, 0x04, 0x10, 0xA0, 0xE1,
	0x06, 0x00, 0x84, 0xE0, 0x01, 0x50, 0x85, 0xE2, 0x47, 0x00, 0x00, 0xEB,
	0x07, 0x00, 0x55, 0xE1, 0x02, 0x4C, 0x84, 0xE2, 0xF8, 0xFF, 0xFF, 0x1A,
	0x01, 0x00, 0xA0, 0xE3, 0xF0, 0x41, 0xBD, 0xE8, 0x1E, 0xFF, 0x2F, 0xE1,
	0x01, 0x00, 0xA0, 0xE3, 0x1E, 0xFF, 0x2F, 0xE1, 0x01, 0x00, 0xA0, 0xE3,
	0x1E, 0xFF, 0x2F, 0xE1, 0x01, 0x23, 0xA0, 0xE3, 0x60, 0x38, 0x20, 0xE0,
	0x61, 0xC8, 0x21, 0xE0, 0x23, 0x34, 0xA0, 0xE1, 0x2C, 0xC4, 0xA0, 0xE1,
	0x70, 0x40, 0x2D, 0xE9, 0xFF, 0x3C, 0xC3, 0xE3, 0x44, 0xE0, 0x9F, 0xE5,
	0xFF, 0xCC, 0xCC, 0xE3, 0x60, 0x54, 0x23, 0xE0, 0x61, 0x44, 0x2C, 0xE0,
	0xA8, 0x40, 0x8E, 0xE5, 0xAC, 0x50, 0x8E, 0xE5, 0xB0, 0x3A, 0xDE, 0xE1,
	0x2C, 0x60, 0x9F, 0xE5, 0x06, 0x3A, 0xC3, 0xE3, 0x02, 0x39, 0x83, 0xE3,
	0xB0, 0x3A, 0xCE, 0xE1, 0xA4, 0x61, 0x82, 0xE5, 0xA4, 0x31, 0x92, 0xE5,
	0x02, 0x05, 0x13, 0xE3, 0xFC, 0xFF, 0xFF, 0x0A, 0x41, 0x36, 0xA0, 0xE3,
	0x70, 0x40, 0xBD, 0xE8, 0x10, 0x00, 0x93, 0xE5, 0x1E, 0xFF, 0x2F, 0xE1,
	0x00, 0x01, 0x00, 0x04, 0x00, 0x60, 0x58, 0xA7, 0x70, 0x40, 0x2D, 0xE9,
	0x01, 0x60, 0xA0, 0xE1, 0x20, 0x54, 0xA0, 0xE1, 0x00, 0x4C, 0xA0, 0xE1,
	0xB9, 0x54, 0x85, 0xE3, 0x04, 0x00, 0xA0, 0xE1, 0x05, 0x10, 0xA0, 0xE1,
	0xDB, 0xFF, 0xFF, 0xEB, 0x00, 0x00, 0x50, 0xE3, 0xFA, 0xFF, 0xFF, 0x1A,
	0xBA, 0x40, 0xA0, 0xE3, 0x00, 0x50, 0xA0, 0xE3, 0x01, 0x13, 0xA0, 0xE3,
	0x44, 0x20, 0x9F, 0xE5, 0xA8, 0x40, 0x82, 0xE5, 0xAC, 0x50, 0x82, 0xE5,
	0xB0, 0x3A, 0xD2, 0xE1, 0x38, 0x00, 0x9F, 0xE5, 0x06, 0x3A, 0xC3, 0xE3,
	0x02, 0x39, 0x83, 0xE3, 0x03, 0x00, 0x16, 0xE3, 0xB0, 0x3A, 0xC2, 0xE1,
	0xA4, 0x01, 0x81, 0xE5, 0x80, 0x10, 0xA0, 0xE3, 0x06, 0x00, 0xA0, 0xE1,
	0x02, 0x00, 0x00, 0x0A, 0x3B, 0x00, 0x00, 0xEB, 0x70, 0x40, 0xBD, 0xE8,
	0x1E, 0xFF, 0x2F, 0xE1, 0x2B, 0x00, 0x00, 0xEB, 0x70, 0x40, 0xBD, 0xE8,
	0x1E, 0xFF, 0x2F, 0xE1, 0x00, 0x01, 0x00, 0x04, 0x00, 0x60, 0x58, 0xA1,
	0xF0, 0x41, 0x2D, 0xE9, 0x00, 0x40, 0xA0, 0xE1, 0x01, 0xE3, 0xA0, 0xE3,
	0x24, 0x54, 0xA0, 0xE1, 0x01, 0x00, 0xA0, 0xE1, 0x04, 0x4C, 0xA0, 0xE1,
	0x03, 0x00, 0x11, 0xE3, 0xBB, 0x14, 0x85, 0xE3, 0x61, 0x28, 0x21, 0xE0,
	0x64, 0x38, 0x24, 0xE0, 0x23, 0x34, 0xA0, 0xE1, 0x22, 0x24, 0xA0, 0xE1,
	0x60, 0xC0, 0x9F, 0xE5, 0xFF, 0x3C, 0xC3, 0xE3, 0xFF, 0x2C, 0xC2, 0xE3,
	0x61, 0x64, 0x22, 0xE0, 0x64, 0x74, 0x23, 0xE0, 0xA8, 0x60, 0x8C, 0xE5,
	0xAC, 0x70, 0x8C, 0xE5, 0xB0, 0x3A, 0xDC, 0xE1, 0x44, 0x80, 0x9F, 0xE5,
	0x06, 0x3A, 0xC3, 0xE3, 0x02, 0x39, 0x83, 0xE3, 0xB0, 0x3A, 0xCC, 0xE1,
	0x80, 0x10, 0xA0, 0xE3, 0xA4, 0x81, 0x8E, 0xE5, 0x08, 0x00, 0x00, 0x0A,
	0x4C, 0x00, 0x00, 0xEB, 0x2F, 0x53, 0x85, 0xE3, 0x04, 0x00, 0xA0, 0xE1,
	0x05, 0x10, 0xA0, 0xE1, 0xA1, 0xFF, 0xFF, 0xEB, 0x00, 0x00, 0x50, 0xE3,
	0xFA, 0xFF, 0xFF, 0x1A, 0xF0, 0x41, 0xBD, 0xE8, 0x1E, 0xFF, 0x2F, 0xE1,
	0x33, 0x00, 0x00, 0xEB, 0xF5, 0xFF, 0xFF, 0xEA, 0x00, 0x01, 0x00, 0x04,
	0x00, 0x60, 0x58, 0xE1, 0x01, 0x33, 0xA0, 0xE3, 0x41, 0xC6, 0xA0, 0xE3,
	0x01, 0x11, 0x80, 0xE0, 0xA4, 0x21, 0x93, 0xE5, 0x02, 0x05, 0x12, 0xE3,
	0x02, 0x00, 0x00, 0x0A, 0x10, 0x20, 0x9C, 0xE5, 0x01, 0x00, 0x50, 0xE1,
	0x04, 0x20, 0x80, 0x34, 0xA4, 0x21, 0x93, 0xE5, 0x00, 0x00, 0x52, 0xE3,
	0xF6, 0xFF, 0xFF, 0xBA, 0x1E, 0xFF, 0x2F, 0xE1, 0x01, 0x33, 0xA0, 0xE3,
	0x41, 0xC6, 0xA0, 0xE3, 0x01, 0x11, 0x80, 0xE0, 0xA4, 0x21, 0x93, 0xE5,
	0x02, 0x05, 0x12, 0xE3, 0x19, 0x00, 0x00, 0x0A, 0x01, 0x00, 0x50, 0xE1,
	0x10, 0x20, 0x9C, 0xE5, 0x16, 0x00, 0x00, 0x2A, 0x30, 0x40, 0x2D, 0xE9,
	0x22, 0x54, 0xA0, 0xE1, 0x22, 0x48, 0xA0, 0xE1, 0x22, 0xEC, 0xA0, 0xE1,
	0x00, 0x20, 0xC0, 0xE5, 0x01, 0x50, 0xC0, 0xE5, 0x02, 0x40, 0xC0, 0xE5,
	0x03, 0xE0, 0xC0, 0xE5, 0x04, 0x00, 0x80, 0xE2, 0xA4, 0x21, 0x93, 0xE5,
	0x00, 0x00, 0x52, 0xE3, 0x08, 0x00, 0x00, 0xAA, 0xA4, 0x21, 0x93, 0xE5,
	0x02, 0x05, 0x12, 0xE3, 0xF9, 0xFF, 0xFF, 0x0A, 0x01, 0x00, 0x50, 0xE1,
	0x10, 0x20, 0x9C, 0xE5, 0xEE, 0xFF, 0xFF, 0x3A, 0xA4, 0x21, 0x93, 0xE5,
	0x00, 0x00, 0x52, 0xE3, 0xF6, 0xFF, 0xFF, 0xBA, 0x30, 0x40, 0xBD, 0xE8,
	0x1E, 0xFF, 0x2F, 0xE1, 0xA4, 0x21, 0x93, 0xE5, 0x00, 0x00, 0x52, 0xE3,
	0xDF, 0xFF, 0xFF, 0xBA, 0x1E, 0xFF, 0x2F, 0xE1, 0x04, 0xE0, 0x2D, 0xE5,
	0x00, 0xC0, 0xA0, 0xE3, 0x01, 0x33, 0xA0, 0xE3, 0x41, 0xE6, 0xA0, 0xE3,
	0x01, 0x11, 0x80, 0xE0, 0xA4, 0x21, 0x93, 0xE5, 0x02, 0x05, 0x12, 0xE3,
	0x02, 0x00, 0x00, 0x0A, 0x01, 0x00, 0x50, 0xE1, 0x04, 0xC0, 0x90, 0x34,
	0x10, 0xC0, 0x8E, 0xE5, 0xA4, 0x21, 0x93, 0xE5, 0x00, 0x00, 0x52, 0xE3,
	0xF6, 0xFF, 0xFF, 0xBA, 0x04, 0xE0, 0x9D, 0xE4, 0x1E, 0xFF, 0x2F, 0xE1,
	0x30, 0x40, 0x2D, 0xE9, 0x00, 0x30, 0xA0, 0xE3, 0x01, 0x23, 0xA0, 0xE3,
	0x41, 0xE6, 0xA0, 0xE3, 0x01, 0x11, 0x80, 0xE0, 0xA4, 0xC1, 0x92, 0xE5,
	0x02, 0x05, 0x1C, 0xE3, 0x0A, 0x00, 0x00, 0x0A, 0x01, 0x00, 0x50, 0xE1,
	0x07, 0x00, 0x00, 0x2A, 0x00, 0x30, 0xD0, 0xE5, 0x01, 0x50, 0xD0, 0xE5,
	0x02, 0x40, 0xD0, 0xE5, 0x03, 0xC0, 0xD0, 0xE5, 0x05, 0x34, 0x83, 0xE1,
	0x04, 0x38, 0x83, 0xE1, 0x0C, 0x3C, 0x83, 0xE1, 0x04, 0x00, 0x80, 0xE2,
	0x10, 0x30, 0x8E, 0xE5, 0xA4, 0xC1, 0x92, 0xE5, 0x00, 0x00, 0x5C, 0xE3,
	0xEE, 0xFF, 0xFF, 0xBA, 0x30, 0x40, 0xBD, 0xE8, 0x1E, 0xFF, 0x2F, 0xE1
};

TWL_CODE ALIGN(16) unsigned char gmtf_dldi[] = {
	0xED, 0xA5, 0x8D, 0xBF, 0x20, 0x43, 0x68, 0x69, 0x73, 0x68, 0x6D, 0x00,
	0x01, 0x0C, 0x0E, 0x00, 0x44, 0x61, 0x74, 0x65, 0x6C, 0x20, 0x47, 0x61,
	0x6D, 0x65, 0x73, 0x20, 0x27, 0x6E, 0x27, 0x20, 0x4D, 0x75, 0x73, 0x69,
	0x63, 0x20, 0x28, 0x6D, 0x69, 0x63, 0x72, 0x6F, 0x53, 0x44, 0x29, 0x00,
	0x00, 0x00, 0xA0, 0xE1, 0x00, 0x00, 0xA0, 0xE1, 0x00, 0x00, 0xA0, 0xE1,
	0x00, 0x00, 0xA0, 0xE1, 0x00, 0x00, 0x80, 0xBF, 0x7C, 0x05, 0x80, 0xBF,
	0x80, 0x00, 0x80, 0xBF, 0x80, 0x00, 0x80, 0xBF, 0x7C, 0x05, 0x80, 0xBF,
	0x7C, 0x05, 0x80, 0xBF, 0x7C, 0x05, 0x80, 0xBF, 0x84, 0x05, 0x80, 0xBF,
	0x47, 0x4D, 0x54, 0x46, 0x23, 0x00, 0x00, 0x00, 0x68, 0x02, 0x80, 0xBF,
	0xA0, 0x03, 0x80, 0xBF, 0xB0, 0x03, 0x80, 0xBF, 0x84, 0x04, 0x80, 0xBF,
	0xA8, 0x03, 0x80, 0xBF, 0x74, 0x05, 0x80, 0xBF, 0x00, 0x20, 0xE0, 0xE3,
	0x14, 0x30, 0x9F, 0xE5, 0xA2, 0x20, 0xC3, 0xE5, 0xB0, 0x2A, 0xD3, 0xE1,
	0x80, 0x00, 0x12, 0xE3, 0xFC, 0xFF, 0xFF, 0x1A, 0xA2, 0x00, 0xD3, 0xE5,
	0x1E, 0xFF, 0x2F, 0xE1, 0x00, 0x01, 0x00, 0x04, 0x10, 0x40, 0x2D, 0xE9,
	0x02, 0x49, 0xA0, 0xE3, 0x60, 0x30, 0x9F, 0xE5, 0xB0, 0x4A, 0xC3, 0xE1,
	0x0D, 0x40, 0xE0, 0xE3, 0x20, 0xC8, 0xA0, 0xE1, 0x20, 0x24, 0xA0, 0xE1,
	0x20, 0xEC, 0xA0, 0xE1, 0xFF, 0x20, 0x02, 0xE2, 0xFF, 0xC0, 0x0C, 0xE2,
	0xA8, 0x40, 0xC3, 0xE5, 0xA9, 0xE0, 0xC3, 0xE5, 0xAA, 0xC0, 0xC3, 0xE5,
	0xAB, 0x20, 0xC3, 0xE5, 0x00, 0x20, 0xA0, 0xE3, 0xFF, 0x00, 0x00, 0xE2,
	0xAC, 0x00, 0xC3, 0xE5, 0xAD, 0x10, 0xC3, 0xE5, 0xAE, 0x20, 0xC3, 0xE5,
	0xAF, 0x20, 0xC3, 0xE5, 0x01, 0x33, 0xA0, 0xE3, 0x18, 0x20, 0x9F, 0xE5,
	0xA4, 0x21, 0x83, 0xE5, 0xA4, 0x21, 0x93, 0xE5, 0x00, 0x00, 0x52, 0xE3,
	0xFC, 0xFF, 0xFF, 0xBA, 0x10, 0x40, 0xBD, 0xE8, 0x1E, 0xFF, 0x2F, 0xE1,
	0x00, 0x01, 0x00, 0x04, 0x00, 0x60, 0x7F, 0xA0, 0x14, 0x30, 0x9F, 0xE5,
	0xA2, 0x00, 0xC3, 0xE5, 0xB0, 0x2A, 0xD3, 0xE1, 0x80, 0x00, 0x12, 0xE3,
	0xFC, 0xFF, 0xFF, 0x1A, 0xA2, 0x30, 0xD3, 0xE5, 0x1E, 0xFF, 0x2F, 0xE1,
	0x00, 0x01, 0x00, 0x04, 0x01, 0xC0, 0xA0, 0xE1, 0x73, 0x40, 0x2D, 0xE9,
	0x03, 0x40, 0xA0, 0xE1, 0x2C, 0x3C, 0xA0, 0xE1, 0x01, 0x30, 0xCD, 0xE5,
	0x2C, 0x38, 0xA0, 0xE1, 0x01, 0x00, 0x54, 0xE3, 0x02, 0x30, 0xCD, 0xE5,
	0x2C, 0x34, 0xA0, 0xE1, 0x03, 0x30, 0xCD, 0xE5, 0x95, 0x30, 0xA0, 0x03,
	0x86, 0x30, 0xA0, 0x13, 0x02, 0x10, 0xA0, 0xE1, 0x0D, 0x60, 0xA0, 0xE1,
	0x00, 0x50, 0xA0, 0xE3, 0x40, 0x00, 0x80, 0xE3, 0x00, 0x00, 0xCD, 0xE5,
	0x04, 0xC0, 0xCD, 0xE5, 0x05, 0x30, 0xCD, 0xE5, 0x01, 0x00, 0xD6, 0xE4,
	0x01, 0x50, 0x85, 0xE2, 0xE1, 0xFF, 0xFF, 0xEB, 0x06, 0x00, 0x55, 0xE3,
	0xFA, 0xFF, 0xFF, 0x1A, 0x44, 0x60, 0x9F, 0xE5, 0xB6, 0xFF, 0xFF, 0xEB,
	0xFF, 0x00, 0x50, 0xE3, 0x00, 0x50, 0xA0, 0xE1, 0x01, 0x00, 0x00, 0x1A,
	0x01, 0x60, 0x56, 0xE2, 0xF9, 0xFF, 0xFF, 0x1A, 0x01, 0x40, 0x54, 0xE2,
	0x01, 0x40, 0xA0, 0x13, 0x04, 0x41, 0x81, 0xE0, 0x04, 0x00, 0x51, 0xE1,
	0x03, 0x00, 0x00, 0x1A, 0x05, 0x00, 0xA0, 0xE1, 0x08, 0xD0, 0x8D, 0xE2,
	0x70, 0x40, 0xBD, 0xE8, 0x1E, 0xFF, 0x2F, 0xE1, 0xA7, 0xFF, 0xFF, 0xEB,
	0x01, 0x00, 0xC1, 0xE4, 0xF6, 0xFF, 0xFF, 0xEA, 0xFF, 0x0F, 0x00, 0x00,
	0x00, 0x10, 0xA0, 0xE1, 0x10, 0x40, 0x2D, 0xE9, 0x00, 0x00, 0xA0, 0xE3,
	0xA9, 0xFF, 0xFF, 0xEB, 0x1C, 0x30, 0x9F, 0xE5, 0x1C, 0x20, 0x9F, 0xE5,
	0xC8, 0x00, 0x51, 0xE3, 0xB0, 0x2A, 0xC3, 0xE1, 0xFF, 0x00, 0xA0, 0x03,
	0x10, 0x40, 0xBD, 0x08, 0xC0, 0xFF, 0xFF, 0x0A, 0x10, 0x40, 0xBD, 0xE8,
	0x1E, 0xFF, 0x2F, 0xE1, 0x00, 0x01, 0x00, 0x04, 0x40, 0xA0, 0xFF, 0xFF,
	0x70, 0x40, 0x2D, 0xE9, 0x00, 0x40, 0xA0, 0xE1, 0x01, 0x50, 0xA0, 0xE1,
	0xCC, 0x00, 0xA0, 0xE3, 0xEB, 0xFF, 0xFF, 0xEB, 0x05, 0x10, 0xA0, 0xE1,
	0x01, 0x30, 0xA0, 0xE3, 0x00, 0x20, 0xA0, 0xE3, 0x04, 0x00, 0xA0, 0xE1,
	0xBA, 0xFF, 0xFF, 0xEB, 0x00, 0x40, 0xA0, 0xE1, 0xC8, 0x00, 0xA0, 0xE3,
	0xE3, 0xFF, 0xFF, 0xEB, 0x04, 0x00, 0xA0, 0xE1, 0x70, 0x40, 0xBD, 0xE8,
	0x1E, 0xFF, 0x2F, 0xE1, 0xF7, 0x40, 0x2D, 0xE9, 0x00, 0x40, 0xA0, 0xE3,
	0x02, 0x51, 0xE0, 0xE3, 0x84, 0x0F, 0x85, 0xE1, 0x00, 0x10, 0xA0, 0xE3,
	0x01, 0x40, 0x84, 0xE2, 0x87, 0xFF, 0xFF, 0xEB, 0x01, 0x0C, 0x54, 0xE3,
	0xF9, 0xFF, 0xFF, 0x1A, 0xC8, 0x10, 0xA0, 0xE3, 0x00, 0x00, 0xA0, 0xE3,
	0x82, 0xFF, 0xFF, 0xEB, 0x00, 0x10, 0xA0, 0xE3, 0x01, 0x00, 0xA0, 0xE1,
	0xE0, 0xFF, 0xFF, 0xEB, 0x01, 0x00, 0x50, 0xE3, 0x03, 0x00, 0x00, 0x0A,
	0x00, 0x00, 0xA0, 0xE3, 0x0C, 0xD0, 0x8D, 0xE2, 0xF0, 0x40, 0xBD, 0xE8,
	0x1E, 0xFF, 0x2F, 0xE1, 0xCC, 0x00, 0xA0, 0xE3, 0xC9, 0xFF, 0xFF, 0xEB,
	0x05, 0x30, 0xA0, 0xE3, 0x0D, 0x20, 0xA0, 0xE1, 0xBC, 0x10, 0x9F, 0xE5,
	0x08, 0x00, 0xA0, 0xE3, 0x98, 0xFF, 0xFF, 0xEB, 0x00, 0x40, 0xA0, 0xE1,
	0xC8, 0x00, 0xA0, 0xE3, 0xC1, 0xFF, 0xFF, 0xEB, 0x01, 0x00, 0x54, 0xE3,
	0x04, 0x00, 0x00, 0x1A, 0xA0, 0x30, 0x9F, 0xE5, 0x00, 0x20, 0x9D, 0xE5,
	0x03, 0x00, 0x52, 0xE1, 0x01, 0x51, 0xA0, 0x03, 0x01, 0x00, 0x00, 0x0A,
	0x00, 0x50, 0xA0, 0xE3, 0x05, 0x40, 0xA0, 0xE1, 0x88, 0x70, 0x9F, 0xE5,
	0x00, 0x10, 0xA0, 0xE3, 0x37, 0x00, 0xA0, 0xE3, 0xC3, 0xFF, 0xFF, 0xEB,
	0x05, 0x10, 0xA0, 0xE1, 0x29, 0x00, 0xA0, 0xE3, 0xC0, 0xFF, 0xFF, 0xEB,
	0x00, 0x60, 0x50, 0xE2, 0x02, 0x00, 0x00, 0x0A, 0x01, 0x70, 0x57, 0xE2,
	0xF5, 0xFF, 0xFF, 0x1A, 0xDC, 0xFF, 0xFF, 0xEA, 0x00, 0x00, 0x54, 0xE3,
	0x0E, 0x00, 0x00, 0x0A, 0xCC, 0x00, 0xA0, 0xE3, 0xA8, 0xFF, 0xFF, 0xEB,
	0x05, 0x30, 0xA0, 0xE3, 0x04, 0x20, 0x8D, 0xE2, 0x06, 0x10, 0xA0, 0xE1,
	0x3A, 0x00, 0xA0, 0xE3, 0x77, 0xFF, 0xFF, 0xEB, 0xC8, 0x00, 0xA0, 0xE3,
	0xA1, 0xFF, 0xFF, 0xEB, 0x04, 0x30, 0xDD, 0xE5, 0x2C, 0x20, 0x9F, 0xE5,
	0x23, 0x33, 0xA0, 0xE1, 0x01, 0x30, 0x03, 0xE2, 0x02, 0x20, 0x8F, 0xE0,
	0x00, 0x30, 0xC2, 0xE5, 0x02, 0x1C, 0xA0, 0xE3, 0x10, 0x00, 0xA0, 0xE3,
	0xA7, 0xFF, 0xFF, 0xEB, 0x01, 0x00, 0xA0, 0xE3, 0xC7, 0xFF, 0xFF, 0xEA,
	0xAA, 0x01, 0x00, 0x00, 0x00, 0x00, 0x01, 0xAA, 0x88, 0x13, 0x00, 0x00,
	0x00, 0x02, 0x00, 0x00, 0x01, 0x00, 0xA0, 0xE3, 0x1E, 0xFF, 0x2F, 0xE1,
	0x01, 0x00, 0xA0, 0xE3, 0x1E, 0xFF, 0x2F, 0xE1, 0xF0, 0x41, 0x2D, 0xE9,
	0x00, 0x50, 0xA0, 0xE1, 0x02, 0x40, 0xA0, 0xE1, 0xB4, 0x80, 0x9F, 0xE5,
	0xB4, 0x70, 0x9F, 0xE5, 0x01, 0x60, 0x80, 0xE0, 0x08, 0x80, 0x8F, 0xE0,
	0x07, 0x70, 0x8F, 0xE0, 0x06, 0x00, 0x55, 0xE1, 0x01, 0x00, 0xA0, 0x03,
	0x0E, 0x00, 0x00, 0x0A, 0xCC, 0x00, 0xA0, 0xE3, 0x81, 0xFF, 0xFF, 0xEB,
	0x00, 0x30, 0xD8, 0xE5, 0x83, 0x34, 0x43, 0xE0, 0x02, 0x1C, 0x83, 0xE2,
	0x00, 0x20, 0xA0, 0xE3, 0x01, 0x30, 0xA0, 0xE3, 0x11, 0x00, 0xA0, 0xE3,
	0x95, 0x01, 0x01, 0xE0, 0x4D, 0xFF, 0xFF, 0xEB, 0x00, 0x00, 0x50, 0xE3,
	0x04, 0x00, 0x00, 0x0A, 0xC8, 0x00, 0xA0, 0xE3, 0x75, 0xFF, 0xFF, 0xEB,
	0x00, 0x00, 0xA0, 0xE3, 0xF0, 0x41, 0xBD, 0xE8, 0x1E, 0xFF, 0x2F, 0xE1,
	0x58, 0x10, 0x9F, 0xE5, 0x15, 0xFF, 0xFF, 0xEB, 0xFF, 0x00, 0x50, 0xE3,
	0x02, 0x00, 0x00, 0x1A, 0x01, 0x10, 0x51, 0xE2, 0xFA, 0xFF, 0xFF, 0x1A,
	0xF3, 0xFF, 0xFF, 0xEA, 0xFE, 0x00, 0x50, 0xE3, 0xF1, 0xFF, 0xFF, 0x1A,
	0x02, 0x1C, 0x84, 0xE2, 0x0C, 0xFF, 0xFF, 0xEB, 0x01, 0x00, 0xC4, 0xE4,
	0x01, 0x00, 0x54, 0xE1, 0xFB, 0xFF, 0xFF, 0x1A, 0x08, 0xFF, 0xFF, 0xEB,
	0x04, 0x00, 0x87, 0xE5, 0x06, 0xFF, 0xFF, 0xEB, 0x04, 0x00, 0x87, 0xE5,
	0xC8, 0x00, 0xA0, 0xE3, 0x5E, 0xFF, 0xFF, 0xEB, 0x01, 0x50, 0x85, 0xE2,
	0xD5, 0xFF, 0xFF, 0xEA, 0xAC, 0x01, 0x00, 0x00, 0xA8, 0x01, 0x00, 0x00,
	0xFF, 0x0F, 0x00, 0x00, 0xF0, 0x47, 0x2D, 0xE9, 0x00, 0x40, 0xA0, 0xE1,
	0x02, 0x90, 0xA0, 0xE1, 0xD0, 0x80, 0x9F, 0xE5, 0xD0, 0x70, 0x9F, 0xE5,
	0x01, 0x60, 0x80, 0xE0, 0x08, 0x80, 0x8F, 0xE0, 0x06, 0x00, 0x54, 0xE1,
	0x01, 0x00, 0xA0, 0x03, 0x0E, 0x00, 0x00, 0x0A, 0xCC, 0x00, 0xA0, 0xE3,
	0x4D, 0xFF, 0xFF, 0xEB, 0x00, 0x30, 0xD8, 0xE5, 0x83, 0x34, 0x43, 0xE0,
	0x02, 0x1C, 0x83, 0xE2, 0x00, 0x20, 0xA0, 0xE3, 0x01, 0x30, 0xA0, 0xE3,
	0x18, 0x00, 0xA0, 0xE3, 0x94, 0x01, 0x01, 0xE0, 0x19, 0xFF, 0xFF, 0xEB,
	0x00, 0x00, 0x50, 0xE3, 0x04, 0x00, 0x00, 0x0A, 0xC8, 0x00, 0xA0, 0xE3,
	0x41, 0xFF, 0xFF, 0xEB, 0x00, 0x00, 0xA0, 0xE3, 0xF0, 0x47, 0xBD, 0xE8,
	0x1E, 0xFF, 0x2F, 0xE1, 0xFE, 0x00, 0xA0, 0xE3, 0x08, 0xFF, 0xFF, 0xEB,
	0x09, 0x30, 0xA0, 0xE1, 0x02, 0x9C, 0x89, 0xE2, 0x01, 0x20, 0xD3, 0xE4,
	0xA2, 0x20, 0xC7, 0xE5, 0xB0, 0x2A, 0xD7, 0xE1, 0x80, 0x00, 0x12, 0xE3,
	0xFC, 0xFF, 0xFF, 0x1A, 0x09, 0x00, 0x53, 0xE1, 0xF8, 0xFF, 0xFF, 0x1A,
	0xFF, 0x00, 0xA0, 0xE3, 0xFD, 0xFE, 0xFF, 0xEB, 0xFC, 0xFE, 0xFF, 0xEB,
	0xD4, 0xFE, 0xFF, 0xEB, 0x0F, 0x00, 0x00, 0xE2, 0x05, 0x00, 0x50, 0xE3,
	0xE8, 0xFF, 0xFF, 0x1A, 0x30, 0x50, 0x9F, 0xE5, 0xCF, 0xFE, 0xFF, 0xEB,
	0x00, 0x00, 0x50, 0xE3, 0x01, 0x00, 0x00, 0x1A, 0x01, 0x50, 0x55, 0xE2,
	0xFA, 0xFF, 0xFF, 0x1A, 0xC8, 0x00, 0xA0, 0xE3, 0x24, 0xFF, 0xFF, 0xEB,
	0x00, 0x00, 0x55, 0xE3, 0xE0, 0xFF, 0xFF, 0x0A, 0x01, 0x40, 0x84, 0xE2,
	0xCD, 0xFF, 0xFF, 0xEA, 0xD8, 0x00, 0x00, 0x00, 0x00, 0x01, 0x00, 0x04,
	0xFF, 0xFF, 0x00, 0x00, 0x01, 0x00, 0xA0, 0xE3, 0x1E, 0xFF, 0x2F, 0xE1
};

TWL_CODE ALIGN(16) unsigned char ak2_dldi[] = {
	0xED, 0xA5, 0x8D, 0xBF, 0x20, 0x43, 0x68, 0x69, 0x73, 0x68, 0x6D, 0x00,
	0x01, 0x0B, 0x08, 0x00, 0x41, 0x63, 0x65, 0x6B, 0x61, 0x72, 0x64, 0x20,
	0x41, 0x4B, 0x32, 0x20, 0x28, 0x76, 0x32, 0x29, 0x00, 0x00, 0x00, 0x00,
	0x00, 0x00, 0xA0, 0xE1, 0x00, 0x00, 0xA0, 0xE1, 0x00, 0x00, 0xA0, 0xE1,
	0x00, 0x00, 0xA0, 0xE1, 0x00, 0x00, 0xA0, 0xE1, 0x00, 0x00, 0xA0, 0xE1,
	0x00, 0x00, 0xA0, 0xE1, 0x00, 0x00, 0x80, 0xBF, 0x5C, 0x07, 0x80, 0xBF,
	0x54, 0x01, 0x80, 0xBF, 0x54, 0x01, 0x80, 0xBF, 0x5C, 0x07, 0x80, 0xBF,
	0x5C, 0x07, 0x80, 0xBF, 0x5C, 0x07, 0x80, 0xBF, 0x60, 0x07, 0x80, 0xBF,
	0x52, 0x50, 0x47, 0x53, 0x23, 0x01, 0x00, 0x00, 0xBD, 0x06, 0x80, 0xBF,
	0xC9, 0x06, 0x80, 0xBF, 0xD9, 0x06, 0x80, 0xBF, 0xE7, 0x06, 0x80, 0xBF,
	0xD5, 0x06, 0x80, 0xBF, 0xF5, 0x06, 0x80, 0xBF, 0x01, 0x00, 0x50, 0xE2,
	0xFD, 0xFF, 0xFF, 0xCA, 0x1E, 0xFF, 0x2F, 0xE1, 0x08, 0x00, 0x51, 0xE3,
	0x24, 0x00, 0x00, 0xBA, 0x04, 0x30, 0x60, 0xE2, 0x83, 0x3F, 0xB0, 0xE1,
	0x01, 0x20, 0xC0, 0x44, 0x01, 0x10, 0x41, 0x42, 0x01, 0x20, 0xC0, 0x24,
	0x01, 0x20, 0xC0, 0x24, 0x02, 0x10, 0x41, 0x22, 0x02, 0x2C, 0xA0, 0xE1,
	0x22, 0x24, 0x82, 0xE1, 0x22, 0x28, 0x82, 0xE1, 0x02, 0x30, 0xA0, 0xE1,
	0x40, 0x00, 0x51, 0xE3, 0x0C, 0x00, 0x00, 0xBA, 0xF0, 0x03, 0x2D, 0xE9,
	0x02, 0x40, 0xA0, 0xE1, 0x03, 0x50, 0xA0, 0xE1, 0x02, 0x60, 0xA0, 0xE1,
	0x03, 0x70, 0xA0, 0xE1, 0x02, 0x80, 0xA0, 0xE1, 0x03, 0x90, 0xA0, 0xE1,
	0x20, 0x10, 0x51, 0xE2, 0xFC, 0x03, 0xA0, 0xA8, 0xFC, 0xFF, 0xFF, 0xCA,
	0xF0, 0x03, 0xBD, 0xE8, 0x1E, 0xFF, 0x2F, 0x01, 0x20, 0x10, 0x81, 0xE2,
	0x08, 0x10, 0x51, 0xE2, 0x0C, 0x00, 0xA0, 0xA8, 0xFC, 0xFF, 0xFF, 0xCA,
	0x1E, 0xFF, 0x2F, 0x01, 0x04, 0x10, 0x91, 0xE2, 0x04, 0x20, 0x80, 0xA4,
	0x1E, 0xFF, 0x2F, 0x01, 0x81, 0x1F, 0xB0, 0xE1, 0xB2, 0x20, 0xC0, 0x20,
	0x01, 0x20, 0xC0, 0x44, 0x1E, 0xFF, 0x2F, 0xE1, 0x01, 0x10, 0x51, 0xE2,
	0x01, 0x20, 0xC0, 0xA4, 0xFC, 0xFF, 0xFF, 0xCA, 0x1E, 0xFF, 0x2F, 0xE1,
	0x01, 0x30, 0xA0, 0xE1, 0x02, 0x10, 0xA0, 0xE1, 0x03, 0x20, 0xA0, 0xE1,
	0x01, 0x40, 0x2D, 0xE9, 0xCF, 0xFF, 0xFF, 0xEB, 0x01, 0x40, 0xBD, 0xE8,
	0x1E, 0xFF, 0x2F, 0xE1, 0x80, 0x23, 0x03, 0x49, 0x1B, 0x04, 0x0A, 0x68,
	0x1A, 0x42, 0xFC, 0xD0, 0x70, 0x47, 0xC0, 0x46, 0xA4, 0x01, 0x00, 0x04,
	0x02, 0x4A, 0x13, 0x68, 0x00, 0x2B, 0xFC, 0xDB, 0x70, 0x47, 0xC0, 0x46,
	0xA4, 0x01, 0x00, 0x04, 0x06, 0x4A, 0x13, 0x88, 0x06, 0x49, 0x0B, 0x40,
	0x80, 0x21, 0x09, 0x02, 0x0B, 0x43, 0x13, 0x80, 0x80, 0x23, 0x04, 0x4A,
	0x1B, 0x06, 0x03, 0x43, 0x13, 0x60, 0x70, 0x47, 0xA0, 0x01, 0x00, 0x04,
	0xFF, 0x9F, 0xFF, 0xFF, 0xA4, 0x01, 0x00, 0x04, 0x01, 0x20, 0x70, 0x47,
	0x01, 0x20, 0x70, 0x47, 0xF0, 0xB5, 0x1E, 0x00, 0x1C, 0x00, 0x73, 0x1E,
	0x9E, 0x41, 0x2B, 0x4B, 0x76, 0x42, 0x1E, 0x40, 0x2A, 0x4B, 0x85, 0xB0,
	0xF6, 0x18, 0x17, 0x00, 0x00, 0xF0, 0xA6, 0xFA, 0x00, 0x90, 0x01, 0x91,
	0x00, 0x9A, 0x01, 0x9B, 0x26, 0x49, 0x30, 0x00, 0x0C, 0xC1, 0xFF, 0xF7,
	0xD1, 0xFF, 0x00, 0x2C, 0x05, 0xD1, 0xFF, 0xF7, 0xC5, 0xFF, 0x05, 0xB0,
	0xF0, 0xBC, 0x01, 0xBC, 0x00, 0x47, 0xE2, 0x08, 0x22, 0x20, 0xBA, 0x18,
	0x30, 0x2C, 0x00, 0xD1, 0x16, 0x38, 0x00, 0x21, 0x1D, 0x4C, 0x80, 0x26,
	0x23, 0x68, 0x36, 0x04, 0x33, 0x42, 0x18, 0xD0, 0x1B, 0x4B, 0x1B, 0x68,
	0x1D, 0x00, 0x01, 0x23, 0x0B, 0x40, 0x02, 0xAE, 0x9F, 0x00, 0xBD, 0x51,
	0x00, 0x2B, 0x0D, 0xD0, 0x07, 0x27, 0x01, 0x3A, 0x07, 0x25, 0xF3, 0x5D,
	0xED, 0x1B, 0xDB, 0x09, 0xAB, 0x40, 0x15, 0x78, 0xAC, 0x46, 0x65, 0x46,
	0x2B, 0x43, 0x13, 0x70, 0x01, 0x3F, 0xF3, 0xD2, 0x01, 0x31, 0x88, 0x42,
	0x02, 0xD9, 0x23, 0x68, 0x00, 0x2B, 0xDC, 0xDB, 0xFF, 0xF7, 0x8A, 0xFF,
	0x21, 0x20, 0x00, 0xF0, 0x81, 0xFA, 0x00, 0x23, 0x07, 0x4A, 0x23, 0x60,
	0x00, 0x9B, 0x01, 0x9C, 0x08, 0x48, 0x18, 0xC2, 0xFF, 0xF7, 0x90, 0xFF,
	0xFF, 0xF7, 0x86, 0xFF, 0xBF, 0xE7, 0xC0, 0x46, 0xD8, 0xFF, 0xFF, 0x00,
	0x50, 0x60, 0x40, 0x20, 0xA8, 0x01, 0x00, 0x04, 0xA4, 0x01, 0x00, 0x04,
	0x10, 0x00, 0x10, 0x04, 0x00, 0x60, 0x40, 0x20, 0x13, 0xB5, 0x00, 0x22,
	0x0C, 0x00, 0x00, 0x23, 0x08, 0x49, 0x00, 0x92, 0x01, 0x93, 0x01, 0x43,
	0x30, 0x23, 0x20, 0x00, 0x6A, 0x46, 0xFF, 0xF7, 0x8B, 0xFF, 0x01, 0x9B,
	0x00, 0x98, 0xDB, 0x05, 0x40, 0x0A, 0x18, 0x18, 0x16, 0xBC, 0x02, 0xBC,
	0x08, 0x47, 0xC0, 0x46, 0x00, 0x00, 0x01, 0xD5, 0x00, 0x23, 0xD5, 0x21,
	0x30, 0xB5, 0x1A, 0x00, 0x00, 0x20, 0x87, 0xB0, 0x09, 0x06, 0xFF, 0xF7,
	0x77, 0xFF, 0xD5, 0x21, 0x08, 0x20, 0x49, 0x00, 0xFF, 0xF7, 0xDA, 0xFF,
	0xAB, 0x38, 0xFF, 0x38, 0x04, 0x00, 0x63, 0x1E, 0x9C, 0x41, 0x64, 0x42,
	0x2E, 0x4B, 0xA4, 0x0F, 0xA4, 0x07, 0x2E, 0x4D, 0xE4, 0x18, 0x00, 0x21,
	0x37, 0x20, 0xFF, 0xF7, 0xCB, 0xFF, 0x21, 0x00, 0x29, 0x20, 0xFF, 0xF7,
	0xC7, 0xFF, 0x00, 0x28, 0x47, 0xDA, 0x29, 0x4B, 0x40, 0x00, 0xC0, 0x0F,
	0x7B, 0x44, 0x18, 0x60, 0x11, 0x22, 0x00, 0x21, 0x01, 0xA8, 0x00, 0xF0,
	0x1F, 0xFA, 0x88, 0x23, 0x01, 0xAA, 0x00, 0x20, 0x23, 0x49, 0xFF, 0xF7,
	0x4D, 0xFF, 0x00, 0x21, 0x03, 0x20, 0xFF, 0xF7, 0xB1, 0xFF, 0x11, 0x22,
	0x04, 0x0C, 0x00, 0x21, 0x01, 0xA8, 0x00, 0xF0, 0x0F, 0xFA, 0x88, 0x23,
	0x01, 0xAA, 0x1D, 0x49, 0x20, 0x04, 0xFF, 0xF7, 0x3D, 0xFF, 0x21, 0x04,
	0x07, 0x20, 0xFF, 0xF7, 0xA1, 0xFF, 0x21, 0x04, 0x37, 0x20, 0xFF, 0xF7,
	0x9D, 0xFF, 0x02, 0x21, 0x06, 0x20, 0xFF, 0xF7, 0x99, 0xFF, 0x0D, 0x20,
	0x21, 0x04, 0xFF, 0xF7, 0x95, 0xFF, 0x43, 0x0A, 0x00, 0x20, 0x04, 0x2B,
	0x0F, 0xD1, 0x12, 0x4B, 0x7B, 0x44, 0x1B, 0x68, 0x83, 0x42, 0x09, 0xD0,
	0xC2, 0x20, 0x00, 0x21, 0x0F, 0x4B, 0xFF, 0x30, 0x03, 0xC3, 0x0F, 0x48,
	0xFF, 0xF7, 0x04, 0xFF, 0xFF, 0xF7, 0xFA, 0xFE, 0x01, 0x20, 0x07, 0xB0,
	0x30, 0xBC, 0x02, 0xBC, 0x08, 0x47, 0x0B, 0x48, 0x01, 0x3D, 0x00, 0xF0,
	0xE1, 0xF9, 0x00, 0x2D, 0xA7, 0xD1, 0xB5, 0xE7, 0x00, 0x80, 0xFF, 0x40,
	0x10, 0x27, 0x00, 0x00, 0x64, 0x04, 0x00, 0x00, 0x02, 0x00, 0x01, 0xD5,
	0x09, 0x00, 0x01, 0xD5, 0x00, 0x04, 0x00, 0x00, 0xA8, 0x01, 0x00, 0x04,
	0x00, 0x60, 0x40, 0x20, 0x82, 0x06, 0x00, 0x00, 0xF8, 0xB5, 0x1D, 0x4B,
	0x1D, 0x4D, 0x1C, 0x4C, 0x80, 0x27, 0x2B, 0x60, 0x6C, 0x60, 0x1C, 0x48,
	0xFF, 0xF7, 0xDA, 0xFE, 0x00, 0x26, 0x3F, 0x04, 0x1A, 0x4C, 0x23, 0x68,
	0x3B, 0x42, 0x08, 0xD0, 0x19, 0x4B, 0x1A, 0x68, 0x19, 0x4B, 0x01, 0x36,
	0x9A, 0x42, 0x1E, 0xD0, 0x10, 0x20, 0x00, 0xF0, 0xB3, 0xF9, 0x23, 0x68,
	0x00, 0x2B, 0xEF, 0xDB, 0x80, 0x23, 0x5B, 0x01, 0x9E, 0x42, 0xE0, 0xD0,
	0x01, 0x26, 0xFF, 0xF7, 0xAF, 0xFE, 0x21, 0x20, 0x00, 0xF0, 0xA6, 0xF9,
	0x00, 0x23, 0x23, 0x60, 0x09, 0x4B, 0x09, 0x4C, 0x0E, 0x48, 0x18, 0xC5,
	0xFF, 0xF7, 0xB6, 0xFE, 0xFF, 0xF7, 0xAC, 0xFE, 0x00, 0x2E, 0xCE, 0xD1,
	0xF8, 0xBC, 0x01, 0xBC, 0x00, 0x47, 0x80, 0x23, 0x5B, 0x01, 0x9E, 0x42,
	0xF8, 0xD0, 0x00, 0x26, 0xE5, 0xE7, 0xC0, 0x46, 0xB8, 0xB8, 0xB8, 0xB8,
	0xA8, 0x01, 0x00, 0x04, 0x00, 0x60, 0x40, 0x26, 0xA4, 0x01, 0x00, 0x04,
	0x10, 0x00, 0x10, 0x04, 0xC2, 0x0F, 0x00, 0x00, 0x00, 0x60, 0x40, 0x20,
	0x00, 0x21, 0xB8, 0x20, 0x08, 0x4B, 0x10, 0xB5, 0x03, 0xC3, 0x08, 0x48,
	0xFF, 0xF7, 0x92, 0xFE, 0xFF, 0xF7, 0x7E, 0xFE, 0x06, 0x4B, 0x18, 0x68,
	0x06, 0x4B, 0xC0, 0x18, 0x43, 0x42, 0x58, 0x41, 0x10, 0xBC, 0x02, 0xBC,
	0x08, 0x47, 0xC0, 0x46, 0xA8, 0x01, 0x00, 0x04, 0x04, 0x60, 0x40, 0x27,
	0x10, 0x00, 0x10, 0x04, 0x3E, 0xF0, 0xFF, 0xFF, 0xF8, 0xB5, 0xC0, 0x26,
	0x00, 0x27, 0x04, 0x07, 0x08, 0x4D, 0x24, 0x0E, 0x08, 0x48, 0x2E, 0x60,
	0x6F, 0x60, 0xFF, 0xF7, 0x73, 0xFE, 0xFF, 0xF7, 0x5F, 0xFE, 0xF0, 0x22,
	0x05, 0x4B, 0x1B, 0x68, 0x13, 0x40, 0x9C, 0x42, 0xF2, 0xD1, 0xF8, 0xBC,
	0x01, 0xBC, 0x00, 0x47, 0xA8, 0x01, 0x00, 0x04, 0x04, 0x60, 0x40, 0x27,
	0x10, 0x00, 0x10, 0x04, 0x70, 0xB5, 0x15, 0x00, 0x1C, 0x00, 0x00, 0xF0,
	0x29, 0xF9, 0x0B, 0x00, 0x02, 0x00, 0x16, 0x49, 0x28, 0x00, 0x0C, 0xC1,
	0xFF, 0xF7, 0x56, 0xFE, 0x80, 0x20, 0x04, 0x9B, 0x9B, 0x00, 0x13, 0x49,
	0x13, 0x4D, 0xE3, 0x18, 0x00, 0x04, 0xA2, 0x07, 0x13, 0xD0, 0x0A, 0x68,
	0x02, 0x42, 0x0A, 0xD0, 0x2A, 0x68, 0x9C, 0x42, 0x07, 0xD2, 0x16, 0x0A,
	0x22, 0x70, 0x66, 0x70, 0x16, 0x0C, 0x12, 0x0E, 0xA6, 0x70, 0xE2, 0x70,
	0x04, 0x34, 0x0A, 0x68, 0x00, 0x2A, 0xEE, 0xDB, 0x70, 0xBC, 0x01, 0xBC,
	0x00, 0x47, 0x0A, 0x68, 0x02, 0x42, 0x03, 0xD0, 0x2A, 0x68, 0xA3, 0x42,
	0x00, 0xD9, 0x04, 0xC4, 0x0A, 0x68, 0x00, 0x2A, 0xF5, 0xDB, 0xF1, 0xE7,
	0xA8, 0x01, 0x00, 0x04, 0xA4, 0x01, 0x00, 0x04, 0x10, 0x00, 0x10, 0x04,
	0x22, 0x4B, 0x7B, 0x44, 0x73, 0xB5, 0x1B, 0x68, 0x0C, 0x00, 0x15, 0x00,
	0x01, 0x29, 0x1A, 0xD1, 0x00, 0x2B, 0x00, 0xD1, 0x40, 0x02, 0x00, 0x23,
	0x1D, 0x49, 0x1A, 0x00, 0xFF, 0xF7, 0x30, 0xFE, 0xFF, 0xF7, 0x32, 0xFF,
	0x80, 0x23, 0x98, 0x20, 0xB7, 0x21, 0x00, 0x93, 0x40, 0x03, 0x2B, 0x00,
	0x18, 0x4A, 0x09, 0x06, 0xFF, 0xF7, 0xAA, 0xFF, 0x50, 0x20, 0x00, 0xF0,
	0xF1, 0xF8, 0x01, 0x20, 0x76, 0xBC, 0x02, 0xBC, 0x08, 0x47, 0x00, 0x2B,
	0x00, 0xD1, 0x40, 0x02, 0x00, 0x23, 0x12, 0x49, 0x1A, 0x00, 0xFF, 0xF7,
	0x15, 0xFE, 0x80, 0x26, 0xFF, 0xF7, 0x16, 0xFF, 0x00, 0x2C, 0x04, 0xD1,
	0x21, 0x00, 0x0C, 0x20, 0xFF, 0xF7, 0x74, 0xFE, 0xE9, 0xE7, 0x98, 0x20,
	0xB7, 0x21, 0x2B, 0x00, 0x08, 0x4A, 0x40, 0x03, 0x09, 0x06, 0x00, 0x96,
	0xFF, 0xF7, 0x88, 0xFF, 0x07, 0x20, 0xFF, 0xF7, 0x69, 0xFF, 0x80, 0x23,
	0x9B, 0x00, 0x01, 0x3C, 0xED, 0x18, 0xE7, 0xE7, 0x2E, 0x02, 0x00, 0x00,
	0x11, 0x00, 0x03, 0xD5, 0x04, 0x60, 0x40, 0x21, 0x12, 0x00, 0x04, 0xD5,
	0x80, 0x23, 0xF7, 0xB5, 0x04, 0x00, 0x03, 0x26, 0x9B, 0x00, 0xC5, 0x18,
	0x34, 0x42, 0x12, 0xD0, 0x20, 0x68, 0x00, 0xF0, 0x8F, 0xF8, 0x07, 0x00,
	0x60, 0x68, 0x00, 0xF0, 0x8B, 0xF8, 0x39, 0x00, 0x00, 0x23, 0x15, 0x4A,
	0x00, 0x93, 0x08, 0x34, 0xFF, 0xF7, 0x62, 0xFF, 0xA5, 0x42, 0xED, 0xD1,
	0xF7, 0xBC, 0x01, 0xBC, 0x00, 0x47, 0x63, 0x78, 0x21, 0x78, 0x1B, 0x06,
	0x1B, 0x0E, 0x1B, 0x04, 0x09, 0x06, 0x19, 0x43, 0xA2, 0x78, 0xE3, 0x79,
	0x20, 0x79, 0x1B, 0x06, 0x12, 0x06, 0x1B, 0x0E, 0x12, 0x0E, 0x00, 0x06,
	0x12, 0x02, 0x18, 0x43, 0x63, 0x79, 0x11, 0x43, 0xA2, 0x79, 0xE7, 0x78,
	0x1B, 0x06, 0x1B, 0x0E, 0x12, 0x06, 0x3F, 0x06, 0x1B, 0x04, 0x12, 0x0E,
	0x3F, 0x0E, 0x18, 0x43, 0x12, 0x02, 0x10, 0x43, 0x39, 0x43, 0xD3, 0xE7,
	0x00, 0x60, 0x40, 0x20, 0x1B, 0x4B, 0x7B, 0x44, 0x70, 0xB5, 0x1B, 0x68,
	0x05, 0x00, 0x0C, 0x00, 0x16, 0x00, 0x01, 0x29, 0x12, 0xD1, 0x00, 0x2B,
	0x00, 0xD1, 0x45, 0x02, 0x00, 0x23, 0x28, 0x00, 0x1A, 0x00, 0x15, 0x49,
	0xFF, 0xF7, 0xA2, 0xFD, 0x30, 0x00, 0xFF, 0xF7, 0xAD, 0xFF, 0x00, 0x20,
	0xFF, 0xF7, 0x06, 0xFF, 0x01, 0x20, 0x70, 0xBC, 0x02, 0xBC, 0x08, 0x47,
	0x00, 0x2B, 0x00, 0xD1, 0x45, 0x02, 0x00, 0x2C, 0x05, 0xD1, 0x21, 0x00,
	0x0C, 0x20, 0xFF, 0xF7, 0xF7, 0xFD, 0x20, 0x00, 0xEE, 0xE7, 0x00, 0x23,
	0x09, 0x49, 0x1A, 0x00, 0x28, 0x00, 0xFF, 0xF7, 0x87, 0xFD, 0x30, 0x00,
	0xFF, 0xF7, 0x92, 0xFF, 0x0E, 0x20, 0xFF, 0xF7, 0xEB, 0xFE, 0x80, 0x23,
	0x9B, 0x00, 0x01, 0x3C, 0xF6, 0x18, 0xE6, 0xE7, 0x16, 0x01, 0x00, 0x00,
	0x18, 0x00, 0x05, 0xD5, 0x19, 0x00, 0x06, 0xD5, 0x10, 0xB5, 0xFF, 0xF7,
	0xF3, 0xFD, 0x10, 0xBC, 0x02, 0xBC, 0x08, 0x47, 0x10, 0xB5, 0xFF, 0xF7,
	0xBB, 0xFE, 0x10, 0xBC, 0x02, 0xBC, 0x08, 0x47, 0x01, 0x20, 0x70, 0x47,
	0x10, 0xB5, 0xFF, 0xF7, 0x25, 0xFF, 0x01, 0x20, 0x10, 0xBC, 0x02, 0xBC,
	0x08, 0x47, 0x10, 0xB5, 0xFF, 0xF7, 0xAA, 0xFF, 0x01, 0x20, 0x10, 0xBC,
	0x02, 0xBC, 0x08, 0x47, 0x01, 0x20, 0x70, 0x47, 0x10, 0x21, 0x02, 0x06,
	0x03, 0x0E, 0xC8, 0x41, 0x13, 0x43, 0x02, 0x06, 0x00, 0x0E, 0x10, 0x43,
	0xC8, 0x41, 0x18, 0x43, 0x70, 0x47, 0xC0, 0x46, 0x10, 0x22, 0x10, 0xB5,
	0x03, 0x0E, 0x04, 0x06, 0xD0, 0x41, 0x23, 0x43, 0x04, 0x06, 0x00, 0x0E,
	0x20, 0x43, 0xD0, 0x41, 0x0C, 0x06, 0x03, 0x43, 0x08, 0x0E, 0xD1, 0x41,
	0x20, 0x43, 0x0C, 0x06, 0x09, 0x0E, 0x21, 0x43, 0xD1, 0x41, 0x08, 0x43,
	0x19, 0x00, 0x10, 0xBC, 0x04, 0xBC, 0x10, 0x47, 0x78, 0x47, 0xFD, 0xE7,
	0x7B, 0xFE, 0xFF, 0xEA, 0x78, 0x47, 0xFD, 0xE7, 0x4B, 0xFE, 0xFF, 0xEA,
	0xF8, 0xBC, 0x08, 0xBC, 0x9E, 0x46, 0x70, 0x47, 0x00, 0x00, 0x00, 0x00
};

TWL_CODE ALIGN(16) unsigned char ak2cmd24_dldi[] = {
	0xED, 0xA5, 0x8D, 0xBF, 0x20, 0x43, 0x68, 0x69, 0x73, 0x68, 0x6D, 0x00,
	0x01, 0x0B, 0x08, 0x00, 0x41, 0x63, 0x65, 0x6B, 0x61, 0x72, 0x64, 0x20,
	0x41, 0x4B, 0x32, 0x20, 0x28, 0x43, 0x4D, 0x44, 0x32, 0x34, 0x29, 0x20,
	0x28, 0x76, 0x32, 0x29, 0x00, 0x00, 0x00, 0x00, 0x00, 0x00, 0xA0, 0xE1,
	0x00, 0x00, 0xA0, 0xE1, 0x00, 0x00, 0xA0, 0xE1, 0x00, 0x00, 0xA0, 0xE1,
	0x00, 0x00, 0xA0, 0xE1, 0x00, 0x00, 0x80, 0xBF, 0x24, 0x07, 0x80, 0xBF,
	0x54, 0x01, 0x80, 0xBF, 0x54, 0x01, 0x80, 0xBF, 0x24, 0x07, 0x80, 0xBF,
	0x24, 0x07, 0x80, 0xBF, 0x24, 0x07, 0x80, 0xBF, 0x28, 0x07, 0x80, 0xBF,
	0x52, 0x50, 0x47, 0x53, 0x23, 0x01, 0x00, 0x00, 0x85, 0x06, 0x80, 0xBF,
	0x91, 0x06, 0x80, 0xBF, 0xA1, 0x06, 0x80, 0xBF, 0xAF, 0x06, 0x80, 0xBF,
	0x9D, 0x06, 0x80, 0xBF, 0xBD, 0x06, 0x80, 0xBF, 0x01, 0x00, 0x50, 0xE2,
	0xFD, 0xFF, 0xFF, 0xCA, 0x1E, 0xFF, 0x2F, 0xE1, 0x08, 0x00, 0x51, 0xE3,
	0x24, 0x00, 0x00, 0xBA, 0x04, 0x30, 0x60, 0xE2, 0x83, 0x3F, 0xB0, 0xE1,
	0x01, 0x20, 0xC0, 0x44, 0x01, 0x10, 0x41, 0x42, 0x01, 0x20, 0xC0, 0x24,
	0x01, 0x20, 0xC0, 0x24, 0x02, 0x10, 0x41, 0x22, 0x02, 0x2C, 0xA0, 0xE1,
	0x22, 0x24, 0x82, 0xE1, 0x22, 0x28, 0x82, 0xE1, 0x02, 0x30, 0xA0, 0xE1,
	0x40, 0x00, 0x51, 0xE3, 0x0C, 0x00, 0x00, 0xBA, 0xF0, 0x03, 0x2D, 0xE9,
	0x02, 0x40, 0xA0, 0xE1, 0x03, 0x50, 0xA0, 0xE1, 0x02, 0x60, 0xA0, 0xE1,
	0x03, 0x70, 0xA0, 0xE1, 0x02, 0x80, 0xA0, 0xE1, 0x03, 0x90, 0xA0, 0xE1,
	0x20, 0x10, 0x51, 0xE2, 0xFC, 0x03, 0xA0, 0xA8, 0xFC, 0xFF, 0xFF, 0xCA,
	0xF0, 0x03, 0xBD, 0xE8, 0x1E, 0xFF, 0x2F, 0x01, 0x20, 0x10, 0x81, 0xE2,
	0x08, 0x10, 0x51, 0xE2, 0x0C, 0x00, 0xA0, 0xA8, 0xFC, 0xFF, 0xFF, 0xCA,
	0x1E, 0xFF, 0x2F, 0x01, 0x04, 0x10, 0x91, 0xE2, 0x04, 0x20, 0x80, 0xA4,
	0x1E, 0xFF, 0x2F, 0x01, 0x81, 0x1F, 0xB0, 0xE1, 0xB2, 0x20, 0xC0, 0x20,
	0x01, 0x20, 0xC0, 0x44, 0x1E, 0xFF, 0x2F, 0xE1, 0x01, 0x10, 0x51, 0xE2,
	0x01, 0x20, 0xC0, 0xA4, 0xFC, 0xFF, 0xFF, 0xCA, 0x1E, 0xFF, 0x2F, 0xE1,
	0x01, 0x30, 0xA0, 0xE1, 0x02, 0x10, 0xA0, 0xE1, 0x03, 0x20, 0xA0, 0xE1,
	0x01, 0x40, 0x2D, 0xE9, 0xCF, 0xFF, 0xFF, 0xEB, 0x01, 0x40, 0xBD, 0xE8,
	0x1E, 0xFF, 0x2F, 0xE1, 0x80, 0x23, 0x03, 0x49, 0x1B, 0x04, 0x0A, 0x68,
	0x1A, 0x42, 0xFC, 0xD0, 0x70, 0x47, 0xC0, 0x46, 0xA4, 0x01, 0x00, 0x04,
	0x02, 0x4A, 0x13, 0x68, 0x00, 0x2B, 0xFC, 0xDB, 0x70, 0x47, 0xC0, 0x46,
	0xA4, 0x01, 0x00, 0x04, 0x06, 0x4A, 0x13, 0x88, 0x06, 0x49, 0x0B, 0x40,
	0x80, 0x21, 0x09, 0x02, 0x0B, 0x43, 0x13, 0x80, 0x80, 0x23, 0x04, 0x4A,
	0x1B, 0x06, 0x03, 0x43, 0x13, 0x60, 0x70, 0x47, 0xA0, 0x01, 0x00, 0x04,
	0xFF, 0x9F, 0xFF, 0xFF, 0xA4, 0x01, 0x00, 0x04, 0x01, 0x20, 0x70, 0x47,
	0x01, 0x20, 0x70, 0x47, 0xF0, 0xB5, 0x1E, 0x00, 0x1C, 0x00, 0x73, 0x1E,
	0x9E, 0x41, 0x2B, 0x4B, 0x76, 0x42, 0x1E, 0x40, 0x2A, 0x4B, 0x85, 0xB0,
	0xF6, 0x18, 0x17, 0x00, 0x00, 0xF0, 0x8A, 0xFA, 0x00, 0x90, 0x01, 0x91,
	0x00, 0x9A, 0x01, 0x9B, 0x26, 0x49, 0x30, 0x00, 0x0C, 0xC1, 0xFF, 0xF7,
	0xD1, 0xFF, 0x00, 0x2C, 0x05, 0xD1, 0xFF, 0xF7, 0xC5, 0xFF, 0x05, 0xB0,
	0xF0, 0xBC, 0x01, 0xBC, 0x00, 0x47, 0xE2, 0x08, 0x22, 0x20, 0xBA, 0x18,
	0x30, 0x2C, 0x00, 0xD1, 0x16, 0x38, 0x00, 0x21, 0x1D, 0x4C, 0x80, 0x26,
	0x23, 0x68, 0x36, 0x04, 0x33, 0x42, 0x18, 0xD0, 0x1B, 0x4B, 0x1B, 0x68,
	0x1D, 0x00, 0x01, 0x23, 0x0B, 0x40, 0x02, 0xAE, 0x9F, 0x00, 0xBD, 0x51,
	0x00, 0x2B, 0x0D, 0xD0, 0x07, 0x27, 0x01, 0x3A, 0x07, 0x25, 0xF3, 0x5D,
	0xED, 0x1B, 0xDB, 0x09, 0xAB, 0x40, 0x15, 0x78, 0xAC, 0x46, 0x65, 0x46,
	0x2B, 0x43, 0x13, 0x70, 0x01, 0x3F, 0xF3, 0xD2, 0x01, 0x31, 0x88, 0x42,
	0x02, 0xD9, 0x23, 0x68, 0x00, 0x2B, 0xDC, 0xDB, 0xFF, 0xF7, 0x8A, 0xFF,
	0x21, 0x20, 0x00, 0xF0, 0x65, 0xFA, 0x00, 0x23, 0x07, 0x4A, 0x23, 0x60,
	0x00, 0x9B, 0x01, 0x9C, 0x08, 0x48, 0x18, 0xC2, 0xFF, 0xF7, 0x90, 0xFF,
	0xFF, 0xF7, 0x86, 0xFF, 0xBF, 0xE7, 0xC0, 0x46, 0xD8, 0xFF, 0xFF, 0x00,
	0x50, 0x60, 0x40, 0x20, 0xA8, 0x01, 0x00, 0x04, 0xA4, 0x01, 0x00, 0x04,
	0x10, 0x00, 0x10, 0x04, 0x00, 0x60, 0x40, 0x20, 0x13, 0xB5, 0x00, 0x22,
	0x0C, 0x00, 0x00, 0x23, 0x08, 0x49, 0x00, 0x92, 0x01, 0x93, 0x01, 0x43,
	0x30, 0x23, 0x20, 0x00, 0x6A, 0x46, 0xFF, 0xF7, 0x8B, 0xFF, 0x01, 0x9B,
	0x00, 0x98, 0xDB, 0x05, 0x40, 0x0A, 0x18, 0x18, 0x16, 0xBC, 0x02, 0xBC,
	0x08, 0x47, 0xC0, 0x46, 0x00, 0x00, 0x01, 0xD5, 0x00, 0x23, 0xD5, 0x21,
	0x30, 0xB5, 0x1A, 0x00, 0x00, 0x20, 0x87, 0xB0, 0x09, 0x06, 0xFF, 0xF7,
	0x77, 0xFF, 0xD5, 0x21, 0x08, 0x20, 0x49, 0x00, 0xFF, 0xF7, 0xDA, 0xFF,
	0xAB, 0x38, 0xFF, 0x38, 0x04, 0x00, 0x63, 0x1E, 0x9C, 0x41, 0x64, 0x42,
	0x2E, 0x4B, 0xA4, 0x0F, 0xA4, 0x07, 0x2E, 0x4D, 0xE4, 0x18, 0x00, 0x21,
	0x37, 0x20, 0xFF, 0xF7, 0xCB, 0xFF, 0x21, 0x00, 0x29, 0x20, 0xFF, 0xF7,
	0xC7, 0xFF, 0x00, 0x28, 0x47, 0xDA, 0x29, 0x4B, 0x40, 0x00, 0xC0, 0x0F,
	0x7B, 0x44, 0x18, 0x60, 0x11, 0x22, 0x00, 0x21, 0x01, 0xA8, 0x00, 0xF0,
	0x03, 0xFA, 0x88, 0x23, 0x01, 0xAA, 0x00, 0x20, 0x23, 0x49, 0xFF, 0xF7,
	0x4D, 0xFF, 0x00, 0x21, 0x03, 0x20, 0xFF, 0xF7, 0xB1, 0xFF, 0x11, 0x22,
	0x04, 0x0C, 0x00, 0x21, 0x01, 0xA8, 0x00, 0xF0, 0xF3, 0xF9, 0x88, 0x23,
	0x01, 0xAA, 0x1D, 0x49, 0x20, 0x04, 0xFF, 0xF7, 0x3D, 0xFF, 0x21, 0x04,
	0x07, 0x20, 0xFF, 0xF7, 0xA1, 0xFF, 0x21, 0x04, 0x37, 0x20, 0xFF, 0xF7,
	0x9D, 0xFF, 0x02, 0x21, 0x06, 0x20, 0xFF, 0xF7, 0x99, 0xFF, 0x0D, 0x20,
	0x21, 0x04, 0xFF, 0xF7, 0x95, 0xFF, 0x43, 0x0A, 0x00, 0x20, 0x04, 0x2B,
	0x0F, 0xD1, 0x12, 0x4B, 0x7B, 0x44, 0x1B, 0x68, 0x83, 0x42, 0x09, 0xD0,
	0xC2, 0x20, 0x00, 0x21, 0x0F, 0x4B, 0xFF, 0x30, 0x03, 0xC3, 0x0F, 0x48,
	0xFF, 0xF7, 0x04, 0xFF, 0xFF, 0xF7, 0xFA, 0xFE, 0x01, 0x20, 0x07, 0xB0,
	0x30, 0xBC, 0x02, 0xBC, 0x08, 0x47, 0x0B, 0x48, 0x01, 0x3D, 0x00, 0xF0,
	0xC5, 0xF9, 0x00, 0x2D, 0xA7, 0xD1, 0xB5, 0xE7, 0x00, 0x80, 0xFF, 0x40,
	0x10, 0x27, 0x00, 0x00, 0x2C, 0x04, 0x00, 0x00, 0x02, 0x00, 0x01, 0xD5,
	0x09, 0x00, 0x01, 0xD5, 0xC8, 0x03, 0x00, 0x00, 0xA8, 0x01, 0x00, 0x04,
	0x00, 0x60, 0x40, 0x20, 0x82, 0x06, 0x00, 0x00, 0xF8, 0xB5, 0x1D, 0x4B,
	0x1D, 0x4D, 0x1C, 0x4C, 0x80, 0x27, 0x2B, 0x60, 0x6C, 0x60, 0x1C, 0x48,
	0xFF, 0xF7, 0xDA, 0xFE, 0x00, 0x26, 0x3F, 0x04, 0x1A, 0x4C, 0x23, 0x68,
	0x3B, 0x42, 0x08, 0xD0, 0x19, 0x4B, 0x1A, 0x68, 0x19, 0x4B, 0x01, 0x36,
	0x9A, 0x42, 0x1E, 0xD0, 0x10, 0x20, 0x00, 0xF0, 0x97, 0xF9, 0x23, 0x68,
	0x00, 0x2B, 0xEF, 0xDB, 0x80, 0x23, 0x5B, 0x01, 0x9E, 0x42, 0xE0, 0xD0,
	0x01, 0x26, 0xFF, 0xF7, 0xAF, 0xFE, 0x21, 0x20, 0x00, 0xF0, 0x8A, 0xF9,
	0x00, 0x23, 0x23, 0x60, 0x09, 0x4B, 0x09, 0x4C, 0x0E, 0x48, 0x18, 0xC5,
	0xFF, 0xF7, 0xB6, 0xFE, 0xFF, 0xF7, 0xAC, 0xFE, 0x00, 0x2E, 0xCE, 0xD1,
	0xF8, 0xBC, 0x01, 0xBC, 0x00, 0x47, 0x80, 0x23, 0x5B, 0x01, 0x9E, 0x42,
	0xF8, 0xD0, 0x00, 0x26, 0xE5, 0xE7, 0xC0, 0x46, 0xB8, 0xB8, 0xB8, 0xB8,
	0xA8, 0x01, 0x00, 0x04, 0x00, 0x60, 0x40, 0x26, 0xA4, 0x01, 0x00, 0x04,
	0x10, 0x00, 0x10, 0x04, 0xC2, 0x0F, 0x00, 0x00, 0x00, 0x60, 0x40, 0x20,
	0x00, 0x21, 0xB8, 0x20, 0x08, 0x4B, 0x10, 0xB5, 0x03, 0xC3, 0x08, 0x48,
	0xFF, 0xF7, 0x92, 0xFE, 0xFF, 0xF7, 0x7E, 0xFE, 0x06, 0x4B, 0x18, 0x68,
	0x06, 0x4B, 0xC0, 0x18, 0x43, 0x42, 0x58, 0x41, 0x10, 0xBC, 0x02, 0xBC,
	0x08, 0x47, 0xC0, 0x46, 0xA8, 0x01, 0x00, 0x04, 0x04, 0x60, 0x40, 0x27,
	0x10, 0x00, 0x10, 0x04, 0x3E, 0xF0, 0xFF, 0xFF, 0xF8, 0xB5, 0xC0, 0x26,
	0x00, 0x27, 0x04, 0x07, 0x08, 0x4D, 0x24, 0x0E, 0x08, 0x48, 0x2E, 0x60,
	0x6F, 0x60, 0xFF, 0xF7, 0x73, 0xFE, 0xFF, 0xF7, 0x5F, 0xFE, 0xF0, 0x22,
	0x05, 0x4B, 0x1B, 0x68, 0x13, 0x40, 0x9C, 0x42, 0xF2, 0xD1, 0xF8, 0xBC,
	0x01, 0xBC, 0x00, 0x47, 0xA8, 0x01, 0x00, 0x04, 0x04, 0x60, 0x40, 0x27,
	0x10, 0x00, 0x10, 0x04, 0x70, 0xB5, 0x15, 0x00, 0x1C, 0x00, 0x00, 0xF0,
	0x0D, 0xF9, 0x0B, 0x00, 0x02, 0x00, 0x16, 0x49, 0x28, 0x00, 0x0C, 0xC1,
	0xFF, 0xF7, 0x56, 0xFE, 0x80, 0x20, 0x04, 0x9B, 0x9B, 0x00, 0x13, 0x49,
	0x13, 0x4D, 0xE3, 0x18, 0x00, 0x04, 0xA2, 0x07, 0x13, 0xD0, 0x0A, 0x68,
	0x02, 0x42, 0x0A, 0xD0, 0x2A, 0x68, 0x9C, 0x42, 0x07, 0xD2, 0x16, 0x0A,
	0x22, 0x70, 0x66, 0x70, 0x16, 0x0C, 0x12, 0x0E, 0xA6, 0x70, 0xE2, 0x70,
	0x04, 0x34, 0x0A, 0x68, 0x00, 0x2A, 0xEE, 0xDB, 0x70, 0xBC, 0x01, 0xBC,
	0x00, 0x47, 0x0A, 0x68, 0x02, 0x42, 0x03, 0xD0, 0x2A, 0x68, 0xA3, 0x42,
	0x00, 0xD9, 0x04, 0xC4, 0x0A, 0x68, 0x00, 0x2A, 0xF5, 0xDB, 0xF1, 0xE7,
	0xA8, 0x01, 0x00, 0x04, 0xA4, 0x01, 0x00, 0x04, 0x10, 0x00, 0x10, 0x04,
	0x22, 0x4B, 0x7B, 0x44, 0x73, 0xB5, 0x1B, 0x68, 0x0C, 0x00, 0x15, 0x00,
	0x01, 0x29, 0x1A, 0xD1, 0x00, 0x2B, 0x00, 0xD1, 0x40, 0x02, 0x00, 0x23,
	0x1D, 0x49, 0x1A, 0x00, 0xFF, 0xF7, 0x30, 0xFE, 0xFF, 0xF7, 0x32, 0xFF,
	0x80, 0x23, 0x98, 0x20, 0xB7, 0x21, 0x00, 0x93, 0x40, 0x03, 0x2B, 0x00,
	0x18, 0x4A, 0x09, 0x06, 0xFF, 0xF7, 0xAA, 0xFF, 0x50, 0x20, 0x00, 0xF0,
	0xD5, 0xF8, 0x01, 0x20, 0x76, 0xBC, 0x02, 0xBC, 0x08, 0x47, 0x00, 0x2B,
	0x00, 0xD1, 0x40, 0x02, 0x00, 0x23, 0x12, 0x49, 0x1A, 0x00, 0xFF, 0xF7,
	0x15, 0xFE, 0x80, 0x26, 0xFF, 0xF7, 0x16, 0xFF, 0x00, 0x2C, 0x04, 0xD1,
	0x21, 0x00, 0x0C, 0x20, 0xFF, 0xF7, 0x74, 0xFE, 0xE9, 0xE7, 0x98, 0x20,
	0xB7, 0x21, 0x2B, 0x00, 0x08, 0x4A, 0x40, 0x03, 0x09, 0x06, 0x00, 0x96,
	0xFF, 0xF7, 0x88, 0xFF, 0x07, 0x20, 0xFF, 0xF7, 0x69, 0xFF, 0x80, 0x23,
	0x9B, 0x00, 0x01, 0x3C, 0xED, 0x18, 0xE7, 0xE7, 0xF6, 0x01, 0x00, 0x00,
	0x11, 0x00, 0x03, 0xD5, 0x04, 0x60, 0x40, 0x21, 0x12, 0x00, 0x04, 0xD5,
	0xF0, 0xB5, 0x06, 0x00, 0x17, 0x00, 0x85, 0xB0, 0x0B, 0x18, 0x03, 0x93,
	0x03, 0x9B, 0x9E, 0x42, 0x04, 0xD1, 0x01, 0x20, 0x05, 0xB0, 0xF0, 0xBC,
	0x02, 0xBC, 0x08, 0x47, 0x25, 0x4B, 0x7B, 0x44, 0x1B, 0x68, 0x30, 0x00,
	0x00, 0x2B, 0x00, 0xD1, 0x70, 0x02, 0x00, 0x23, 0x22, 0x49, 0x1A, 0x00,
	0xFF, 0xF7, 0xD8, 0xFD, 0x3C, 0x00, 0x03, 0x23, 0x1C, 0x42, 0x19, 0xD0,
	0x20, 0x68, 0x00, 0xF0, 0x5D, 0xF8, 0x05, 0x00, 0x60, 0x68, 0x00, 0xF0,
	0x59, 0xF8, 0x29, 0x00, 0x00, 0x25, 0x1B, 0x4A, 0x2B, 0x00, 0x00, 0x95,
	0xFF, 0xF7, 0x4C, 0xFF, 0x80, 0x23, 0x9B, 0x00, 0x08, 0x34, 0xFB, 0x18,
	0x9C, 0x42, 0xE8, 0xD1, 0x28, 0x00, 0xFF, 0xF7, 0x27, 0xFF, 0x27, 0x00,
	0x01, 0x36, 0xCD, 0xE7, 0x63, 0x78, 0x21, 0x78, 0x1B, 0x06, 0x1B, 0x0E,
	0x1B, 0x04, 0x09, 0x06, 0x19, 0x43, 0xA3, 0x78, 0x1B, 0x06, 0x1B, 0x0E,
	0x1B, 0x02, 0xE2, 0x79, 0x19, 0x43, 0x23, 0x79, 0x12, 0x06, 0x1B, 0x06,
	0x12, 0x0E, 0x1A, 0x43, 0x63, 0x79, 0x1B, 0x06, 0x1B, 0x0E, 0x1B, 0x04,
	0x1A, 0x43, 0xA3, 0x79, 0xE5, 0x78, 0x1B, 0x06, 0x2D, 0x06, 0x1B, 0x0E,
	0x2D, 0x0E, 0x18, 0x02, 0x10, 0x43, 0x29, 0x43, 0xCC, 0xE7, 0xC0, 0x46,
	0x3E, 0x01, 0x00, 0x00, 0x18, 0x00, 0x05, 0xD5, 0x00, 0x60, 0x40, 0x20,
	0x10, 0xB5, 0xFF, 0xF7, 0x0F, 0xFE, 0x10, 0xBC, 0x02, 0xBC, 0x08, 0x47,
	0x10, 0xB5, 0xFF, 0xF7, 0xD7, 0xFE, 0x10, 0xBC, 0x02, 0xBC, 0x08, 0x47,
	0x01, 0x20, 0x70, 0x47, 0x10, 0xB5, 0xFF, 0xF7, 0x41, 0xFF, 0x01, 0x20,
	0x10, 0xBC, 0x02, 0xBC, 0x08, 0x47, 0x10, 0xB5, 0xFF, 0xF7, 0x88, 0xFF,
	0x01, 0x20, 0x10, 0xBC, 0x02, 0xBC, 0x08, 0x47, 0x01, 0x20, 0x70, 0x47,
	0x10, 0x21, 0x02, 0x06, 0x03, 0x0E, 0xC8, 0x41, 0x13, 0x43, 0x02, 0x06,
	0x00, 0x0E, 0x10, 0x43, 0xC8, 0x41, 0x18, 0x43, 0x70, 0x47, 0xC0, 0x46,
	0x10, 0x22, 0x10, 0xB5, 0x03, 0x0E, 0x04, 0x06, 0xD0, 0x41, 0x23, 0x43,
	0x04, 0x06, 0x00, 0x0E, 0x20, 0x43, 0xD0, 0x41, 0x0C, 0x06, 0x03, 0x43,
	0x08, 0x0E, 0xD1, 0x41, 0x20, 0x43, 0x0C, 0x06, 0x09, 0x0E, 0x21, 0x43,
	0xD1, 0x41, 0x08, 0x43, 0x19, 0x00, 0x10, 0xBC, 0x04, 0xBC, 0x10, 0x47,
	0x78, 0x47, 0xFD, 0xE7, 0x89, 0xFE, 0xFF, 0xEA, 0x78, 0x47, 0xFD, 0xE7,
	0x59, 0xFE, 0xFF, 0xEA, 0xF8, 0xBC, 0x08, 0xBC, 0x9E, 0x46, 0x70, 0x47,
	0x00, 0x00, 0x00, 0x00
};

TWL_CODE ALIGN(16) unsigned char ez5n_dldi[] = {
	0xED, 0xA5, 0x8D, 0xBF, 0x20, 0x43, 0x68, 0x69, 0x73, 0x68, 0x6D, 0x00,
	0x01, 0x0A, 0x00, 0x00, 0x45, 0x5A, 0x2D, 0x46, 0x6C, 0x61, 0x73, 0x68,
	0x20, 0x50, 0x61, 0x72, 0x61, 0x6C, 0x6C, 0x65, 0x6C, 0x00, 0x00, 0x00,
	0x00, 0x00, 0xA0, 0xE1, 0x00, 0x00, 0xA0, 0xE1, 0x00, 0x00, 0xA0, 0xE1,
	0x00, 0x00, 0xA0, 0xE1, 0x00, 0x00, 0xA0, 0xE1, 0x00, 0x00, 0xA0, 0xE1,
	0x00, 0x00, 0xA0, 0xE1, 0x00, 0x00, 0x80, 0xBF, 0x4C, 0x03, 0x80, 0xBF,
	0x80, 0x00, 0x80, 0xBF, 0x80, 0x00, 0x80, 0xBF, 0x4C, 0x03, 0x80, 0xBF,
	0x4C, 0x03, 0x80, 0xBF, 0x4C, 0x03, 0x80, 0xBF, 0x4C, 0x03, 0x80, 0xBF,
	0x45, 0x5A, 0x35, 0x4E, 0x23, 0x01, 0x00, 0x00, 0xC5, 0x02, 0x80, 0xBF,
	0xD1, 0x02, 0x80, 0xBF, 0xE1, 0x02, 0x80, 0xBF, 0xEF, 0x02, 0x80, 0xBF,
	0xDD, 0x02, 0x80, 0xBF, 0xFD, 0x02, 0x80, 0xBF, 0x06, 0x4A, 0x13, 0x88,
	0x06, 0x49, 0x0B, 0x40, 0x80, 0x21, 0x09, 0x02, 0x0B, 0x43, 0x13, 0x80,
	0x80, 0x23, 0x04, 0x4A, 0x1B, 0x06, 0x03, 0x43, 0x13, 0x60, 0x70, 0x47,
	0xA0, 0x01, 0x00, 0x04, 0xFF, 0x9F, 0xFF, 0xFF, 0xA4, 0x01, 0x00, 0x04,
	0x01, 0x20, 0x70, 0x47, 0x01, 0x20, 0x70, 0x47, 0x10, 0xB5, 0x14, 0x00,
	0x00, 0xF0, 0x24, 0xF9, 0x0B, 0x00, 0x02, 0x00, 0x07, 0x49, 0x20, 0x00,
	0x0C, 0xC1, 0xFF, 0xF7, 0xDD, 0xFF, 0x80, 0x23, 0x05, 0x49, 0x1B, 0x04,
	0x0A, 0x68, 0x1A, 0x42, 0xFC, 0xD0, 0x04, 0x4B, 0x18, 0x68, 0x10, 0xBC,
	0x02, 0xBC, 0x08, 0x47, 0xA8, 0x01, 0x00, 0x04, 0xA4, 0x01, 0x00, 0x04,
	0x10, 0x00, 0x10, 0x04, 0xB8, 0x21, 0x10, 0xB5, 0x01, 0x20, 0x06, 0x4A,
	0x09, 0x06, 0xFF, 0xF7, 0xDD, 0xFF, 0x07, 0x23, 0x18, 0x40, 0x02, 0x38,
	0x43, 0x42, 0x58, 0x41, 0x10, 0xBC, 0x02, 0xBC, 0x08, 0x47, 0xC0, 0x46,
	0x00, 0x62, 0x58, 0x27, 0x10, 0xB5, 0xFF, 0xF7, 0xEB, 0xFF, 0x10, 0xBC,
	0x02, 0xBC, 0x08, 0x47, 0xF7, 0xB5, 0x0D, 0x00, 0x01, 0x90, 0x14, 0x00,
	0x00, 0x2D, 0x03, 0xD1, 0x01, 0x20, 0xFE, 0xBC, 0x02, 0xBC, 0x08, 0x47,
	0x2E, 0x00, 0x04, 0x2D, 0x00, 0xD9, 0x04, 0x26, 0xB9, 0x27, 0x3F, 0x06,
	0x37, 0x43, 0x39, 0x00, 0x1E, 0x4A, 0x01, 0x98, 0xFF, 0xF7, 0xB6, 0xFF,
	0x00, 0x28, 0xF8, 0xD1, 0x1C, 0x4A, 0x73, 0x1E, 0x9B, 0x00, 0x7A, 0x44,
	0xBA, 0x21, 0x98, 0x58, 0x00, 0x22, 0x1A, 0x4B, 0x06, 0xC3, 0xFF, 0xF7,
	0x91, 0xFF, 0x80, 0x23, 0x72, 0x02, 0x1B, 0x04, 0x9C, 0x46, 0x17, 0x49,
	0xA2, 0x18, 0xA3, 0x07, 0x17, 0xD0, 0x16, 0x48, 0x67, 0x46, 0x0B, 0x68,
	0x3B, 0x42, 0x0A, 0xD0, 0x03, 0x68, 0xA2, 0x42, 0x07, 0xD9, 0x1F, 0x0A,
	0x23, 0x70, 0x67, 0x70, 0x1F, 0x0C, 0x1B, 0x0E, 0xA7, 0x70, 0xE3, 0x70,
	0x04, 0x34, 0x0B, 0x68, 0x00, 0x2B, 0xED, 0xDB, 0x01, 0x9B, 0x9B, 0x19,
	0x01, 0x93, 0xAD, 0x1B, 0xBF, 0xE7, 0x0A, 0x4B, 0x67, 0x46, 0x08, 0x68,
	0x38, 0x42, 0x03, 0xD0, 0x18, 0x68, 0xA2, 0x42, 0x00, 0xD9, 0x01, 0xC4,
	0x08, 0x68, 0x00, 0x28, 0xF4, 0xDB, 0xED, 0xE7, 0xC8, 0x60, 0x58, 0x27,
	0xE6, 0x01, 0x00, 0x00, 0xA8, 0x01, 0x00, 0x04, 0xA4, 0x01, 0x00, 0x04,
	0x10, 0x00, 0x10, 0x04, 0xF0, 0xB5, 0x0C, 0x00, 0x85, 0xB0, 0x02, 0x90,
	0x03, 0x92, 0x00, 0x2C, 0x04, 0xD1, 0x01, 0x20, 0x05, 0xB0, 0xF0, 0xBC,
	0x02, 0xBC, 0x08, 0x47, 0x25, 0x00, 0x04, 0x2C, 0x00, 0xD9, 0x04, 0x25,
	0x00, 0x22, 0x00, 0x23, 0x00, 0x92, 0x01, 0x93, 0x03, 0x9E, 0x01, 0x9B,
	0x2C, 0x49, 0x00, 0x98, 0x19, 0x43, 0x00, 0xF0, 0x7F, 0xF8, 0x02, 0x00,
	0x0B, 0x00, 0x2A, 0x49, 0x2A, 0x48, 0x0C, 0xC1, 0xFF, 0xF7, 0x38, 0xFF,
	0x80, 0x21, 0x03, 0x22, 0x80, 0x20, 0x89, 0x00, 0x33, 0x00, 0x32, 0x40,
	0x00, 0x04, 0x76, 0x18, 0x25, 0x49, 0x00, 0x2A, 0x0D, 0xD1, 0x25, 0x4F,
	0xBC, 0x46, 0x0F, 0x68, 0x07, 0x42, 0x04, 0xD0, 0xB3, 0x42, 0x00, 0xD2,
	0x04, 0xCB, 0x67, 0x46, 0x3A, 0x60, 0x0F, 0x68, 0x00, 0x2F, 0xF4, 0xDB,
	0x16, 0xE0, 0x00, 0x22, 0x0F, 0x68, 0x07, 0x42, 0x0F, 0xD0, 0xB3, 0x42,
	0x0B, 0xD2, 0x1A, 0x78, 0x17, 0x00, 0x5A, 0x78, 0x12, 0x02, 0x3A, 0x43,
	0x9F, 0x78, 0x3F, 0x04, 0x17, 0x43, 0xDA, 0x78, 0x12, 0x06, 0x3A, 0x43,
	0x04, 0x33, 0x15, 0x4F, 0x3A, 0x60, 0x0F, 0x68, 0x00, 0x2F, 0xE9, 0xDB,
	0x01, 0x20, 0x00, 0x21, 0x00, 0x9A, 0x01, 0x9B, 0x12, 0x18, 0x4B, 0x41,
	0x00, 0x92, 0x01, 0x93, 0x00, 0x9B, 0x9D, 0x42, 0xB7, 0xD8, 0xBC, 0x26,
	0x03, 0x9A, 0x6B, 0x02, 0x9B, 0x18, 0x36, 0x06, 0x03, 0x93, 0x2E, 0x43,
	0x31, 0x00, 0x0A, 0x4A, 0x02, 0x98, 0xFF, 0xF7, 0x09, 0xFF, 0x00, 0x28,
	0xF8, 0xD1, 0x02, 0x9B, 0x5B, 0x19, 0x02, 0x93, 0x64, 0x1B, 0x94, 0xE7,
	0x01, 0x00, 0x00, 0xBB, 0xA8, 0x01, 0x00, 0x04, 0xFF, 0x7F, 0x5A, 0x61,
	0xA4, 0x01, 0x00, 0x04, 0x10, 0x00, 0x10, 0x04, 0x90, 0x61, 0x58, 0x27,
	0x10, 0xB5, 0xFF, 0xF7, 0x0F, 0xFF, 0x10, 0xBC, 0x02, 0xBC, 0x08, 0x47,
	0x10, 0xB5, 0xFF, 0xF7, 0x1B, 0xFF, 0x10, 0xBC, 0x02, 0xBC, 0x08, 0x47,
	0x01, 0x20, 0x70, 0x47, 0x10, 0xB5, 0xFF, 0xF7, 0x19, 0xFF, 0x01, 0x20,
	0x10, 0xBC, 0x02, 0xBC, 0x08, 0x47, 0x10, 0xB5, 0xFF, 0xF7, 0x6C, 0xFF,
	0x01, 0x20, 0x10, 0xBC, 0x02, 0xBC, 0x08, 0x47, 0x01, 0x20, 0x70, 0x47,
	0x10, 0x22, 0x10, 0xB5, 0x03, 0x0E, 0x04, 0x06, 0xD0, 0x41, 0x23, 0x43,
	0x04, 0x06, 0x00, 0x0E, 0x20, 0x43, 0xD0, 0x41, 0x0C, 0x06, 0x03, 0x43,
	0x08, 0x0E, 0xD1, 0x41, 0x20, 0x43, 0x0C, 0x06, 0x09, 0x0E, 0x21, 0x43,
	0xD1, 0x41, 0x08, 0x43, 0x19, 0x00, 0x10, 0xBC, 0x04, 0xBC, 0x10, 0x47,
	0xF8, 0xBC, 0x08, 0xBC, 0x9E, 0x46, 0x70, 0x47, 0x00, 0x60, 0x5A, 0x21,
	0x00, 0x60, 0x5A, 0x22, 0x00, 0x60, 0x5A, 0x23, 0x00, 0x60, 0x5A, 0x23,
	0x00, 0x00, 0x00, 0x00
};

TWL_CODE ALIGN(16) unsigned char ez5i_dldi[] = {
	0xED, 0xA5, 0x8D, 0xBF, 0x20, 0x43, 0x68, 0x69, 0x73, 0x68, 0x6D, 0x00,
	0x01, 0x0B, 0x08, 0x00, 0x45, 0x5A, 0x2D, 0x46, 0x6C, 0x61, 0x73, 0x68,
	0x20, 0x56, 0x69, 0x00, 0x00, 0x00, 0xA0, 0xE1, 0x00, 0x00, 0xA0, 0xE1,
	0x00, 0x00, 0xA0, 0xE1, 0x00, 0x00, 0xA0, 0xE1, 0x00, 0x00, 0xA0, 0xE1,
	0x00, 0x00, 0xA0, 0xE1, 0x00, 0x00, 0xA0, 0xE1, 0x00, 0x00, 0xA0, 0xE1,
	0x00, 0x00, 0xA0, 0xE1, 0x00, 0x00, 0x80, 0xBF, 0x3C, 0x07, 0x80, 0xBF,
	0x48, 0x01, 0x80, 0xBF, 0x48, 0x01, 0x80, 0xBF, 0x3C, 0x07, 0x80, 0xBF,
	0x3C, 0x07, 0x80, 0xBF, 0x3C, 0x07, 0x80, 0xBF, 0x40, 0x07, 0x80, 0xBF,
	0x45, 0x5A, 0x35, 0x69, 0x23, 0x01, 0x00, 0x00, 0xAD, 0x06, 0x80, 0xBF,
	0xBB, 0x06, 0x80, 0xBF, 0xC3, 0x06, 0x80, 0xBF, 0xCF, 0x06, 0x80, 0xBF,
	0xBF, 0x06, 0x80, 0xBF, 0xDB, 0x06, 0x80, 0xBF, 0x08, 0x00, 0x51, 0xE3,
	0x24, 0x00, 0x00, 0xBA, 0x04, 0x30, 0x60, 0xE2, 0x83, 0x3F, 0xB0, 0xE1,
	0x01, 0x20, 0xC0, 0x44, 0x01, 0x10, 0x41, 0x42, 0x01, 0x20, 0xC0, 0x24,
	0x01, 0x20, 0xC0, 0x24, 0x02, 0x10, 0x41, 0x22, 0x02, 0x2C, 0xA0, 0xE1,
	0x22, 0x24, 0x82, 0xE1, 0x22, 0x28, 0x82, 0xE1, 0x02, 0x30, 0xA0, 0xE1,
	0x40, 0x00, 0x51, 0xE3, 0x0C, 0x00, 0x00, 0xBA, 0xF0, 0x03, 0x2D, 0xE9,
	0x02, 0x40, 0xA0, 0xE1, 0x03, 0x50, 0xA0, 0xE1, 0x02, 0x60, 0xA0, 0xE1,
	0x03, 0x70, 0xA0, 0xE1, 0x02, 0x80, 0xA0, 0xE1, 0x03, 0x90, 0xA0, 0xE1,
	0x20, 0x10, 0x51, 0xE2, 0xFC, 0x03, 0xA0, 0xA8, 0xFC, 0xFF, 0xFF, 0xCA,
	0xF0, 0x03, 0xBD, 0xE8, 0x1E, 0xFF, 0x2F, 0x01, 0x20, 0x10, 0x81, 0xE2,
	0x08, 0x10, 0x51, 0xE2, 0x0C, 0x00, 0xA0, 0xA8, 0xFC, 0xFF, 0xFF, 0xCA,
	0x1E, 0xFF, 0x2F, 0x01, 0x04, 0x10, 0x91, 0xE2, 0x04, 0x20, 0x80, 0xA4,
	0x1E, 0xFF, 0x2F, 0x01, 0x81, 0x1F, 0xB0, 0xE1, 0xB2, 0x20, 0xC0, 0x20,
	0x01, 0x20, 0xC0, 0x44, 0x1E, 0xFF, 0x2F, 0xE1, 0x01, 0x10, 0x51, 0xE2,
	0x01, 0x20, 0xC0, 0xA4, 0xFC, 0xFF, 0xFF, 0xCA, 0x1E, 0xFF, 0x2F, 0xE1,
	0x01, 0x30, 0xA0, 0xE1, 0x02, 0x10, 0xA0, 0xE1, 0x03, 0x20, 0xA0, 0xE1,
	0x01, 0x40, 0x2D, 0xE9, 0xCF, 0xFF, 0xFF, 0xEB, 0x01, 0x40, 0xBD, 0xE8,
	0x1E, 0xFF, 0x2F, 0xE1, 0x01, 0x20, 0x70, 0x47, 0x01, 0x20, 0x70, 0x47,
	0x01, 0x20, 0x70, 0x47, 0x70, 0xB5, 0x15, 0x00, 0x1C, 0x00, 0x00, 0xF0,
	0xCD, 0xFA, 0x19, 0x4B, 0x03, 0xC3, 0x80, 0x20, 0x18, 0x49, 0x19, 0x4B,
	0x0A, 0x88, 0x1A, 0x40, 0x18, 0x4B, 0x13, 0x43, 0x0B, 0x80, 0x18, 0x49,
	0x0D, 0x60, 0x04, 0x9B, 0x9B, 0x00, 0x17, 0x4D, 0xE3, 0x18, 0x00, 0x04,
	0xA2, 0x07, 0x13, 0xD0, 0x0A, 0x68, 0x02, 0x42, 0x0A, 0xD0, 0x2A, 0x68,
	0x9C, 0x42, 0x07, 0xD2, 0x16, 0x0A, 0x22, 0x70, 0x66, 0x70, 0x16, 0x0C,
	0x12, 0x0E, 0xA6, 0x70, 0xE2, 0x70, 0x04, 0x34, 0x0A, 0x68, 0x00, 0x2A,
	0xEE, 0xDB, 0x70, 0xBC, 0x01, 0xBC, 0x00, 0x47, 0x0A, 0x68, 0x02, 0x42,
	0x03, 0xD0, 0x2A, 0x68, 0x9C, 0x42, 0x00, 0xD2, 0x04, 0xC4, 0x0A, 0x68,
	0x00, 0x2A, 0xF5, 0xDB, 0xF1, 0xE7, 0xC0, 0x46, 0xA8, 0x01, 0x00, 0x04,
	0xA0, 0x01, 0x00, 0x04, 0xFF, 0x9F, 0xFF, 0xFF, 0x00, 0x80, 0xFF, 0xFF,
	0xA4, 0x01, 0x00, 0x04, 0x10, 0x00, 0x10, 0x04, 0x10, 0xB5, 0x00, 0xF0,
	0x8B, 0xFA, 0x0B, 0x4B, 0x03, 0xC3, 0x0B, 0x49, 0x0B, 0x4B, 0x0A, 0x88,
	0x1A, 0x40, 0x0B, 0x4B, 0x13, 0x43, 0x0B, 0x80, 0x0A, 0x4A, 0x0B, 0x4B,
	0x1A, 0x60, 0x80, 0x22, 0x12, 0x04, 0x19, 0x68, 0x11, 0x42, 0xFC, 0xD0,
	0x08, 0x4B, 0x18, 0x68, 0x10, 0xBC, 0x02, 0xBC, 0x08, 0x47, 0xC0, 0x46,
	0xA8, 0x01, 0x00, 0x04, 0xA0, 0x01, 0x00, 0x04, 0xFF, 0x9F, 0xFF, 0xFF,
	0x00, 0x80, 0xFF, 0xFF, 0x00, 0x60, 0x58, 0xA7, 0xA4, 0x01, 0x00, 0x04,
	0x10, 0x00, 0x10, 0x04, 0x10, 0xB5, 0xFF, 0xF7, 0xD5, 0xFF, 0x10, 0xBC,
	0x02, 0xBC, 0x08, 0x47, 0xF8, 0xB5, 0x0D, 0x00, 0x2E, 0x49, 0x01, 0x43,
	0x28, 0x00, 0x14, 0x00, 0x1E, 0x00, 0x63, 0x25, 0xFF, 0xF7, 0xF0, 0xFF,
	0xFF, 0x27, 0x00, 0x20, 0x2A, 0x49, 0x01, 0x3D, 0xFF, 0xF7, 0xC2, 0xFF,
	0x00, 0x2D, 0x4B, 0xD0, 0x38, 0x42, 0xF6, 0xD1, 0x00, 0x2C, 0x07, 0xD0,
	0x03, 0x04, 0x1B, 0x0E, 0x23, 0x70, 0x03, 0x02, 0x1B, 0x0E, 0x00, 0x0E,
	0x63, 0x70, 0xA0, 0x70, 0x00, 0x20, 0x22, 0x49, 0xFF, 0xF7, 0xD8, 0xFF,
	0x00, 0x2C, 0x33, 0xD0, 0x03, 0x04, 0x1B, 0x0E, 0x23, 0x71, 0x03, 0x02,
	0x1B, 0x0E, 0xE0, 0x70, 0x63, 0x71, 0x06, 0x2E, 0x2C, 0xD1, 0x00, 0x0E,
	0xA0, 0x71, 0x00, 0x20, 0x1A, 0x49, 0xFF, 0xF7, 0xC7, 0xFF, 0x00, 0x2C,
	0x08, 0xD0, 0x03, 0x04, 0x1B, 0x0E, 0x23, 0x72, 0x03, 0x02, 0xE0, 0x71,
	0x1B, 0x0E, 0x00, 0x0E, 0x63, 0x72, 0xA0, 0x72, 0x00, 0x20, 0x14, 0x49,
	0xFF, 0xF7, 0xB8, 0xFF, 0x00, 0x2C, 0x08, 0xD0, 0x03, 0x04, 0x1B, 0x0E,
	0x23, 0x73, 0x03, 0x02, 0xE0, 0x72, 0x1B, 0x0E, 0x00, 0x0E, 0x63, 0x73,
	0xA0, 0x73, 0x00, 0x20, 0x0D, 0x49, 0xFF, 0xF7, 0xA9, 0xFF, 0x00, 0x2C,
	0x06, 0xD0, 0xE0, 0x73, 0x00, 0x04, 0x00, 0x0E, 0x20, 0x74, 0x01, 0xE0,
	0x06, 0x2E, 0xD4, 0xD1, 0x01, 0x20, 0xF8, 0xBC, 0x02, 0xBC, 0x08, 0x47,
	0x28, 0x00, 0xFA, 0xE7, 0x40, 0x00, 0xAA, 0xB9, 0x00, 0x01, 0xAA, 0xB9,
	0x00, 0x02, 0xAA, 0xB9, 0x00, 0x03, 0xAA, 0xB9, 0x00, 0x04, 0xAA, 0xB9,
	0x00, 0x05, 0xAA, 0xB9, 0xF0, 0xB5, 0x8D, 0xB0, 0x07, 0xAC, 0x11, 0x22,
	0x00, 0x21, 0x20, 0x00, 0x00, 0xF0, 0x04, 0xFA, 0x80, 0x25, 0x00, 0x23,
	0x00, 0x20, 0x00, 0x93, 0x4F, 0x4A, 0x50, 0x49, 0x01, 0x3D, 0xFF, 0xF7,
	0x11, 0xFF, 0x00, 0x2D, 0xF5, 0xD1, 0x00, 0x20, 0x4D, 0x49, 0xFF, 0xF7,
	0x77, 0xFF, 0x80, 0x35, 0x00, 0x23, 0x00, 0x20, 0x00, 0x93, 0x48, 0x4A,
	0x48, 0x49, 0x01, 0x3D, 0xFF, 0xF7, 0x02, 0xFF, 0x00, 0x2D, 0xF5, 0xD1,
	0xD5, 0x21, 0x06, 0x23, 0x22, 0x00, 0x08, 0x20, 0x49, 0x00, 0xFF, 0xF7,
	0x6B, 0xFF, 0xA3, 0x78, 0x04, 0x93, 0x23, 0x79, 0x66, 0x78, 0xE7, 0x78,
	0x03, 0x93, 0xA8, 0x42, 0x00, 0xD1, 0x75, 0xE0, 0xAA, 0x3B, 0x5A, 0x42,
	0x53, 0x41, 0x7A, 0x1E, 0x51, 0x42, 0x4A, 0x41, 0x1A, 0x42, 0x00, 0xD1,
	0x6C, 0xE0, 0x81, 0x23, 0xDB, 0x05, 0x05, 0x93, 0x00, 0x22, 0x06, 0x23,
	0x11, 0x00, 0x37, 0x20, 0xFF, 0xF7, 0x50, 0xFF, 0x04, 0x9B, 0x07, 0xAD,
	0xAB, 0x70, 0x03, 0x9B, 0x2A, 0x00, 0x2B, 0x71, 0x29, 0x20, 0x06, 0x23,
	0x05, 0x99, 0x6E, 0x70, 0xEF, 0x70, 0xFF, 0xF7, 0x43, 0xFF, 0xAB, 0x78,
	0x6E, 0x78, 0x04, 0x93, 0x2B, 0x79, 0xEF, 0x78, 0x03, 0x93, 0x33, 0x06,
	0xE4, 0xD5, 0x2C, 0x4A, 0x73, 0x06, 0xDB, 0x0F, 0x7A, 0x44, 0x13, 0x60,
	0x00, 0x22, 0x11, 0x23, 0x11, 0x00, 0x02, 0x20, 0xFF, 0xF7, 0x30, 0xFF,
	0x1E, 0x25, 0x04, 0x9B, 0xA3, 0x70, 0x03, 0x9B, 0x22, 0x00, 0x23, 0x71,
	0x00, 0x21, 0x06, 0x23, 0x03, 0x20, 0x66, 0x70, 0xE7, 0x70, 0xFF, 0xF7,
	0x23, 0xFF, 0xA3, 0x78, 0xE7, 0x78, 0x04, 0x93, 0x23, 0x79, 0x66, 0x78,
	0x03, 0x93, 0x3D, 0x40, 0x06, 0x2D, 0xE9, 0xD1, 0x0D, 0x22, 0x04, 0xAB,
	0xD2, 0x18, 0x54, 0x78, 0x13, 0x78, 0x24, 0x02, 0x23, 0x43, 0x1B, 0x02,
	0x24, 0x0A, 0xE4, 0x18, 0x21, 0x04, 0x11, 0x23, 0x00, 0x22, 0x09, 0x20,
	0xFF, 0xF7, 0x0A, 0xFF, 0x2B, 0x00, 0x21, 0x04, 0x00, 0x22, 0x07, 0x20,
	0xFF, 0xF7, 0x04, 0xFF, 0x2B, 0x00, 0x21, 0x04, 0x00, 0x22, 0x37, 0x20,
	0xFF, 0xF7, 0xFE, 0xFE, 0x2B, 0x00, 0x00, 0x22, 0x02, 0x21, 0x28, 0x00,
	0xFF, 0xF7, 0xF8, 0xFE, 0x80, 0x21, 0x2B, 0x00, 0x00, 0x22, 0x89, 0x00,
	0x10, 0x20, 0xFF, 0xF7, 0xF1, 0xFE, 0x01, 0x20, 0x0D, 0xB0, 0xF0, 0xBC,
	0x02, 0xBC, 0x08, 0x47, 0x80, 0x23, 0x1B, 0x04, 0x91, 0xE7, 0xC0, 0x46,
	0x00, 0x60, 0x58, 0xA1, 0x00, 0x06, 0xAA, 0xB9, 0x40, 0x00, 0xAA, 0xB9,
	0x70, 0x03, 0x00, 0x00, 0xF0, 0xB5, 0x04, 0x00, 0x16, 0x00, 0x85, 0xB0,
	0x43, 0x18, 0x03, 0x93, 0x03, 0x9B, 0x9C, 0x42, 0x04, 0xD1, 0x01, 0x20,
	0x05, 0xB0, 0xF0, 0xBC, 0x02, 0xBC, 0x08, 0x47, 0x12, 0x4B, 0x7B, 0x44,
	0x1B, 0x68, 0x20, 0x00, 0x00, 0x2B, 0x00, 0xD1, 0x60, 0x02, 0x80, 0x25,
	0x0F, 0x49, 0xFF, 0xF7, 0xC1, 0xFE, 0xFF, 0x27, 0x6D, 0x02, 0x00, 0x20,
	0x0D, 0x49, 0x01, 0x3D, 0xFF, 0xF7, 0x92, 0xFE, 0x00, 0x2D, 0x0E, 0xD0,
	0x38, 0x42, 0xF6, 0xD1, 0x80, 0x23, 0x00, 0x20, 0x00, 0x93, 0x09, 0x4A,
	0x33, 0x00, 0x09, 0x49, 0xFF, 0xF7, 0x42, 0xFE, 0x80, 0x23, 0x9B, 0x00,
	0x01, 0x34, 0xF6, 0x18, 0xD4, 0xE7, 0x28, 0x00, 0xD6, 0xE7, 0xC0, 0x46,
	0xA2, 0x02, 0x00, 0x00, 0x51, 0x00, 0xAA, 0xB9, 0x00, 0x01, 0xAA, 0xB9,
	0x00, 0x60, 0x58, 0xA1, 0x00, 0x06, 0xAA, 0xB9, 0x10, 0xB5, 0x00, 0xF0,
	0xFF, 0xF8, 0x09, 0x4B, 0x03, 0xC3, 0x09, 0x49, 0x09, 0x4B, 0x0A, 0x88,
	0x1A, 0x40, 0x09, 0x4B, 0x13, 0x43, 0x0B, 0x80, 0x08, 0x4A, 0x09, 0x4B,
	0x1A, 0x60, 0x1A, 0x68, 0x00, 0x2A, 0xFC, 0xDB, 0x10, 0xBC, 0x01, 0xBC,
	0x00, 0x47, 0xC0, 0x46, 0xA8, 0x01, 0x00, 0x04, 0xA0, 0x01, 0x00, 0x04,
	0xFF, 0x9F, 0xFF, 0xFF, 0x00, 0x80, 0xFF, 0xFF, 0x00, 0x60, 0x58, 0xA0,
	0xA4, 0x01, 0x00, 0x04, 0xF7, 0xB5, 0x04, 0x00, 0x2C, 0x49, 0x2D, 0x48,
	0xFF, 0xF7, 0x74, 0xFE, 0xBD, 0x21, 0x00, 0x20, 0x09, 0x06, 0xFF, 0xF7,
	0xD3, 0xFF, 0x80, 0x23, 0x03, 0x26, 0x9B, 0x00, 0xE5, 0x18, 0x34, 0x42,
	0x40, 0xD0, 0x63, 0x78, 0x21, 0x78, 0x1B, 0x06, 0x1B, 0x0E, 0x1B, 0x04,
	0x09, 0x06, 0x19, 0x43, 0xA2, 0x78, 0xE3, 0x79, 0x20, 0x79, 0x1B, 0x06,
	0x12, 0x06, 0x1B, 0x0E, 0x12, 0x0E, 0x00, 0x06, 0x12, 0x02, 0x18, 0x43,
	0x63, 0x79, 0x11, 0x43, 0xA2, 0x79, 0xE7, 0x78, 0x1B, 0x06, 0x1B, 0x0E,
	0x12, 0x06, 0x3F, 0x06, 0x1B, 0x04, 0x12, 0x0E, 0x3F, 0x0E, 0x18, 0x43,
	0x12, 0x02, 0x10, 0x43, 0x39, 0x43, 0x00, 0x23, 0x16, 0x4A, 0x00, 0x93,
	0x08, 0x34, 0xFF, 0xF7, 0xD7, 0xFD, 0xA5, 0x42, 0xD5, 0xD1, 0x00, 0x20,
	0x13, 0x49, 0xFF, 0xF7, 0xA1, 0xFF, 0x01, 0x24, 0x00, 0x20, 0x12, 0x49,
	0xFF, 0xF7, 0x10, 0xFE, 0x20, 0x42, 0xF9, 0xD1, 0x00, 0x20, 0x0F, 0x49,
	0xFF, 0xF7, 0x0A, 0xFE, 0x01, 0x24, 0x00, 0x20, 0x0C, 0x49, 0xFF, 0xF7,
	0x05, 0xFE, 0x20, 0x42, 0xF9, 0xD0, 0xF7, 0xBC, 0x01, 0xBC, 0x00, 0x47,
	0x20, 0x68, 0x00, 0xF0, 0x7F, 0xF8, 0x07, 0x00, 0x60, 0x68, 0x00, 0xF0,
	0x7B, 0xF8, 0x39, 0x00, 0xD5, 0xE7, 0xC0, 0x46, 0xFF, 0xFF, 0xA6, 0xB9,
	0x00, 0x00, 0xF0, 0xFF, 0x00, 0x60, 0x58, 0xA0, 0x00, 0x00, 0xF8, 0xBC,
	0x00, 0x00, 0xF8, 0xB9, 0xF7, 0xB5, 0x26, 0x4B, 0x7B, 0x44, 0x04, 0x00,
	0x0F, 0x00, 0x01, 0x92, 0x1B, 0x68, 0x01, 0x29, 0x18, 0xD1, 0x00, 0x2B,
	0x00, 0xD1, 0x44, 0x02, 0x06, 0x23, 0x00, 0x22, 0x21, 0x00, 0x18, 0x20,
	0xFF, 0xF7, 0x08, 0xFE, 0x05, 0x1E, 0x09, 0xD0, 0x01, 0x98, 0xFF, 0xF7,
	0x83, 0xFF, 0xFF, 0x24, 0x00, 0x20, 0x1B, 0x49, 0xFF, 0xF7, 0xD0, 0xFD,
	0x20, 0x42, 0xF9, 0xD1, 0x28, 0x00, 0xFE, 0xBC, 0x02, 0xBC, 0x08, 0x47,
	0x00, 0x2B, 0x00, 0xD1, 0x44, 0x02, 0x06, 0x23, 0x00, 0x22, 0x21, 0x00,
	0x19, 0x20, 0xFF, 0xF7, 0xEF, 0xFD, 0x00, 0x26, 0x05, 0x00, 0xB0, 0x42,
	0xEE, 0xD0, 0xB7, 0x42, 0x14, 0xD1, 0x21, 0x00, 0x06, 0x23, 0x00, 0x22,
	0x0C, 0x20, 0xFF, 0xF7, 0xE3, 0xFD, 0x01, 0x24, 0x00, 0x20, 0x0C, 0x49,
	0xFF, 0xF7, 0xB0, 0xFD, 0x20, 0x42, 0xF9, 0xD0, 0xFF, 0x24, 0x00, 0x20,
	0x07, 0x49, 0xFF, 0xF7, 0xA9, 0xFD, 0x20, 0x42, 0xF9, 0xD1, 0xD7, 0xE7,
	0x01, 0x9B, 0x70, 0x02, 0x18, 0x18, 0xFF, 0xF7, 0x4F, 0xFF, 0x01, 0x36,
	0xE1, 0xE7, 0xC0, 0x46, 0x30, 0x01, 0x00, 0x00, 0x00, 0x01, 0xAA, 0xB9,
	0x00, 0x00, 0xF8, 0xB9, 0x10, 0xB5, 0xFF, 0xF7, 0x2F, 0xFE, 0x01, 0x20,
	0x10, 0xBC, 0x02, 0xBC, 0x08, 0x47, 0x01, 0x20, 0x70, 0x47, 0x01, 0x20,
	0x70, 0x47, 0x10, 0xB5, 0xFF, 0xF7, 0xD8, 0xFE, 0x10, 0xBC, 0x02, 0xBC,
	0x08, 0x47, 0x10, 0xB5, 0xFF, 0xF7, 0x98, 0xFF, 0x10, 0xBC, 0x02, 0xBC,
	0x08, 0x47, 0x01, 0x20, 0x70, 0x47, 0xC0, 0x46, 0x10, 0x21, 0x02, 0x06,
	0x03, 0x0E, 0xC8, 0x41, 0x13, 0x43, 0x02, 0x06, 0x00, 0x0E, 0x10, 0x43,
	0xC8, 0x41, 0x18, 0x43, 0x70, 0x47, 0xC0, 0x46, 0x10, 0x22, 0x10, 0xB5,
	0x03, 0x0E, 0x04, 0x06, 0xD0, 0x41, 0x23, 0x43, 0x04, 0x06, 0x00, 0x0E,
	0x20, 0x43, 0xD0, 0x41, 0x0C, 0x06, 0x03, 0x43, 0x08, 0x0E, 0xD1, 0x41,
	0x20, 0x43, 0x0C, 0x06, 0x09, 0x0E, 0x21, 0x43, 0xD1, 0x41, 0x08, 0x43,
	0x19, 0x00, 0x10, 0xBC, 0x04, 0xBC, 0x10, 0x47, 0x78, 0x47, 0xFD, 0xE7,
	0x7E, 0xFE, 0xFF, 0xEA, 0xF8, 0xBC, 0x08, 0xBC, 0x9E, 0x46, 0x70, 0x47,
	0x00, 0x00, 0x00, 0x00
};

TWL_CODE ALIGN(16) unsigned char r4idsn_dldi[] = {
	0xED, 0xA5, 0x8D, 0xBF, 0x20, 0x43, 0x68, 0x69, 0x73, 0x68, 0x6D, 0x00,
	0x01, 0x0B, 0x08, 0x00, 0x52, 0x34, 0x69, 0x44, 0x53, 0x4E, 0x20, 0x28,
	0x76, 0x32, 0x29, 0x00, 0x00, 0x00, 0xA0, 0xE1, 0x00, 0x00, 0xA0, 0xE1,
	0x00, 0x00, 0xA0, 0xE1, 0x00, 0x00, 0xA0, 0xE1, 0x00, 0x00, 0xA0, 0xE1,
	0x00, 0x00, 0xA0, 0xE1, 0x00, 0x00, 0xA0, 0xE1, 0x00, 0x00, 0xA0, 0xE1,
	0x00, 0x00, 0xA0, 0xE1, 0x00, 0x00, 0x80, 0xBF, 0x5C, 0x07, 0x80, 0xBF,
	0x54, 0x01, 0x80, 0xBF, 0x54, 0x01, 0x80, 0xBF, 0x5C, 0x07, 0x80, 0xBF,
	0x5C, 0x07, 0x80, 0xBF, 0x5C, 0x07, 0x80, 0xBF, 0x60, 0x07, 0x80, 0xBF,
	0x52, 0x34, 0x69, 0x20, 0x23, 0x01, 0x00, 0x00, 0xBD, 0x06, 0x80, 0xBF,
	0xC9, 0x06, 0x80, 0xBF, 0xD9, 0x06, 0x80, 0xBF, 0xE7, 0x06, 0x80, 0xBF,
	0xD5, 0x06, 0x80, 0xBF, 0xF5, 0x06, 0x80, 0xBF, 0x01, 0x00, 0x50, 0xE2,
	0xFD, 0xFF, 0xFF, 0xCA, 0x1E, 0xFF, 0x2F, 0xE1, 0x08, 0x00, 0x51, 0xE3,
	0x24, 0x00, 0x00, 0xBA, 0x04, 0x30, 0x60, 0xE2, 0x83, 0x3F, 0xB0, 0xE1,
	0x01, 0x20, 0xC0, 0x44, 0x01, 0x10, 0x41, 0x42, 0x01, 0x20, 0xC0, 0x24,
	0x01, 0x20, 0xC0, 0x24, 0x02, 0x10, 0x41, 0x22, 0x02, 0x2C, 0xA0, 0xE1,
	0x22, 0x24, 0x82, 0xE1, 0x22, 0x28, 0x82, 0xE1, 0x02, 0x30, 0xA0, 0xE1,
	0x40, 0x00, 0x51, 0xE3, 0x0C, 0x00, 0x00, 0xBA, 0xF0, 0x03, 0x2D, 0xE9,
	0x02, 0x40, 0xA0, 0xE1, 0x03, 0x50, 0xA0, 0xE1, 0x02, 0x60, 0xA0, 0xE1,
	0x03, 0x70, 0xA0, 0xE1, 0x02, 0x80, 0xA0, 0xE1, 0x03, 0x90, 0xA0, 0xE1,
	0x20, 0x10, 0x51, 0xE2, 0xFC, 0x03, 0xA0, 0xA8, 0xFC, 0xFF, 0xFF, 0xCA,
	0xF0, 0x03, 0xBD, 0xE8, 0x1E, 0xFF, 0x2F, 0x01, 0x20, 0x10, 0x81, 0xE2,
	0x08, 0x10, 0x51, 0xE2, 0x0C, 0x00, 0xA0, 0xA8, 0xFC, 0xFF, 0xFF, 0xCA,
	0x1E, 0xFF, 0x2F, 0x01, 0x04, 0x10, 0x91, 0xE2, 0x04, 0x20, 0x80, 0xA4,
	0x1E, 0xFF, 0x2F, 0x01, 0x81, 0x1F, 0xB0, 0xE1, 0xB2, 0x20, 0xC0, 0x20,
	0x01, 0x20, 0xC0, 0x44, 0x1E, 0xFF, 0x2F, 0xE1, 0x01, 0x10, 0x51, 0xE2,
	0x01, 0x20, 0xC0, 0xA4, 0xFC, 0xFF, 0xFF, 0xCA, 0x1E, 0xFF, 0x2F, 0xE1,
	0x01, 0x30, 0xA0, 0xE1, 0x02, 0x10, 0xA0, 0xE1, 0x03, 0x20, 0xA0, 0xE1,
	0x01, 0x40, 0x2D, 0xE9, 0xCF, 0xFF, 0xFF, 0xEB, 0x01, 0x40, 0xBD, 0xE8,
	0x1E, 0xFF, 0x2F, 0xE1, 0x80, 0x23, 0x03, 0x49, 0x1B, 0x04, 0x0A, 0x68,
	0x1A, 0x42, 0xFC, 0xD0, 0x70, 0x47, 0xC0, 0x46, 0xA4, 0x01, 0x00, 0x04,
	0x02, 0x4A, 0x13, 0x68, 0x00, 0x2B, 0xFC, 0xDB, 0x70, 0x47, 0xC0, 0x46,
	0xA4, 0x01, 0x00, 0x04, 0x06, 0x4A, 0x13, 0x88, 0x06, 0x49, 0x0B, 0x40,
	0x80, 0x21, 0x09, 0x02, 0x0B, 0x43, 0x13, 0x80, 0x80, 0x23, 0x04, 0x4A,
	0x1B, 0x06, 0x03, 0x43, 0x13, 0x60, 0x70, 0x47, 0xA0, 0x01, 0x00, 0x04,
	0xFF, 0x9F, 0xFF, 0xFF, 0xA4, 0x01, 0x00, 0x04, 0x01, 0x20, 0x70, 0x47,
	0x01, 0x20, 0x70, 0x47, 0xF0, 0xB5, 0x1E, 0x00, 0x1C, 0x00, 0x73, 0x1E,
	0x9E, 0x41, 0x2B, 0x4B, 0x76, 0x42, 0x1E, 0x40, 0x2A, 0x4B, 0x85, 0xB0,
	0xF6, 0x18, 0x17, 0x00, 0x00, 0xF0, 0xA6, 0xFA, 0x00, 0x90, 0x01, 0x91,
	0x00, 0x9A, 0x01, 0x9B, 0x26, 0x49, 0x30, 0x00, 0x0C, 0xC1, 0xFF, 0xF7,
	0xD1, 0xFF, 0x00, 0x2C, 0x05, 0xD1, 0xFF, 0xF7, 0xC5, 0xFF, 0x05, 0xB0,
	0xF0, 0xBC, 0x01, 0xBC, 0x00, 0x47, 0xE2, 0x08, 0x22, 0x20, 0xBA, 0x18,
	0x30, 0x2C, 0x00, 0xD1, 0x16, 0x38, 0x00, 0x21, 0x1D, 0x4C, 0x80, 0x26,
	0x23, 0x68, 0x36, 0x04, 0x33, 0x42, 0x18, 0xD0, 0x1B, 0x4B, 0x1B, 0x68,
	0x1D, 0x00, 0x01, 0x23, 0x0B, 0x40, 0x02, 0xAE, 0x9F, 0x00, 0xBD, 0x51,
	0x00, 0x2B, 0x0D, 0xD0, 0x07, 0x27, 0x01, 0x3A, 0x07, 0x25, 0xF3, 0x5D,
	0xED, 0x1B, 0xDB, 0x09, 0xAB, 0x40, 0x15, 0x78, 0xAC, 0x46, 0x65, 0x46,
	0x2B, 0x43, 0x13, 0x70, 0x01, 0x3F, 0xF3, 0xD2, 0x01, 0x31, 0x88, 0x42,
	0x02, 0xD9, 0x23, 0x68, 0x00, 0x2B, 0xDC, 0xDB, 0xFF, 0xF7, 0x8A, 0xFF,
	0x21, 0x20, 0x00, 0xF0, 0x81, 0xFA, 0x00, 0x23, 0x07, 0x4A, 0x23, 0x60,
	0x00, 0x9B, 0x01, 0x9C, 0x08, 0x48, 0x18, 0xC2, 0xFF, 0xF7, 0x90, 0xFF,
	0xFF, 0xF7, 0x86, 0xFF, 0xBF, 0xE7, 0xC0, 0x46, 0xD8, 0xFF, 0xFF, 0x00,
	0x50, 0x60, 0x40, 0x20, 0xA8, 0x01, 0x00, 0x04, 0xA4, 0x01, 0x00, 0x04,
	0x10, 0x00, 0x10, 0x04, 0x00, 0x60, 0x40, 0x20, 0x13, 0xB5, 0x00, 0x22,
	0x0C, 0x00, 0x00, 0x23, 0x08, 0x49, 0x00, 0x92, 0x01, 0x93, 0x01, 0x43,
	0x30, 0x23, 0x20, 0x00, 0x6A, 0x46, 0xFF, 0xF7, 0x8B, 0xFF, 0x01, 0x9B,
	0x00, 0x98, 0xDB, 0x05, 0x40, 0x0A, 0x18, 0x18, 0x16, 0xBC, 0x02, 0xBC,
	0x08, 0x47, 0xC0, 0x46, 0x00, 0x00, 0x01, 0xAB, 0x00, 0x23, 0xAB, 0x21,
	0x30, 0xB5, 0x1A, 0x00, 0x00, 0x20, 0x87, 0xB0, 0x09, 0x06, 0xFF, 0xF7,
	0x77, 0xFF, 0xD5, 0x21, 0x08, 0x20, 0x49, 0x00, 0xFF, 0xF7, 0xDA, 0xFF,
	0xAB, 0x38, 0xFF, 0x38, 0x04, 0x00, 0x63, 0x1E, 0x9C, 0x41, 0x64, 0x42,
	0x2E, 0x4B, 0xA4, 0x0F, 0xA4, 0x07, 0x2E, 0x4D, 0xE4, 0x18, 0x00, 0x21,
	0x37, 0x20, 0xFF, 0xF7, 0xCB, 0xFF, 0x21, 0x00, 0x29, 0x20, 0xFF, 0xF7,
	0xC7, 0xFF, 0x00, 0x28, 0x47, 0xDA, 0x29, 0x4B, 0x40, 0x00, 0xC0, 0x0F,
	0x7B, 0x44, 0x18, 0x60, 0x11, 0x22, 0x00, 0x21, 0x01, 0xA8, 0x00, 0xF0,
	0x1F, 0xFA, 0x88, 0x23, 0x01, 0xAA, 0x00, 0x20, 0x23, 0x49, 0xFF, 0xF7,
	0x4D, 0xFF, 0x00, 0x21, 0x03, 0x20, 0xFF, 0xF7, 0xB1, 0xFF, 0x11, 0x22,
	0x04, 0x0C, 0x00, 0x21, 0x01, 0xA8, 0x00, 0xF0, 0x0F, 0xFA, 0x88, 0x23,
	0x01, 0xAA, 0x1D, 0x49, 0x20, 0x04, 0xFF, 0xF7, 0x3D, 0xFF, 0x21, 0x04,
	0x07, 0x20, 0xFF, 0xF7, 0xA1, 0xFF, 0x21, 0x04, 0x37, 0x20, 0xFF, 0xF7,
	0x9D, 0xFF, 0x02, 0x21, 0x06, 0x20, 0xFF, 0xF7, 0x99, 0xFF, 0x0D, 0x20,
	0x21, 0x04, 0xFF, 0xF7, 0x95, 0xFF, 0x43, 0x0A, 0x00, 0x20, 0x04, 0x2B,
	0x0F, 0xD1, 0x12, 0x4B, 0x7B, 0x44, 0x1B, 0x68, 0x83, 0x42, 0x09, 0xD0,
	0xC2, 0x20, 0x00, 0x21, 0x0F, 0x4B, 0xFF, 0x30, 0x03, 0xC3, 0x0F, 0x48,
	0xFF, 0xF7, 0x04, 0xFF, 0xFF, 0xF7, 0xFA, 0xFE, 0x01, 0x20, 0x07, 0xB0,
	0x30, 0xBC, 0x02, 0xBC, 0x08, 0x47, 0x0B, 0x48, 0x01, 0x3D, 0x00, 0xF0,
	0xE1, 0xF9, 0x00, 0x2D, 0xA7, 0xD1, 0xB5, 0xE7, 0x00, 0x80, 0xFF, 0x40,
	0x10, 0x27, 0x00, 0x00, 0x64, 0x04, 0x00, 0x00, 0x02, 0x00, 0x01, 0xAB,
	0x09, 0x00, 0x01, 0xAB, 0x00, 0x04, 0x00, 0x00, 0xA8, 0x01, 0x00, 0x04,
	0x00, 0x60, 0x40, 0x20, 0x82, 0x06, 0x00, 0x00, 0xF8, 0xB5, 0x1D, 0x4B,
	0x1D, 0x4D, 0x1C, 0x4C, 0x80, 0x27, 0x2B, 0x60, 0x6C, 0x60, 0x1C, 0x48,
	0xFF, 0xF7, 0xDA, 0xFE, 0x00, 0x26, 0x3F, 0x04, 0x1A, 0x4C, 0x23, 0x68,
	0x3B, 0x42, 0x08, 0xD0, 0x19, 0x4B, 0x1A, 0x68, 0x19, 0x4B, 0x01, 0x36,
	0x9A, 0x42, 0x1E, 0xD0, 0x10, 0x20, 0x00, 0xF0, 0xB3, 0xF9, 0x23, 0x68,
	0x00, 0x2B, 0xEF, 0xDB, 0x80, 0x23, 0x5B, 0x01, 0x9E, 0x42, 0xE0, 0xD0,
	0x01, 0x26, 0xFF, 0xF7, 0xAF, 0xFE, 0x21, 0x20, 0x00, 0xF0, 0xA6, 0xF9,
	0x00, 0x23, 0x23, 0x60, 0x09, 0x4B, 0x09, 0x4C, 0x0E, 0x48, 0x18, 0xC5,
	0xFF, 0xF7, 0xB6, 0xFE, 0xFF, 0xF7, 0xAC, 0xFE, 0x00, 0x2E, 0xCE, 0xD1,
	0xF8, 0xBC, 0x01, 0xBC, 0x00, 0x47, 0x80, 0x23, 0x5B, 0x01, 0x9E, 0x42,
	0xF8, 0xD0, 0x00, 0x26, 0xE5, 0xE7, 0xC0, 0x46, 0xB8, 0xB8, 0xB8, 0xB8,
	0xA8, 0x01, 0x00, 0x04, 0x00, 0x60, 0x40, 0x26, 0xA4, 0x01, 0x00, 0x04,
	0x10, 0x00, 0x10, 0x04, 0xC2, 0x0F, 0x00, 0x00, 0x00, 0x60, 0x40, 0x20,
	0x00, 0x21, 0xB8, 0x20, 0x08, 0x4B, 0x10, 0xB5, 0x03, 0xC3, 0x08, 0x48,
	0xFF, 0xF7, 0x92, 0xFE, 0xFF, 0xF7, 0x7E, 0xFE, 0x06, 0x4B, 0x18, 0x68,
	0x06, 0x4B, 0xC0, 0x18, 0x43, 0x42, 0x58, 0x41, 0x10, 0xBC, 0x02, 0xBC,
	0x08, 0x47, 0xC0, 0x46, 0xA8, 0x01, 0x00, 0x04, 0x04, 0x60, 0x40, 0x27,
	0x10, 0x00, 0x10, 0x04, 0x3E, 0xF0, 0xFF, 0xFF, 0xF8, 0xB5, 0xC0, 0x26,
	0x00, 0x27, 0x04, 0x07, 0x08, 0x4D, 0x24, 0x0E, 0x08, 0x48, 0x2E, 0x60,
	0x6F, 0x60, 0xFF, 0xF7, 0x73, 0xFE, 0xFF, 0xF7, 0x5F, 0xFE, 0xF0, 0x22,
	0x05, 0x4B, 0x1B, 0x68, 0x13, 0x40, 0x9C, 0x42, 0xF2, 0xD1, 0xF8, 0xBC,
	0x01, 0xBC, 0x00, 0x47, 0xA8, 0x01, 0x00, 0x04, 0x04, 0x60, 0x40, 0x27,
	0x10, 0x00, 0x10, 0x04, 0x70, 0xB5, 0x15, 0x00, 0x1C, 0x00, 0x00, 0xF0,
	0x29, 0xF9, 0x0B, 0x00, 0x02, 0x00, 0x16, 0x49, 0x28, 0x00, 0x0C, 0xC1,
	0xFF, 0xF7, 0x56, 0xFE, 0x80, 0x20, 0x04, 0x9B, 0x9B, 0x00, 0x13, 0x49,
	0x13, 0x4D, 0xE3, 0x18, 0x00, 0x04, 0xA2, 0x07, 0x13, 0xD0, 0x0A, 0x68,
	0x02, 0x42, 0x0A, 0xD0, 0x2A, 0x68, 0x9C, 0x42, 0x07, 0xD2, 0x16, 0x0A,
	0x22, 0x70, 0x66, 0x70, 0x16, 0x0C, 0x12, 0x0E, 0xA6, 0x70, 0xE2, 0x70,
	0x04, 0x34, 0x0A, 0x68, 0x00, 0x2A, 0xEE, 0xDB, 0x70, 0xBC, 0x01, 0xBC,
	0x00, 0x47, 0x0A, 0x68, 0x02, 0x42, 0x03, 0xD0, 0x2A, 0x68, 0xA3, 0x42,
	0x00, 0xD9, 0x04, 0xC4, 0x0A, 0x68, 0x00, 0x2A, 0xF5, 0xDB, 0xF1, 0xE7,
	0xA8, 0x01, 0x00, 0x04, 0xA4, 0x01, 0x00, 0x04, 0x10, 0x00, 0x10, 0x04,
	0x22, 0x4B, 0x7B, 0x44, 0x73, 0xB5, 0x1B, 0x68, 0x0C, 0x00, 0x15, 0x00,
	0x01, 0x29, 0x1A, 0xD1, 0x00, 0x2B, 0x00, 0xD1, 0x40, 0x02, 0x00, 0x23,
	0x1D, 0x49, 0x1A, 0x00, 0xFF, 0xF7, 0x30, 0xFE, 0xFF, 0xF7, 0x32, 0xFF,
	0x80, 0x23, 0x98, 0x20, 0xB7, 0x21, 0x00, 0x93, 0x40, 0x03, 0x2B, 0x00,
	0x18, 0x4A, 0x09, 0x06, 0xFF, 0xF7, 0xAA, 0xFF, 0x50, 0x20, 0x00, 0xF0,
	0xF1, 0xF8, 0x01, 0x20, 0x76, 0xBC, 0x02, 0xBC, 0x08, 0x47, 0x00, 0x2B,
	0x00, 0xD1, 0x40, 0x02, 0x00, 0x23, 0x12, 0x49, 0x1A, 0x00, 0xFF, 0xF7,
	0x15, 0xFE, 0x80, 0x26, 0xFF, 0xF7, 0x16, 0xFF, 0x00, 0x2C, 0x04, 0xD1,
	0x21, 0x00, 0x0C, 0x20, 0xFF, 0xF7, 0x74, 0xFE, 0xE9, 0xE7, 0x98, 0x20,
	0xB7, 0x21, 0x2B, 0x00, 0x08, 0x4A, 0x40, 0x03, 0x09, 0x06, 0x00, 0x96,
	0xFF, 0xF7, 0x88, 0xFF, 0x07, 0x20, 0xFF, 0xF7, 0x69, 0xFF, 0x80, 0x23,
	0x9B, 0x00, 0x01, 0x3C, 0xED, 0x18, 0xE7, 0xE7, 0x2E, 0x02, 0x00, 0x00,
	0x11, 0x00, 0x03, 0xAB, 0x04, 0x60, 0x40, 0x21, 0x12, 0x00, 0x04, 0xAB,
	0x80, 0x23, 0xF7, 0xB5, 0x04, 0x00, 0x03, 0x26, 0x9B, 0x00, 0xC5, 0x18,
	0x34, 0x42, 0x12, 0xD0, 0x20, 0x68, 0x00, 0xF0, 0x8F, 0xF8, 0x07, 0x00,
	0x60, 0x68, 0x00, 0xF0, 0x8B, 0xF8, 0x39, 0x00, 0x00, 0x23, 0x15, 0x4A,
	0x00, 0x93, 0x08, 0x34, 0xFF, 0xF7, 0x62, 0xFF, 0xA5, 0x42, 0xED, 0xD1,
	0xF7, 0xBC, 0x01, 0xBC, 0x00, 0x47, 0x63, 0x78, 0x21, 0x78, 0x1B, 0x06,
	0x1B, 0x0E, 0x1B, 0x04, 0x09, 0x06, 0x19, 0x43, 0xA2, 0x78, 0xE3, 0x79,
	0x20, 0x79, 0x1B, 0x06, 0x12, 0x06, 0x1B, 0x0E, 0x12, 0x0E, 0x00, 0x06,
	0x12, 0x02, 0x18, 0x43, 0x63, 0x79, 0x11, 0x43, 0xA2, 0x79, 0xE7, 0x78,
	0x1B, 0x06, 0x1B, 0x0E, 0x12, 0x06, 0x3F, 0x06, 0x1B, 0x04, 0x12, 0x0E,
	0x3F, 0x0E, 0x18, 0x43, 0x12, 0x02, 0x10, 0x43, 0x39, 0x43, 0xD3, 0xE7,
	0x00, 0x60, 0x40, 0x20, 0x1B, 0x4B, 0x7B, 0x44, 0x70, 0xB5, 0x1B, 0x68,
	0x05, 0x00, 0x0C, 0x00, 0x16, 0x00, 0x01, 0x29, 0x12, 0xD1, 0x00, 0x2B,
	0x00, 0xD1, 0x45, 0x02, 0x00, 0x23, 0x28, 0x00, 0x1A, 0x00, 0x15, 0x49,
	0xFF, 0xF7, 0xA2, 0xFD, 0x30, 0x00, 0xFF, 0xF7, 0xAD, 0xFF, 0x00, 0x20,
	0xFF, 0xF7, 0x06, 0xFF, 0x01, 0x20, 0x70, 0xBC, 0x02, 0xBC, 0x08, 0x47,
	0x00, 0x2B, 0x00, 0xD1, 0x45, 0x02, 0x00, 0x2C, 0x05, 0xD1, 0x21, 0x00,
	0x0C, 0x20, 0xFF, 0xF7, 0xF7, 0xFD, 0x20, 0x00, 0xEE, 0xE7, 0x00, 0x23,
	0x09, 0x49, 0x1A, 0x00, 0x28, 0x00, 0xFF, 0xF7, 0x87, 0xFD, 0x30, 0x00,
	0xFF, 0xF7, 0x92, 0xFF, 0x0E, 0x20, 0xFF, 0xF7, 0xEB, 0xFE, 0x80, 0x23,
	0x9B, 0x00, 0x01, 0x3C, 0xF6, 0x18, 0xE6, 0xE7, 0x16, 0x01, 0x00, 0x00,
	0x18, 0x00, 0x05, 0xAB, 0x19, 0x00, 0x06, 0xAB, 0x10, 0xB5, 0xFF, 0xF7,
	0xF3, 0xFD, 0x10, 0xBC, 0x02, 0xBC, 0x08, 0x47, 0x10, 0xB5, 0xFF, 0xF7,
	0xBB, 0xFE, 0x10, 0xBC, 0x02, 0xBC, 0x08, 0x47, 0x01, 0x20, 0x70, 0x47,
	0x10, 0xB5, 0xFF, 0xF7, 0x25, 0xFF, 0x01, 0x20, 0x10, 0xBC, 0x02, 0xBC,
	0x08, 0x47, 0x10, 0xB5, 0xFF, 0xF7, 0xAA, 0xFF, 0x01, 0x20, 0x10, 0xBC,
	0x02, 0xBC, 0x08, 0x47, 0x01, 0x20, 0x70, 0x47, 0x10, 0x21, 0x02, 0x06,
	0x03, 0x0E, 0xC8, 0x41, 0x13, 0x43, 0x02, 0x06, 0x00, 0x0E, 0x10, 0x43,
	0xC8, 0x41, 0x18, 0x43, 0x70, 0x47, 0xC0, 0x46, 0x10, 0x22, 0x10, 0xB5,
	0x03, 0x0E, 0x04, 0x06, 0xD0, 0x41, 0x23, 0x43, 0x04, 0x06, 0x00, 0x0E,
	0x20, 0x43, 0xD0, 0x41, 0x0C, 0x06, 0x03, 0x43, 0x08, 0x0E, 0xD1, 0x41,
	0x20, 0x43, 0x0C, 0x06, 0x09, 0x0E, 0x21, 0x43, 0xD1, 0x41, 0x08, 0x43,
	0x19, 0x00, 0x10, 0xBC, 0x04, 0xBC, 0x10, 0x47, 0x78, 0x47, 0xFD, 0xE7,
	0x7B, 0xFE, 0xFF, 0xEA, 0x78, 0x47, 0xFD, 0xE7, 0x4B, 0xFE, 0xFF, 0xEA,
	0xF8, 0xBC, 0x08, 0xBC, 0x9E, 0x46, 0x70, 0x47, 0x00, 0x00, 0x00, 0x00
};

TWL_CODE ALIGN(16) unsigned char cyclods_dldi[] = {
	0xED, 0xA5, 0x8D, 0xBF, 0x20, 0x43, 0x68, 0x69, 0x73, 0x68, 0x6D, 0x00,
	0x01, 0x0D, 0x0E, 0x0F, 0x43, 0x79, 0x63, 0x6C, 0x6F, 0x44, 0x53, 0x20,
	0x45, 0x76, 0x6F, 0x6C, 0x75, 0x74, 0x69, 0x6F, 0x6E, 0x20, 0x76, 0x31,
	0x2E, 0x33, 0x00, 0x00, 0x00, 0x00, 0x00, 0x00, 0x00, 0x00, 0x00, 0x00,
	0x00, 0x00, 0x00, 0x00, 0x00, 0x00, 0x00, 0x00, 0x00, 0x00, 0x00, 0x00,
	0x00, 0x00, 0x00, 0x00, 0x00, 0xC7, 0x00, 0x02, 0x80, 0xD6, 0x00, 0x02,
	0x80, 0xC7, 0x00, 0x02, 0x80, 0xC7, 0x00, 0x02, 0x3C, 0xD6, 0x00, 0x02,
	0x58, 0xD6, 0x00, 0x02, 0x80, 0xD6, 0x00, 0x02, 0x90, 0xD6, 0x00, 0x02,
	0x43, 0x45, 0x56, 0x4F, 0x23, 0x00, 0x00, 0x00, 0xBC, 0xD4, 0x00, 0x02,
	0xE8, 0xD3, 0x00, 0x02, 0x68, 0xD4, 0x00, 0x02, 0x14, 0xD4, 0x00, 0x02,
	0xF0, 0xD3, 0x00, 0x02, 0xF8, 0xD3, 0x00, 0x02, 0x08, 0xD0, 0x4D, 0xE2,
	0x04, 0x00, 0x8D, 0xE5, 0x04, 0x30, 0x9D, 0xE5, 0x00, 0x00, 0x53, 0xE3,
	0x05, 0x00, 0x00, 0x0A, 0x04, 0x30, 0x9D, 0xE5, 0x01, 0x30, 0x43, 0xE2,
	0x04, 0x30, 0x8D, 0xE5, 0x04, 0x20, 0x9D, 0xE5, 0x00, 0x00, 0x52, 0xE3,
	0xF9, 0xFF, 0xFF, 0x1A, 0x08, 0xD0, 0x8D, 0xE2, 0x1E, 0xFF, 0x2F, 0xE1,
	0x01, 0x23, 0xA0, 0xE3, 0x04, 0xE0, 0x2D, 0xE5, 0x01, 0xC3, 0xA0, 0xE3,
	0x01, 0x2C, 0x82, 0xE2, 0x07, 0xE4, 0x11, 0xE2, 0x3F, 0x30, 0xE0, 0xE3,
	0xA1, 0x31, 0xCC, 0xE5, 0xA8, 0x00, 0xC2, 0xE5, 0xA4, 0x11, 0x8C, 0xE5,
	0x0E, 0x00, 0xA0, 0x01, 0x05, 0x00, 0x00, 0x0A, 0x01, 0x33, 0xA0, 0xE3,
	0xA4, 0x21, 0x93, 0xE5, 0x02, 0x05, 0x12, 0xE3, 0xFB, 0xFF, 0xFF, 0x0A,
	0x01, 0x36, 0x83, 0xE2, 0x10, 0x00, 0x93, 0xE5, 0x04, 0xE0, 0x9D, 0xE4,
	0x1E, 0xFF, 0x2F, 0xE1, 0x0A, 0x12, 0xA0, 0xE3, 0x01, 0x15, 0x81, 0xE2,
	0x00, 0x30, 0xA0, 0xE1, 0x01, 0x23, 0xA0, 0xE3, 0x06, 0x1A, 0x81, 0xE2,
	0xC4, 0x00, 0xA0, 0xE3, 0xA9, 0x31, 0xC2, 0xE5, 0xE4, 0xFF, 0xFF, 0xEA,
	0x0A, 0x12, 0xA0, 0xE3, 0x01, 0x15, 0x81, 0xE2, 0x07, 0x30, 0x00, 0xE2,
	0x01, 0x23, 0xA0, 0xE3, 0x06, 0x1A, 0x81, 0xE2, 0xC3, 0x00, 0xA0, 0xE3,
	0xA9, 0x31, 0xC2, 0xE5, 0xDC, 0xFF, 0xFF, 0xEA, 0x04, 0xE0, 0x2D, 0xE5,
	0xA7, 0x14, 0xA0, 0xE3, 0x01, 0x15, 0x81, 0xE2, 0x04, 0xD0, 0x4D, 0xE2,
	0x06, 0x1A, 0x81, 0xE2, 0xC7, 0x00, 0xA0, 0xE3, 0xD5, 0xFF, 0xFF, 0xEB,
	0x20, 0x3C, 0xA0, 0xE1, 0x20, 0x38, 0x83, 0xE1, 0x20, 0x04, 0x80, 0xE1,
	0x03, 0x00, 0x80, 0xE1, 0xFF, 0x00, 0x00, 0xE2, 0x04, 0xD0, 0x8D, 0xE2,
	0x04, 0xE0, 0x9D, 0xE4, 0x1E, 0xFF, 0x2F, 0xE1, 0x10, 0x40, 0x2D, 0xE9,
	0xFF, 0x40, 0xA0, 0xE3, 0x02, 0x00, 0x00, 0xEA, 0x01, 0x40, 0x54, 0xE2,
	0x08, 0x00, 0x00, 0x3A, 0xBA, 0xFF, 0xFF, 0xEB, 0xE9, 0xFF, 0xFF, 0xEB,
	0x01, 0x00, 0x10, 0xE3, 0xFF, 0x00, 0xA0, 0xE3, 0xF8, 0xFF, 0xFF, 0x0A,
	0x00, 0x00, 0x54, 0xE2, 0x01, 0x00, 0xA0, 0x13, 0x10, 0x40, 0xBD, 0xE8,
	0x1E, 0xFF, 0x2F, 0xE1, 0xFE, 0x00, 0x40, 0xE2, 0xFB, 0xFF, 0xFF, 0xEA,
	0xA7, 0xC4, 0xA0, 0xE3, 0x30, 0x40, 0x2D, 0xE9, 0x01, 0xC5, 0x8C, 0xE2,
	0x01, 0xE3, 0xA0, 0xE3, 0x01, 0xEC, 0x8E, 0xE2, 0x06, 0xCA, 0x8C, 0xE2,
	0x01, 0x03, 0xA0, 0xE3, 0x3F, 0x50, 0xE0, 0xE3, 0x38, 0x40, 0xE0, 0xE3,
	0xA1, 0x51, 0xC0, 0xE5, 0xA8, 0x40, 0xCE, 0xE5, 0xA4, 0xC1, 0x80, 0xE5,
	0xA4, 0x31, 0x90, 0xE5, 0x02, 0x05, 0x13, 0xE3, 0xFC, 0xFF, 0xFF, 0x0A,
	0x41, 0x36, 0xA0, 0xE3, 0x10, 0x20, 0x93, 0xE5, 0x22, 0x1C, 0xA0, 0xE1,
	0x22, 0x18, 0x81, 0xE1, 0x22, 0x24, 0x82, 0xE1, 0x01, 0x20, 0x82, 0xE1,
	0x01, 0x00, 0x12, 0xE3, 0xF1, 0xFF, 0xFF, 0x0A, 0x30, 0x40, 0xBD, 0xE8,
	0x1E, 0xFF, 0x2F, 0xE1, 0x70, 0x40, 0x2D, 0xE9, 0x21, 0x3C, 0xA0, 0xE1,
	0x08, 0xD0, 0x4D, 0xE2, 0x3F, 0x40, 0xE0, 0xE3, 0x01, 0x63, 0xA0, 0xE3,
	0x21, 0xC8, 0xA0, 0xE1, 0x21, 0xE4, 0xA0, 0xE1, 0x40, 0x00, 0x80, 0xE3,
	0x00, 0x50, 0xA0, 0xE3, 0x01, 0x20, 0xCD, 0xE5, 0x06, 0x10, 0xCD, 0xE5,
	0x02, 0x00, 0xCD, 0xE5, 0x03, 0x30, 0xCD, 0xE5, 0x04, 0xC0, 0xCD, 0xE5,
	0x05, 0xE0, 0xCD, 0xE5, 0x00, 0x40, 0xCD, 0xE5, 0x07, 0x50, 0xCD, 0xE5,
	0xA1, 0x41, 0xC6, 0xE5, 0x6A, 0x2F, 0x86, 0xE2, 0x0D, 0x10, 0xA0, 0xE1,
	0x01, 0x30, 0xD5, 0xE7, 0x02, 0x30, 0xC5, 0xE7, 0x01, 0x50, 0x85, 0xE2,
	0x08, 0x00, 0x55, 0xE3, 0xFA, 0xFF, 0xFF, 0x1A, 0xA7, 0x34, 0xA0, 0xE3,
	0x01, 0x35, 0x83, 0xE2, 0x06, 0x3A, 0x83, 0xE2, 0xA4, 0x31, 0x86, 0xE5,
	0x01, 0x23, 0xA0, 0xE3, 0xA4, 0x31, 0x92, 0xE5, 0x02, 0x05, 0x13, 0xE3,
	0xFC, 0xFF, 0xFF, 0x0A, 0x41, 0x36, 0xA0, 0xE3, 0x10, 0x20, 0x93, 0xE5,
	0x08, 0xD0, 0x8D, 0xE2, 0x70, 0x40, 0xBD, 0xE8, 0x1E, 0xFF, 0x2F, 0xE1,
	0x10, 0x44, 0x2D, 0xE9, 0x50, 0xA0, 0x9F, 0xE5, 0x50, 0x40, 0x9F, 0xE5,
	0x0A, 0xA0, 0x8F, 0xE0, 0x04, 0x30, 0x9A, 0xE7, 0x00, 0x10, 0xA0, 0xE3,
	0x01, 0x00, 0x53, 0xE1, 0x04, 0xD0, 0x4D, 0xE2, 0x0C, 0x00, 0xA0, 0xE3,
	0x09, 0x00, 0x00, 0x0A, 0x02, 0x00, 0x53, 0xE3, 0xC1, 0x20, 0xA0, 0x13,
	0xC5, 0x20, 0xA0, 0x03, 0xCB, 0xFF, 0xFF, 0xEB, 0xB1, 0xFF, 0xFF, 0xEB,
	0x00, 0x30, 0xA0, 0xE3, 0x04, 0x30, 0x8A, 0xE7, 0x18, 0x30, 0x9F, 0xE5,
	0x00, 0x20, 0xE0, 0xE3, 0x03, 0x20, 0x8A, 0xE7, 0x04, 0xD0, 0x8D, 0xE2,
	0x10, 0x44, 0xBD, 0xE8, 0x1E, 0xFF, 0x2F, 0xE1, 0x70, 0x0C, 0x00, 0x00,
	0x50, 0x00, 0x00, 0x00, 0x1C, 0x00, 0x00, 0x00, 0xE4, 0xFF, 0xFF, 0xEA,
	0x70, 0x40, 0x2D, 0xE9, 0x7F, 0xC0, 0xE0, 0xE3, 0x01, 0xE3, 0xA0, 0xE3,
	0xA1, 0xC1, 0xCE, 0xE5, 0x03, 0x20, 0xC2, 0xE3, 0x8B, 0xCF, 0x8C, 0xE2,
	0x02, 0x40, 0x81, 0xE0, 0x03, 0xE0, 0xA0, 0xE1, 0xC1, 0xC3, 0x8C, 0xE2,
	0x03, 0x60, 0x01, 0xE2, 0x00, 0x20, 0xA0, 0xE3, 0x0E, 0x30, 0xD2, 0xE7,
	0x01, 0x20, 0x82, 0xE2, 0x08, 0x00, 0x52, 0xE3, 0x01, 0x30, 0x4C, 0xE4,
	0xFA, 0xFF, 0xFF, 0x1A, 0x01, 0x33, 0xA0, 0xE3, 0xA4, 0x01, 0x83, 0xE5,
	0x03, 0xE0, 0xA0, 0xE1, 0x41, 0x56, 0xA0, 0xE3, 0xA4, 0x31, 0x9E, 0xE5,
	0x02, 0x05, 0x13, 0xE3, 0x0C, 0x00, 0x00, 0x0A, 0x04, 0x00, 0x51, 0xE1,
	0x10, 0x30, 0x95, 0xE5, 0x08, 0x00, 0x00, 0x2A, 0x00, 0x00, 0x56, 0xE3,
	0x23, 0xCC, 0xA0, 0xE1, 0x23, 0x24, 0xA0, 0xE1, 0x23, 0x08, 0xA0, 0xE1,
	0x00, 0x30, 0x81, 0x05, 0x01, 0x20, 0xC1, 0x15, 0x02, 0x00, 0xC1, 0x15,
	0x03, 0xC0, 0xC1, 0x15, 0x00, 0x30, 0xC1, 0x15, 0x04, 0x10, 0x81, 0xE2,
	0xA4, 0x31, 0x9E, 0xE5, 0x00, 0x00, 0x53, 0xE3, 0xEC, 0xFF, 0xFF, 0xBA,
	0x70, 0x40, 0xBD, 0xE8, 0x1E, 0xFF, 0x2F, 0xE1, 0xF0, 0x44, 0x2D, 0xE9,
	0x7C, 0xA0, 0x9F, 0xE5, 0x20, 0xD0, 0x4D, 0xE2, 0x01, 0x40, 0xA0, 0xE1,
	0x74, 0x10, 0x9F, 0xE5, 0x0A, 0xA0, 0x8F, 0xE0, 0x18, 0x70, 0x8D, 0xE2,
	0x00, 0x50, 0xA0, 0xE1, 0x01, 0x10, 0x8A, 0xE0, 0x07, 0x00, 0xA0, 0xE1,
	0x08, 0x20, 0xA0, 0xE3, 0x81, 0x02, 0x00, 0xEB, 0x11, 0x00, 0x54, 0xE3,
	0x02, 0x00, 0x00, 0xDA, 0x20, 0xD0, 0x8D, 0xE2, 0xF0, 0x44, 0xBD, 0xE8,
	0x1E, 0xFF, 0x2F, 0xE1, 0xA1, 0x04, 0xA0, 0xE3, 0x01, 0x05, 0x80, 0xE2,
	0x06, 0x0A, 0x80, 0xE2, 0x07, 0x30, 0xA0, 0xE1, 0x0D, 0x10, 0xA0, 0xE1,
	0x18, 0x20, 0xA0, 0xE3, 0xBE, 0xFF, 0xFF, 0xEB, 0x00, 0x00, 0x54, 0xE3,
	0x0D, 0x60, 0xA0, 0xE1, 0xF2, 0xFF, 0xFF, 0x0A, 0x00, 0x20, 0xA0, 0xE3,
	0x06, 0x30, 0xD2, 0xE7, 0x05, 0x30, 0xC2, 0xE7, 0x01, 0x20, 0x82, 0xE2,
	0x04, 0x00, 0x52, 0xE1, 0xFA, 0xFF, 0xFF, 0x1A, 0xEB, 0xFF, 0xFF, 0xEA,
	0x58, 0x0B, 0x00, 0x00, 0xF8, 0xFF, 0xFF, 0xFF, 0x10, 0x40, 0x2D, 0xE9,
	0x00, 0x40, 0xA0, 0xE1, 0x01, 0x00, 0xA0, 0xE1, 0x02, 0x10, 0xA0, 0xE1,
	0x01, 0x20, 0xA0, 0xE3, 0x6B, 0xFF, 0xFF, 0xEB, 0x41, 0xFF, 0xFF, 0xEB,
	0x00, 0x00, 0x50, 0xE3, 0x00, 0x30, 0xA0, 0xE1, 0x11, 0x10, 0xA0, 0xE3,
	0x04, 0x00, 0xA0, 0xE1, 0x01, 0x00, 0x00, 0x0A, 0xCE, 0xFF, 0xFF, 0xEB,
	0x01, 0x30, 0xA0, 0xE3, 0x03, 0x00, 0xA0, 0xE1, 0x10, 0x40, 0xBD, 0xE8,
	0x1E, 0xFF, 0x2F, 0xE1, 0x10, 0x40, 0x2D, 0xE9, 0x00, 0x40, 0xA0, 0xE1,
	0x01, 0x00, 0xA0, 0xE1, 0x02, 0x10, 0xA0, 0xE1, 0x01, 0x20, 0xA0, 0xE3,
	0x5A, 0xFF, 0xFF, 0xEB, 0x30, 0xFF, 0xFF, 0xEB, 0x00, 0x00, 0x50, 0xE3,
	0x00, 0x30, 0xA0, 0xE1, 0x06, 0x10, 0xA0, 0xE3, 0x04, 0x00, 0xA0, 0xE1,
	0x01, 0x00, 0x00, 0x0A, 0xBD, 0xFF, 0xFF, 0xEB, 0x01, 0x30, 0xA0, 0xE3,
	0x03, 0x00, 0xA0, 0xE1, 0x10, 0x40, 0xBD, 0xE8, 0x1E, 0xFF, 0x2F, 0xE1,
	0x30, 0x40, 0x2D, 0xE9, 0x01, 0xE3, 0xA0, 0xE3, 0x01, 0xEC, 0x8E, 0xE2,
	0x01, 0xC3, 0xA0, 0xE3, 0x3F, 0x30, 0xE0, 0xE3, 0xA1, 0x31, 0xCC, 0xE5,
	0xA8, 0x10, 0xCE, 0xE5, 0xA4, 0x01, 0x8C, 0xE5, 0x02, 0xE0, 0xA0, 0xE1,
	0x03, 0x40, 0x02, 0xE2, 0x41, 0x56, 0xA0, 0xE3, 0xA4, 0x31, 0x9C, 0xE5,
	0x02, 0x05, 0x13, 0xE3, 0x0D, 0x00, 0x00, 0x0A, 0x00, 0x00, 0x54, 0xE3,
	0x00, 0x30, 0x9E, 0x05, 0x10, 0x30, 0x85, 0x05, 0x08, 0x00, 0x00, 0x0A,
	0x03, 0x30, 0xDE, 0xE5, 0x00, 0x20, 0xDE, 0xE5, 0x01, 0x10, 0xDE, 0xE5,
	0x02, 0x00, 0xDE, 0xE5, 0x03, 0x3C, 0xA0, 0xE1, 0x01, 0x24, 0x82, 0xE1,
	0x00, 0x38, 0x83, 0xE1, 0x03, 0x20, 0x82, 0xE1, 0x10, 0x20, 0x85, 0xE5,
	0x04, 0xE0, 0x8E, 0xE2, 0xA4, 0x31, 0x9C, 0xE5, 0x00, 0x00, 0x53, 0xE3,
	0xEB, 0xFF, 0xFF, 0xBA, 0x30, 0x40, 0xBD, 0xE8, 0x1E, 0xFF, 0x2F, 0xE1,
	0x00, 0x20, 0xA0, 0xE1, 0xE1, 0x04, 0xA0, 0xE3, 0x01, 0x05, 0x80, 0xE2,
	0x06, 0x0A, 0x80, 0xE2, 0xC6, 0x10, 0xA0, 0xE3, 0xD8, 0xFF, 0xFF, 0xEA,
	0xF0, 0x45, 0x2D, 0xE9, 0xE8, 0xA0, 0x9F, 0xE5, 0xE8, 0x50, 0x9F, 0xE5,
	0x0A, 0xA0, 0x8F, 0xE0, 0x05, 0x00, 0xDA, 0xE7, 0x01, 0x00, 0x50, 0xE3,
	0x0C, 0xD0, 0x4D, 0xE2, 0x2E, 0x00, 0x00, 0x0A, 0xD4, 0x20, 0x9F, 0xE5,
	0xD4, 0x10, 0x9F, 0xE5, 0xD4, 0x60, 0x9F, 0xE5, 0xD4, 0x80, 0x9F, 0xE5,
	0xD4, 0x70, 0x9F, 0xE5, 0x00, 0x40, 0xA0, 0xE3, 0x00, 0x30, 0xE0, 0xE3,
	0x02, 0x30, 0x8A, 0xE7, 0x01, 0x40, 0x8A, 0xE7, 0x04, 0x00, 0xA0, 0xE1,
	0x06, 0x40, 0xCA, 0xE7, 0x05, 0x40, 0xCA, 0xE7, 0x08, 0x40, 0x8A, 0xE7,
	0x07, 0x40, 0x8A, 0xE7, 0xD1, 0xFE, 0xFF, 0xEB, 0x04, 0x00, 0xA0, 0xE1,
	0x04, 0x10, 0xA0, 0xE1, 0x04, 0x20, 0xA0, 0xE1, 0x0D, 0xFF, 0xFF, 0xEB,
	0xE3, 0xFE, 0xFF, 0xEB, 0x00, 0x00, 0x50, 0xE3, 0x18, 0x00, 0x00, 0x0A,
	0x27, 0x3C, 0xA0, 0xE3, 0x04, 0x00, 0xA0, 0xE1, 0x10, 0x30, 0x83, 0xE2,
	0x01, 0x13, 0xA0, 0xE3, 0x01, 0x26, 0xA0, 0xE3, 0x01, 0x00, 0x80, 0xE2,
	0x03, 0x00, 0x50, 0xE1, 0x14, 0x22, 0x81, 0xE5, 0xFB, 0xFF, 0xFF, 0x1A,
	0x6C, 0x30, 0x9F, 0xE5, 0x6C, 0x20, 0x9F, 0xE5, 0x07, 0xC0, 0x8A, 0xE0,
	0x06, 0x40, 0x8A, 0xE0, 0x03, 0x00, 0x9A, 0xE7, 0x02, 0x10, 0x9A, 0xE7,
	0x08, 0x30, 0x8A, 0xE0, 0x01, 0x20, 0xA0, 0xE3, 0x04, 0x40, 0x8D, 0xE5,
	0x00, 0xC0, 0x8D, 0xE5, 0xF7, 0x00, 0x00, 0xEB, 0x00, 0x40, 0x50, 0xE2,
	0x05, 0x00, 0x00, 0x1A, 0x01, 0x30, 0xA0, 0xE3, 0x05, 0x30, 0xCA, 0xE7,
	0x04, 0x00, 0xA0, 0xE1, 0x0C, 0xD0, 0x8D, 0xE2, 0xF0, 0x45, 0xBD, 0xE8,
	0x1E, 0xFF, 0x2F, 0xE1, 0x04, 0x00, 0xA0, 0xE3, 0xAC, 0xFE, 0xFF, 0xEB,
	0xF6, 0xFF, 0xFF, 0xEA, 0xAC, 0x09, 0x00, 0x00, 0x44, 0x00, 0x00, 0x00,
	0x1C, 0x00, 0x00, 0x00, 0x50, 0x00, 0x00, 0x00, 0x45, 0x00, 0x00, 0x00,
	0x48, 0x00, 0x00, 0x00, 0x4C, 0x00, 0x00, 0x00, 0x18, 0x00, 0x00, 0x00,
	0x14, 0x00, 0x00, 0x00, 0x30, 0x44, 0x2D, 0xE9, 0x64, 0xA0, 0x9F, 0xE5,
	0x64, 0x30, 0x9F, 0xE5, 0x0A, 0xA0, 0x8F, 0xE0, 0x03, 0x20, 0xDA, 0xE7,
	0x01, 0x00, 0x52, 0xE3, 0x00, 0x40, 0xA0, 0xE1, 0x01, 0x50, 0xA0, 0xE1,
	0xB0, 0xFF, 0xFF, 0x1B, 0x4C, 0x30, 0x9F, 0xE5, 0x03, 0x20, 0x9A, 0xE7,
	0x00, 0x00, 0x52, 0xE3, 0x0C, 0x00, 0x00, 0x1A, 0x40, 0x30, 0x9F, 0xE5,
	0x03, 0x20, 0xDA, 0xE7, 0x00, 0x00, 0x52, 0xE3, 0x84, 0x44, 0xA0, 0x01,
	0x05, 0x00, 0xA0, 0xE1, 0x02, 0x1C, 0xA0, 0xE3, 0x9F, 0xFF, 0xFF, 0xEB,
	0x04, 0x10, 0xA0, 0xE1, 0x18, 0x00, 0xA0, 0xE3, 0x03, 0x20, 0xA0, 0xE3,
	0xCA, 0xFE, 0xFF, 0xEB, 0x30, 0x44, 0xBD, 0xE8, 0xAF, 0xFE, 0xFF, 0xEA,
	0xED, 0xFE, 0xFF, 0xEB, 0xF0, 0xFF, 0xFF, 0xEA, 0x94, 0x08, 0x00, 0x00,
	0x44, 0x00, 0x00, 0x00, 0x50, 0x00, 0x00, 0x00, 0x45, 0x00, 0x00, 0x00,
	0x70, 0x44, 0x2D, 0xE9, 0xFC, 0xA0, 0x9F, 0xE5, 0xFC, 0x30, 0x9F, 0xE5,
	0x0A, 0xA0, 0x8F, 0xE0, 0x03, 0x20, 0xDA, 0xE7, 0x01, 0x00, 0x52, 0xE3,
	0x04, 0xD0, 0x4D, 0xE2, 0x00, 0x50, 0xA0, 0xE1, 0x01, 0x40, 0xA0, 0xE1,
	0x8F, 0xFF, 0xFF, 0x1B, 0xE0, 0x30, 0x9F, 0xE5, 0x03, 0x20, 0x9A, 0xE7,
	0x00, 0x10, 0x92, 0xE5, 0x00, 0x00, 0x51, 0xE3, 0x04, 0x00, 0x00, 0x0A,
	0x05, 0x00, 0xA0, 0xE1, 0x04, 0x10, 0xA0, 0xE1, 0x04, 0xD0, 0x8D, 0xE2,
	0x70, 0x44, 0xBD, 0xE8, 0xCB, 0xFF, 0xFF, 0xEA, 0xBC, 0x60, 0x9F, 0xE5,
	0x04, 0x00, 0xA0, 0xE1, 0x02, 0x1C, 0xA0, 0xE3, 0x7B, 0xFF, 0xFF, 0xEB,
	0x06, 0x30, 0x9A, 0xE7, 0x02, 0x00, 0x53, 0xE3, 0x11, 0x00, 0x00, 0x0A,
	0xA4, 0x40, 0x9F, 0xE5, 0xCB, 0xFE, 0xFF, 0xEB, 0xA0, 0x30, 0x9F, 0xE5,
	0x03, 0x20, 0xDA, 0xE7, 0x00, 0x00, 0x52, 0xE3, 0x05, 0x10, 0xA0, 0x11,
	0x85, 0x14, 0xA0, 0x01, 0x19, 0x00, 0xA0, 0xE3, 0x03, 0x20, 0xA0, 0xE3,
	0x9D, 0xFE, 0xFF, 0xEB, 0x83, 0xFE, 0xFF, 0xEB, 0x01, 0x30, 0x85, 0xE2,
	0x02, 0x20, 0xA0, 0xE3, 0x04, 0x30, 0x8A, 0xE7, 0x06, 0x20, 0x8A, 0xE7,
	0x04, 0xD0, 0x8D, 0xE2, 0x70, 0x44, 0xBD, 0xE8, 0x1E, 0xFF, 0x2F, 0xE1,
	0x5C, 0x40, 0x9F, 0xE5, 0x04, 0x30, 0x9A, 0xE7, 0x03, 0x00, 0x55, 0xE1,
	0xEA, 0xFF, 0xFF, 0x1A, 0xA7, 0xC4, 0xA0, 0xE3, 0x01, 0xC5, 0x8C, 0xE2,
	0x01, 0x13, 0xA0, 0xE3, 0x01, 0x03, 0xA0, 0xE3, 0x01, 0x1C, 0x81, 0xE2,
	0x06, 0xCA, 0x8C, 0xE2, 0x3F, 0x30, 0xE0, 0xE3, 0x07, 0x20, 0xA0, 0xE3,
	0xA8, 0x30, 0xC1, 0xE5, 0xA9, 0x21, 0xC0, 0xE5, 0xA4, 0xC1, 0x80, 0xE5,
	0xA4, 0x31, 0x90, 0xE5, 0x02, 0x05, 0x13, 0xE3, 0xFC, 0xFF, 0xFF, 0x0A,
	0x41, 0x36, 0xA0, 0xE3, 0x10, 0x20, 0x93, 0xE5, 0xE2, 0xFF, 0xFF, 0xEA,
	0x14, 0x08, 0x00, 0x00, 0x44, 0x00, 0x00, 0x00, 0x0C, 0x00, 0x00, 0x00,
	0x50, 0x00, 0x00, 0x00, 0x1C, 0x00, 0x00, 0x00, 0x45, 0x00, 0x00, 0x00,
	0xF0, 0x44, 0x2D, 0xE9, 0x08, 0xA1, 0x9F, 0xE5, 0x08, 0x31, 0x9F, 0xE5,
	0x0A, 0xA0, 0x8F, 0xE0, 0x03, 0x20, 0xDA, 0xE7, 0x01, 0x00, 0x52, 0xE3,
	0x08, 0xD0, 0x4D, 0xE2, 0x00, 0x40, 0xA0, 0xE1, 0x01, 0x50, 0xA0, 0xE1,
	0x47, 0xFF, 0xFF, 0x1B, 0xEC, 0x60, 0x9F, 0xE5, 0x06, 0x30, 0x9A, 0xE7,
	0x01, 0x00, 0x53, 0xE3, 0x21, 0x00, 0x00, 0x0A, 0xE0, 0x70, 0x9F, 0xE5,
	0x90, 0xFE, 0xFF, 0xEB, 0xDC, 0x30, 0x9F, 0xE5, 0x03, 0x20, 0xDA, 0xE7,
	0x00, 0x00, 0x52, 0xE3, 0x04, 0x10, 0xA0, 0x11, 0x84, 0x14, 0xA0, 0x01,
	0x12, 0x00, 0xA0, 0xE3, 0x02, 0x20, 0xA0, 0xE3, 0x62, 0xFE, 0xFF, 0xEB,
	0x48, 0xFE, 0xFF, 0xEB, 0x00, 0x20, 0xA0, 0xE3, 0x0D, 0x30, 0xA0, 0xE1,
	0x02, 0x10, 0xA0, 0xE1, 0x03, 0x10, 0xC2, 0xE7, 0x01, 0x20, 0x82, 0xE2,
	0x07, 0x00, 0x52, 0xE3, 0xFB, 0xFF, 0xFF, 0x1A, 0xA1, 0x04, 0xA0, 0xE3,
	0x01, 0x05, 0x80, 0xE2, 0x0D, 0x30, 0xA0, 0xE1, 0x02, 0x2C, 0xA0, 0xE3,
	0x3D, 0xC0, 0xE0, 0xE3, 0x06, 0x0A, 0x80, 0xE2, 0x05, 0x10, 0xA0, 0xE1,
	0x07, 0xC0, 0xCD, 0xE5, 0x92, 0xFE, 0xFF, 0xEB, 0x01, 0x30, 0x84, 0xE2,
	0x01, 0x20, 0xA0, 0xE3, 0x07, 0x30, 0x8A, 0xE7, 0x06, 0x20, 0x8A, 0xE7,
	0x08, 0xD0, 0x8D, 0xE2, 0xF0, 0x44, 0xBD, 0xE8, 0x1E, 0xFF, 0x2F, 0xE1,
	0x58, 0x70, 0x9F, 0xE5, 0x07, 0x30, 0x9A, 0xE7, 0x03, 0x00, 0x54, 0xE1,
	0xDA, 0xFF, 0xFF, 0x1A, 0xA7, 0xC4, 0xA0, 0xE3, 0x01, 0xC5, 0x8C, 0xE2,
	0x01, 0x13, 0xA0, 0xE3, 0x01, 0x03, 0xA0, 0xE3, 0x01, 0x1C, 0x81, 0xE2,
	0x06, 0xCA, 0x8C, 0xE2, 0x3F, 0x30, 0xE0, 0xE3, 0x06, 0x20, 0xA0, 0xE3,
	0xA8, 0x30, 0xC1, 0xE5, 0xA9, 0x21, 0xC0, 0xE5, 0xA4, 0xC1, 0x80, 0xE5,
	0xA4, 0x31, 0x90, 0xE5, 0x02, 0x05, 0x13, 0xE3, 0xFC, 0xFF, 0xFF, 0x0A,
	0x41, 0x36, 0xA0, 0xE3, 0x10, 0x20, 0x93, 0xE5, 0xD2, 0xFF, 0xFF, 0xEA,
	0xF4, 0x06, 0x00, 0x00, 0x44, 0x00, 0x00, 0x00, 0x50, 0x00, 0x00, 0x00,
	0x1C, 0x00, 0x00, 0x00, 0x45, 0x00, 0x00, 0x00, 0xF0, 0x41, 0x2D, 0xE9,
	0x00, 0x80, 0x53, 0xE2, 0x00, 0x70, 0xA0, 0xE1, 0x01, 0x60, 0xA0, 0xE1,
	0x02, 0x50, 0xA0, 0xE1, 0x20, 0x00, 0x00, 0xDA, 0x00, 0xE0, 0xA0, 0xE3,
	0x0E, 0x20, 0x85, 0xE0, 0x07, 0x30, 0xC2, 0xE3, 0x88, 0x30, 0x63, 0xE2,
	0x07, 0x10, 0x83, 0xE2, 0x00, 0x00, 0x53, 0xE3, 0xC2, 0x0F, 0xA0, 0xE1,
	0x01, 0x30, 0xA0, 0xB1, 0xA0, 0x0E, 0xA0, 0xE1, 0xC3, 0x31, 0x86, 0xE0,
	0x00, 0x20, 0x82, 0xE0, 0x01, 0x10, 0x53, 0xE5, 0x07, 0x20, 0x02, 0xE2,
	0x02, 0x20, 0x60, 0xE0, 0x51, 0x12, 0xA0, 0xE1, 0xCE, 0xCF, 0xA0, 0xE1,
	0xAC, 0xCE, 0xA0, 0xE1, 0x0C, 0x30, 0x8E, 0xE0, 0x07, 0x30, 0x03, 0xE2,
	0x01, 0x00, 0x11, 0xE3, 0x07, 0x40, 0x8E, 0xE2, 0x03, 0x00, 0x6C, 0xE0,
	0x06, 0x00, 0x00, 0x0A, 0x00, 0x00, 0x5E, 0xE3, 0x0E, 0x10, 0xA0, 0xA1,
	0x04, 0x10, 0xA0, 0xB1, 0xC1, 0x21, 0xD7, 0xE7, 0x01, 0x30, 0xA0, 0xE3,
	0x13, 0x20, 0x82, 0xE1, 0xC1, 0x21, 0xC7, 0xE7, 0x01, 0xE0, 0x8E, 0xE2,
	0x0E, 0x00, 0x58, 0xE1, 0xDF, 0xFF, 0xFF, 0x1A, 0xF0, 0x41, 0xBD, 0xE8,
	0x1E, 0xFF, 0x2F, 0xE1, 0x00, 0x00, 0x51, 0xE3, 0x01, 0x30, 0xA0, 0x03,
	0x03, 0x00, 0x00, 0x0A, 0x01, 0x30, 0xA0, 0xE3, 0x01, 0x10, 0x51, 0xE2,
	0x90, 0x03, 0x03, 0xE0, 0xFC, 0xFF, 0xFF, 0x1A, 0x03, 0x00, 0xA0, 0xE1,
	0x1E, 0xFF, 0x2F, 0xE1, 0xF0, 0x4B, 0x2D, 0xE9, 0x28, 0xD0, 0x4D, 0xE2,
	0x0B, 0x70, 0x8D, 0xE2, 0x00, 0x60, 0xA0, 0xE1, 0x04, 0x10, 0x8D, 0xE5,
	0x00, 0x20, 0x8D, 0xE5, 0x00, 0x10, 0xA0, 0xE3, 0x11, 0x20, 0xA0, 0xE3,
	0x07, 0x00, 0xA0, 0xE1, 0x03, 0x80, 0xA0, 0xE1, 0x4C, 0x90, 0x9D, 0xE5,
	0x11, 0x01, 0x00, 0xEB, 0x48, 0x10, 0x9D, 0xE5, 0x00, 0x30, 0xA0, 0xE3,
	0x6A, 0x2F, 0xA0, 0xE3, 0x00, 0x30, 0x88, 0xE5, 0x02, 0x20, 0x82, 0xE2,
	0x00, 0x30, 0x81, 0xE5, 0x07, 0x00, 0xA0, 0xE1, 0x00, 0x30, 0xC9, 0xE5,
	0x08, 0x10, 0xA0, 0xE3, 0x24, 0x30, 0x8D, 0xE5, 0x20, 0x30, 0x8D, 0xE5,
	0x1C, 0x30, 0x8D, 0xE5, 0x0F, 0xE0, 0xA0, 0xE1, 0x16, 0xFF, 0x2F, 0xE1,
	0x00, 0x00, 0x50, 0xE3, 0x01, 0x51, 0xA0, 0x13, 0x3F, 0x57, 0x85, 0x12,
	0x01, 0xB0, 0xA0, 0x13, 0x00, 0xB0, 0xA0, 0x01, 0x3F, 0x57, 0xA0, 0x03,
	0x00, 0x40, 0xA0, 0xE3, 0x04, 0x00, 0x00, 0xEA, 0x0B, 0x30, 0xDD, 0xE5,
	0x3F, 0x00, 0x53, 0xE3, 0x71, 0x00, 0x00, 0x1A, 0x01, 0x0C, 0x54, 0xE3,
	0x6F, 0x00, 0x00, 0x0A, 0x37, 0x10, 0xA0, 0xE3, 0x00, 0x20, 0xA0, 0xE3,
	0x07, 0x00, 0xA0, 0xE1, 0x0F, 0xE0, 0xA0, 0xE1, 0x16, 0xFF, 0x2F, 0xE1,
	0x07, 0x00, 0xA0, 0xE1, 0x29, 0x10, 0xA0, 0xE3, 0x05, 0x20, 0xA0, 0xE1,
	0x0F, 0xE0, 0xA0, 0xE1, 0x16, 0xFF, 0x2F, 0xE1, 0x0C, 0x30, 0xDD, 0xE5,
	0x80, 0x00, 0x13, 0xE3, 0x01, 0x40, 0x84, 0xE2, 0xEC, 0xFF, 0xFF, 0x0A,
	0x00, 0x00, 0x5B, 0xE3, 0x02, 0x00, 0x00, 0x0A, 0x40, 0x00, 0x13, 0xE3,
	0x01, 0x30, 0xA0, 0x13, 0x00, 0x30, 0xC9, 0x15, 0x07, 0x00, 0xA0, 0xE1,
	0x02, 0x10, 0xA0, 0xE3, 0x00, 0x20, 0xA0, 0xE3, 0x04, 0x30, 0x9D, 0xE5,
	0x0F, 0xE0, 0xA0, 0xE1, 0x13, 0xFF, 0x2F, 0xE1, 0x00, 0x40, 0xA0, 0xE3,
	0x01, 0x00, 0x00, 0xEA, 0x01, 0x0C, 0x54, 0xE3, 0x52, 0x00, 0x00, 0x0A,
	0x03, 0x10, 0xA0, 0xE3, 0x00, 0x20, 0xA0, 0xE3, 0x07, 0x00, 0xA0, 0xE1,
	0x0F, 0xE0, 0xA0, 0xE1, 0x16, 0xFF, 0x2F, 0xE1, 0x0D, 0x30, 0xDD, 0xE5,
	0x0E, 0x20, 0xDD, 0xE5, 0x0C, 0x10, 0xDD, 0xE5, 0x03, 0x38, 0xA0, 0xE1,
	0x1E, 0x20, 0x02, 0xE2, 0x01, 0x3C, 0x83, 0xE1, 0x06, 0x00, 0x52, 0xE3,
	0x01, 0x40, 0x84, 0xE2, 0x00, 0x30, 0x88, 0xE5, 0xEE, 0xFF, 0xFF, 0x0A,
	0x03, 0x20, 0xA0, 0xE1, 0x07, 0x00, 0xA0, 0xE1, 0x04, 0x30, 0x9D, 0xE5,
	0x09, 0x10, 0xA0, 0xE3, 0x0F, 0xE0, 0xA0, 0xE1, 0x13, 0xFF, 0x2F, 0xE1,
	0x00, 0x30, 0xD9, 0xE5, 0x00, 0x00, 0x53, 0xE3, 0x3E, 0x00, 0x00, 0x1A,
	0x24, 0x00, 0x8D, 0xE2, 0x07, 0x10, 0xA0, 0xE1, 0x3E, 0x20, 0xA0, 0xE3,
	0x0C, 0x30, 0x83, 0xE2, 0x6C, 0xFF, 0xFF, 0xEB, 0x20, 0x00, 0x8D, 0xE2,
	0x07, 0x10, 0xA0, 0xE1, 0x2F, 0x20, 0xA0, 0xE3, 0x03, 0x30, 0xA0, 0xE3,
	0x67, 0xFF, 0xFF, 0xEB, 0x04, 0x30, 0xA0, 0xE3, 0x50, 0x20, 0xA0, 0xE3,
	0x1C, 0x00, 0x8D, 0xE2, 0x07, 0x10, 0xA0, 0xE1, 0x62, 0xFF, 0xFF, 0xEB,
	0x20, 0x10, 0x9D, 0xE5, 0x02, 0x00, 0xA0, 0xE3, 0x02, 0x10, 0x81, 0xE2,
	0x87, 0xFF, 0xFF, 0xEB, 0x24, 0x40, 0x9D, 0xE5, 0x01, 0x40, 0x84, 0xE2,
	0x1C, 0x10, 0x9D, 0xE5, 0x90, 0x04, 0x05, 0xE0, 0x02, 0x00, 0xA0, 0xE3,
	0x81, 0xFF, 0xFF, 0xEB, 0x90, 0x05, 0x03, 0xE0, 0x48, 0x10, 0x9D, 0xE5,
	0x00, 0x30, 0x81, 0xE5, 0x07, 0x00, 0xA0, 0xE1, 0x07, 0x10, 0xA0, 0xE3,
	0x00, 0x20, 0x98, 0xE5, 0x0F, 0xE0, 0xA0, 0xE1, 0x16, 0xFF, 0x2F, 0xE1,
	0x00, 0x30, 0x9D, 0xE5, 0x00, 0x00, 0x53, 0xE3, 0x25, 0x00, 0x00, 0x1A,
	0x07, 0x00, 0xA0, 0xE1, 0x10, 0x10, 0xA0, 0xE3, 0x02, 0x2C, 0xA0, 0xE3,
	0x0F, 0xE0, 0xA0, 0xE1, 0x16, 0xFF, 0x2F, 0xE1, 0x00, 0x40, 0xA0, 0xE3,
	0x05, 0x00, 0x00, 0xEA, 0x0E, 0x30, 0xDD, 0xE5, 0x1F, 0x30, 0x03, 0xE2,
	0x09, 0x00, 0x53, 0xE3, 0x09, 0x00, 0x00, 0x0A, 0x01, 0x0C, 0x54, 0xE3,
	0x09, 0x00, 0x00, 0x0A, 0x07, 0x00, 0xA0, 0xE1, 0x0D, 0x10, 0xA0, 0xE3,
	0x00, 0x20, 0x98, 0xE5, 0x0F, 0xE0, 0xA0, 0xE1, 0x16, 0xFF, 0x2F, 0xE1,
	0x00, 0x00, 0x50, 0xE3, 0x01, 0x40, 0x84, 0xE2, 0xF1, 0xFF, 0xFF, 0x0A,
	0x01, 0x00, 0xA0, 0xE3, 0x00, 0x00, 0x00, 0xEA, 0x00, 0x00, 0xA0, 0xE3,
	0x28, 0xD0, 0x8D, 0xE2, 0xF0, 0x4B, 0xBD, 0xE8, 0x1E, 0xFF, 0x2F, 0xE1,
	0x30, 0x20, 0xA0, 0xE3, 0x16, 0x30, 0xA0, 0xE3, 0x24, 0x00, 0x8D, 0xE2,
	0x07, 0x10, 0xA0, 0xE1, 0x2D, 0xFF, 0xFF, 0xEB, 0x24, 0x30, 0x9D, 0xE5,
	0x48, 0x20, 0x9D, 0xE5, 0x83, 0x39, 0xA0, 0xE1, 0x02, 0x37, 0x83, 0xE2,
	0x00, 0x30, 0x82, 0xE5, 0xD1, 0xFF, 0xFF, 0xEA, 0x00, 0x20, 0x98, 0xE5,
	0x37, 0x10, 0xA0, 0xE3, 0x07, 0x00, 0xA0, 0xE1, 0x0F, 0xE0, 0xA0, 0xE1,
	0x16, 0xFF, 0x2F, 0xE1, 0x07, 0x00, 0xA0, 0xE1, 0x06, 0x10, 0xA0, 0xE3,
	0x02, 0x20, 0xA0, 0xE3, 0x0F, 0xE0, 0xA0, 0xE1, 0x16, 0xFF, 0x2F, 0xE1,
	0xCE, 0xFF, 0xFF, 0xEA, 0x01, 0x00, 0xA0, 0xE3, 0x1E, 0xFF, 0x2F, 0xE1,
	0x01, 0x00, 0xA0, 0xE3, 0x1E, 0xFF, 0x2F, 0xE1, 0x04, 0xE0, 0x2D, 0xE5,
	0x04, 0xD0, 0x4D, 0xE2, 0x86, 0xFD, 0xFF, 0xEB, 0x01, 0x00, 0xA0, 0xE3,
	0x04, 0xD0, 0x8D, 0xE2, 0x04, 0xE0, 0x9D, 0xE4, 0x1E, 0xFF, 0x2F, 0xE1,
	0xF0, 0x40, 0x2D, 0xE9, 0x00, 0x70, 0x51, 0xE2, 0x04, 0xD0, 0x4D, 0xE2,
	0x00, 0x60, 0xA0, 0xE1, 0x0A, 0x00, 0x00, 0x0A, 0x00, 0x50, 0xA0, 0xE3,
	0x02, 0x40, 0xA0, 0xE1, 0x05, 0x30, 0xA0, 0xE1, 0x03, 0x00, 0x86, 0xE0,
	0x01, 0x50, 0x85, 0xE2, 0x04, 0x10, 0xA0, 0xE1, 0x73, 0xFE, 0xFF, 0xEB,
	0x07, 0x00, 0x55, 0xE1, 0x02, 0x4C, 0x84, 0xE2, 0x05, 0x30, 0xA0, 0xE1,
	0xF7, 0xFF, 0xFF, 0x1A, 0x71, 0xFD, 0xFF, 0xEB, 0x01, 0x00, 0xA0, 0xE3,
	0x04, 0xD0, 0x8D, 0xE2, 0xF0, 0x40, 0xBD, 0xE8, 0x1E, 0xFF, 0x2F, 0xE1,
	0xF0, 0x40, 0x2D, 0xE9, 0x00, 0x70, 0x51, 0xE2, 0x04, 0xD0, 0x4D, 0xE2,
	0x00, 0x60, 0xA0, 0xE1, 0x0A, 0x00, 0x00, 0x0A, 0x00, 0x50, 0xA0, 0xE3,
	0x02, 0x40, 0xA0, 0xE1, 0x05, 0x30, 0xA0, 0xE1, 0x03, 0x00, 0x86, 0xE0,
	0x01, 0x50, 0x85, 0xE2, 0x04, 0x10, 0xA0, 0xE1, 0xA6, 0xFE, 0xFF, 0xEB,
	0x07, 0x00, 0x55, 0xE1, 0x02, 0x4C, 0x84, 0xE2, 0x05, 0x30, 0xA0, 0xE1,
	0xF7, 0xFF, 0xFF, 0x1A, 0x5C, 0xFD, 0xFF, 0xEB, 0x01, 0x00, 0xA0, 0xE3,
	0x04, 0xD0, 0x8D, 0xE2, 0xF0, 0x40, 0xBD, 0xE8, 0x1E, 0xFF, 0x2F, 0xE1,
	0x00, 0x44, 0x2D, 0xE9, 0x2C, 0xA0, 0x9F, 0xE5, 0x2C, 0x30, 0x9F, 0xE5,
	0x0A, 0xA0, 0x8F, 0xE0, 0x03, 0x20, 0x9A, 0xE7, 0x08, 0x10, 0x92, 0xE5,
	0x00, 0x00, 0x51, 0xE3, 0x1C, 0x30, 0x9F, 0x05, 0x03, 0x20, 0x9A, 0x07,
	0x00, 0x10, 0x82, 0x05, 0xE4, 0xFD, 0xFF, 0xEB, 0x01, 0x00, 0xA0, 0xE3,
	0x00, 0x44, 0xBD, 0xE8, 0x1E, 0xFF, 0x2F, 0xE1, 0x6C, 0x01, 0x00, 0x00,
	0x10, 0x00, 0x00, 0x00, 0x0C, 0x00, 0x00, 0x00, 0x0F, 0x00, 0x52, 0xE3,
	0x04, 0xE0, 0x2D, 0xE5, 0x00, 0xC0, 0xA0, 0xE1, 0x02, 0xE0, 0xA0, 0xE1,
	0x02, 0x00, 0x00, 0x9A, 0x00, 0x30, 0x81, 0xE1, 0x03, 0x00, 0x13, 0xE3,
	0x09, 0x00, 0x00, 0x0A, 0x00, 0x00, 0x5E, 0xE3, 0x05, 0x00, 0x00, 0x0A,
	0x00, 0x20, 0xA0, 0xE3, 0x01, 0x30, 0xD1, 0xE4, 0x0C, 0x30, 0xC2, 0xE7,
	0x01, 0x20, 0x82, 0xE2, 0x0E, 0x00, 0x52, 0xE1, 0xFA, 0xFF, 0xFF, 0x1A,
	0x04, 0xE0, 0x9D, 0xE4, 0x1E, 0xFF, 0x2F, 0xE1, 0x00, 0x30, 0x91, 0xE5,
	0x00, 0x30, 0x8C, 0xE5, 0x04, 0x20, 0x91, 0xE5, 0x04, 0x20, 0x8C, 0xE5,
	0x08, 0x30, 0x91, 0xE5, 0x08, 0x30, 0x8C, 0xE5, 0x10, 0xE0, 0x4E, 0xE2,
	0x0C, 0x30, 0x91, 0xE5, 0x0F, 0x00, 0x5E, 0xE3, 0x0C, 0x30, 0x8C, 0xE5,
	0x10, 0x10, 0x81, 0xE2, 0x10, 0xC0, 0x8C, 0xE2, 0xF2, 0xFF, 0xFF, 0x8A,
	0x03, 0x00, 0x5E, 0xE3, 0xE6, 0xFF, 0xFF, 0x9A, 0x04, 0xE0, 0x4E, 0xE2,
	0x04, 0x30, 0x91, 0xE4, 0x03, 0x00, 0x5E, 0xE3, 0x04, 0x30, 0x8C, 0xE4,
	0xFA, 0xFF, 0xFF, 0x8A, 0xE0, 0xFF, 0xFF, 0xEA, 0x03, 0x00, 0x52, 0xE3,
	0xFF, 0x10, 0x01, 0xE2, 0x00, 0xC0, 0xA0, 0xE1, 0x01, 0x00, 0x00, 0x9A,
	0x03, 0x00, 0x10, 0xE3, 0x08, 0x00, 0x00, 0x0A, 0x00, 0x00, 0x52, 0xE3,
	0x1E, 0xFF, 0x2F, 0x01, 0xFF, 0x10, 0x01, 0xE2, 0x00, 0x30, 0xA0, 0xE3,
	0x0C, 0x10, 0xC3, 0xE7, 0x01, 0x30, 0x83, 0xE2, 0x02, 0x00, 0x53, 0xE1,
	0xFB, 0xFF, 0xFF, 0x1A, 0x1E, 0xFF, 0x2F, 0xE1, 0x01, 0x34, 0x81, 0xE1,
	0x0F, 0x00, 0x52, 0xE3, 0x03, 0xC8, 0x83, 0xE1, 0x00, 0x30, 0xA0, 0xE1,
	0x09, 0x00, 0x00, 0x9A, 0x10, 0x20, 0x42, 0xE2, 0x0F, 0x00, 0x52, 0xE3,
	0x00, 0xC0, 0x83, 0xE5, 0x04, 0xC0, 0x83, 0xE5, 0x08, 0xC0, 0x83, 0xE5,
	0x0C, 0xC0, 0x83, 0xE5, 0x10, 0x30, 0x83, 0xE2, 0xF7, 0xFF, 0xFF, 0x8A,
	0x03, 0x00, 0x52, 0xE3, 0x03, 0x00, 0x00, 0x9A, 0x04, 0x20, 0x42, 0xE2,
	0x03, 0x00, 0x52, 0xE3, 0x04, 0xC0, 0x83, 0xE4, 0xFB, 0xFF, 0xFF, 0x8A,
	0x00, 0x00, 0x52, 0xE3, 0x03, 0xC0, 0xA0, 0xE1, 0xE2, 0xFF, 0xFF, 0x1A,
	0x1E, 0xFF, 0x2F, 0xE1, 0x00, 0x00, 0x00, 0x00, 0x00, 0x00, 0x00, 0xC1,
	0x00, 0x00, 0x00, 0x00, 0x00, 0x00, 0x00, 0x00, 0x00, 0x00, 0x00, 0x00,
	0x7C, 0xD6, 0x00, 0x02, 0x5C, 0xD6, 0x00, 0x02, 0x58, 0xCB, 0x00, 0x02,
	0x9C, 0xCB, 0x00, 0x02, 0xFF, 0xFF, 0xFF, 0xFF, 0x44, 0x4C, 0x44, 0x49,
	0x46, 0x4C, 0x41, 0x47, 0x00, 0x00, 0x00, 0x00, 0x00, 0x00, 0x00, 0x00,
	0x00, 0x00, 0x00, 0x00, 0x00, 0x00, 0x00, 0x00, 0x00, 0x00, 0x00, 0x00,
	0x00, 0x00, 0x00, 0x00, 0x00, 0x00, 0x00, 0x00
};

TWL_CODE ALIGN(16) unsigned char edge_dldi[] = {
	0xED, 0xA5, 0x8D, 0xBF, 0x20, 0x43, 0x68, 0x69, 0x73, 0x68, 0x6D, 0x00,
	0x01, 0x0C, 0x0E, 0x0F, 0x45, 0x44, 0x47, 0x45, 0x20, 0x76, 0x31, 0x2E,
	0x30, 0x00, 0x00, 0x00, 0x00, 0x00, 0x00, 0x00, 0x00, 0x00, 0x00, 0x00,
	0x00, 0x00, 0x00, 0x00, 0x00, 0x00, 0x00, 0x00, 0x00, 0x00, 0x00, 0x00,
	0x00, 0x00, 0x00, 0x00, 0x00, 0x00, 0x00, 0x00, 0x00, 0x00, 0x00, 0x00,
	0x00, 0x00, 0x00, 0x00, 0x40, 0x5F, 0x00, 0x02, 0xB8, 0x6D, 0x00, 0x02,
	0xC0, 0x5F, 0x00, 0x02, 0xC0, 0x5F, 0x00, 0x02, 0xA0, 0x6D, 0x00, 0x02,
	0xB4, 0x6D, 0x00, 0x02, 0xB8, 0x6D, 0x00, 0x02, 0xC8, 0x6D, 0x00, 0x02,
	0x45, 0x44, 0x47, 0x45, 0x23, 0x00, 0x00, 0x00, 0x48, 0x6C, 0x00, 0x02,
	0x74, 0x6B, 0x00, 0x02, 0xF4, 0x6B, 0x00, 0x02, 0xA0, 0x6B, 0x00, 0x02,
	0x7C, 0x6B, 0x00, 0x02, 0x84, 0x6B, 0x00, 0x02, 0x08, 0xD0, 0x4D, 0xE2,
	0x04, 0x00, 0x8D, 0xE5, 0x04, 0x30, 0x9D, 0xE5, 0x00, 0x00, 0x53, 0xE3,
	0x05, 0x00, 0x00, 0x0A, 0x04, 0x30, 0x9D, 0xE5, 0x01, 0x30, 0x43, 0xE2,
	0x04, 0x30, 0x8D, 0xE5, 0x04, 0x20, 0x9D, 0xE5, 0x00, 0x00, 0x52, 0xE3,
	0xF9, 0xFF, 0xFF, 0x1A, 0x08, 0xD0, 0x8D, 0xE2, 0x1E, 0xFF, 0x2F, 0xE1,
	0x01, 0x23, 0xA0, 0xE3, 0x04, 0xE0, 0x2D, 0xE5, 0x01, 0xC3, 0xA0, 0xE3,
	0x01, 0x2C, 0x82, 0xE2, 0x07, 0xE4, 0x11, 0xE2, 0x3F, 0x30, 0xE0, 0xE3,
	0xA1, 0x31, 0xCC, 0xE5, 0xA8, 0x00, 0xC2, 0xE5, 0xA4, 0x11, 0x8C, 0xE5,
	0x0E, 0x00, 0xA0, 0x01, 0x05, 0x00, 0x00, 0x0A, 0x01, 0x33, 0xA0, 0xE3,
	0xA4, 0x21, 0x93, 0xE5, 0x02, 0x05, 0x12, 0xE3, 0xFB, 0xFF, 0xFF, 0x0A,
	0x01, 0x36, 0x83, 0xE2, 0x10, 0x00, 0x93, 0xE5, 0x04, 0xE0, 0x9D, 0xE4,
	0x1E, 0xFF, 0x2F, 0xE1, 0x0A, 0x12, 0xA0, 0xE3, 0x01, 0x15, 0x81, 0xE2,
	0x00, 0x30, 0xA0, 0xE1, 0x01, 0x23, 0xA0, 0xE3, 0x06, 0x1A, 0x81, 0xE2,
	0xB0, 0x00, 0xA0, 0xE3, 0xA9, 0x31, 0xC2, 0xE5, 0xE4, 0xFF, 0xFF, 0xEA,
	0x0A, 0x12, 0xA0, 0xE3, 0x01, 0x15, 0x81, 0xE2, 0x07, 0x30, 0x00, 0xE2,
	0x01, 0x23, 0xA0, 0xE3, 0x06, 0x1A, 0x81, 0xE2, 0xB2, 0x00, 0xA0, 0xE3,
	0xA9, 0x31, 0xC2, 0xE5, 0xDC, 0xFF, 0xFF, 0xEA, 0x04, 0xE0, 0x2D, 0xE5,
	0xA7, 0x14, 0xA0, 0xE3, 0x01, 0x15, 0x81, 0xE2, 0x04, 0xD0, 0x4D, 0xE2,
	0x06, 0x1A, 0x81, 0xE2, 0xB1, 0x00, 0xA0, 0xE3, 0xD5, 0xFF, 0xFF, 0xEB,
	0x20, 0x3C, 0xA0, 0xE1, 0x20, 0x38, 0x83, 0xE1, 0x20, 0x04, 0x80, 0xE1,
	0x03, 0x00, 0x80, 0xE1, 0xFF, 0x00, 0x00, 0xE2, 0x04, 0xD0, 0x8D, 0xE2,
	0x04, 0xE0, 0x9D, 0xE4, 0x1E, 0xFF, 0x2F, 0xE1, 0x10, 0x40, 0x2D, 0xE9,
	0xFF, 0x40, 0xA0, 0xE3, 0x02, 0x00, 0x00, 0xEA, 0x01, 0x40, 0x54, 0xE2,
	0x08, 0x00, 0x00, 0x3A, 0xBA, 0xFF, 0xFF, 0xEB, 0xE9, 0xFF, 0xFF, 0xEB,
	0x01, 0x00, 0x10, 0xE3, 0xFF, 0x00, 0xA0, 0xE3, 0xF8, 0xFF, 0xFF, 0x0A,
	0x00, 0x00, 0x54, 0xE2, 0x01, 0x00, 0xA0, 0x13, 0x10, 0x40, 0xBD, 0xE8,
	0x1E, 0xFF, 0x2F, 0xE1, 0xFE, 0x00, 0x40, 0xE2, 0xFB, 0xFF, 0xFF, 0xEA,
	0xA7, 0xC4, 0xA0, 0xE3, 0x30, 0x40, 0x2D, 0xE9, 0x01, 0xC5, 0x8C, 0xE2,
	0x01, 0xE3, 0xA0, 0xE3, 0x01, 0xEC, 0x8E, 0xE2, 0x06, 0xCA, 0x8C, 0xE2,
	0x01, 0x03, 0xA0, 0xE3, 0x3F, 0x50, 0xE0, 0xE3, 0x4E, 0x40, 0xE0, 0xE3,
	0xA1, 0x51, 0xC0, 0xE5, 0xA8, 0x40, 0xCE, 0xE5, 0xA4, 0xC1, 0x80, 0xE5,
	0xA4, 0x31, 0x90, 0xE5, 0x02, 0x05, 0x13, 0xE3, 0xFC, 0xFF, 0xFF, 0x0A,
	0x41, 0x36, 0xA0, 0xE3, 0x10, 0x20, 0x93, 0xE5, 0x22, 0x1C, 0xA0, 0xE1,
	0x22, 0x18, 0x81, 0xE1, 0x22, 0x24, 0x82, 0xE1, 0x01, 0x20, 0x82, 0xE1,
	0x01, 0x00, 0x12, 0xE3, 0xF1, 0xFF, 0xFF, 0x0A, 0x30, 0x40, 0xBD, 0xE8,
	0x1E, 0xFF, 0x2F, 0xE1, 0x70, 0x40, 0x2D, 0xE9, 0x5F, 0x30, 0xE0, 0xE3,
	0x08, 0xD0, 0x4D, 0xE2, 0x01, 0x63, 0xA0, 0xE3, 0x21, 0xCC, 0xA0, 0xE1,
	0x21, 0xE8, 0xA0, 0xE1, 0x21, 0x44, 0xA0, 0xE1, 0x00, 0x30, 0xCD, 0xE5,
	0x40, 0x00, 0x80, 0xE3, 0x00, 0x50, 0xA0, 0xE3, 0x20, 0x30, 0x83, 0xE2,
	0x01, 0x20, 0xCD, 0xE5, 0x06, 0x10, 0xCD, 0xE5, 0x02, 0x00, 0xCD, 0xE5,
	0x03, 0xC0, 0xCD, 0xE5, 0x04, 0xE0, 0xCD, 0xE5, 0x05, 0x40, 0xCD, 0xE5,
	0x07, 0x50, 0xCD, 0xE5, 0xA1, 0x31, 0xC6, 0xE5, 0x6A, 0x2F, 0x86, 0xE2,
	0x0D, 0x10, 0xA0, 0xE1, 0x01, 0x30, 0xD5, 0xE7, 0x02, 0x30, 0xC5, 0xE7,
	0x01, 0x50, 0x85, 0xE2, 0x08, 0x00, 0x55, 0xE3, 0xFA, 0xFF, 0xFF, 0x1A,
	0xA7, 0x34, 0xA0, 0xE3, 0x01, 0x35, 0x83, 0xE2, 0x06, 0x3A, 0x83, 0xE2,
	0xA4, 0x31, 0x86, 0xE5, 0x01, 0x23, 0xA0, 0xE3, 0xA4, 0x31, 0x92, 0xE5,
	0x02, 0x05, 0x13, 0xE3, 0xFC, 0xFF, 0xFF, 0x0A, 0x41, 0x36, 0xA0, 0xE3,
	0x10, 0x20, 0x93, 0xE5, 0x08, 0xD0, 0x8D, 0xE2, 0x70, 0x40, 0xBD, 0xE8,
	0x1E, 0xFF, 0x2F, 0xE1, 0x10, 0x44, 0x2D, 0xE9, 0x50, 0xA0, 0x9F, 0xE5,
	0x50, 0x40, 0x9F, 0xE5, 0x0A, 0xA0, 0x8F, 0xE0, 0x04, 0x30, 0x9A, 0xE7,
	0x00, 0x10, 0xA0, 0xE3, 0x01, 0x00, 0x53, 0xE1, 0x04, 0xD0, 0x4D, 0xE2,
	0x0C, 0x00, 0xA0, 0xE3, 0x09, 0x00, 0x00, 0x0A, 0x02, 0x00, 0x53, 0xE3,
	0xA1, 0x20, 0xA0, 0x13, 0xA5, 0x20, 0xA0, 0x03, 0xCA, 0xFF, 0xFF, 0xEB,
	0xB0, 0xFF, 0xFF, 0xEB, 0x00, 0x30, 0xA0, 0xE3, 0x04, 0x30, 0x8A, 0xE7,
	0x18, 0x30, 0x9F, 0xE5, 0x00, 0x20, 0xE0, 0xE3, 0x03, 0x20, 0x8A, 0xE7,
	0x04, 0xD0, 0x8D, 0xE2, 0x10, 0x44, 0xBD, 0xE8, 0x1E, 0xFF, 0x2F, 0xE1,
	0x90, 0x0B, 0x00, 0x00, 0x24, 0x00, 0x00, 0x00, 0x14, 0x00, 0x00, 0x00,
	0xE4, 0xFF, 0xFF, 0xEA, 0x70, 0x40, 0x2D, 0xE9, 0x7F, 0xC0, 0xE0, 0xE3,
	0x01, 0xE3, 0xA0, 0xE3, 0xA1, 0xC1, 0xCE, 0xE5, 0x03, 0x20, 0xC2, 0xE3,
	0x8B, 0xCF, 0x8C, 0xE2, 0x02, 0x40, 0x81, 0xE0, 0x03, 0xE0, 0xA0, 0xE1,
	0xC1, 0xC3, 0x8C, 0xE2, 0x03, 0x60, 0x01, 0xE2, 0x00, 0x20, 0xA0, 0xE3,
	0x0E, 0x30, 0xD2, 0xE7, 0x01, 0x20, 0x82, 0xE2, 0x08, 0x00, 0x52, 0xE3,
	0x01, 0x30, 0x4C, 0xE4, 0xFA, 0xFF, 0xFF, 0x1A, 0x01, 0x33, 0xA0, 0xE3,
	0xA4, 0x01, 0x83, 0xE5, 0x03, 0xE0, 0xA0, 0xE1, 0x41, 0x56, 0xA0, 0xE3,
	0xA4, 0x31, 0x9E, 0xE5, 0x02, 0x05, 0x13, 0xE3, 0x0C, 0x00, 0x00, 0x0A,
	0x04, 0x00, 0x51, 0xE1, 0x10, 0x30, 0x95, 0xE5, 0x08, 0x00, 0x00, 0x2A,
	0x00, 0x00, 0x56, 0xE3, 0x23, 0xCC, 0xA0, 0xE1, 0x23, 0x24, 0xA0, 0xE1,
	0x23, 0x08, 0xA0, 0xE1, 0x00, 0x30, 0x81, 0x05, 0x01, 0x20, 0xC1, 0x15,
	0x02, 0x00, 0xC1, 0x15, 0x03, 0xC0, 0xC1, 0x15, 0x00, 0x30, 0xC1, 0x15,
	0x04, 0x10, 0x81, 0xE2, 0xA4, 0x31, 0x9E, 0xE5, 0x00, 0x00, 0x53, 0xE3,
	0xEC, 0xFF, 0xFF, 0xBA, 0x70, 0x40, 0xBD, 0xE8, 0x1E, 0xFF, 0x2F, 0xE1,
	0xF0, 0x44, 0x2D, 0xE9, 0x7C, 0xA0, 0x9F, 0xE5, 0x20, 0xD0, 0x4D, 0xE2,
	0x01, 0x40, 0xA0, 0xE1, 0x74, 0x10, 0x9F, 0xE5, 0x0A, 0xA0, 0x8F, 0xE0,
	0x18, 0x70, 0x8D, 0xE2, 0x00, 0x50, 0xA0, 0xE1, 0x01, 0x10, 0x8A, 0xE0,
	0x07, 0x00, 0xA0, 0xE1, 0x08, 0x20, 0xA0, 0xE3, 0x49, 0x02, 0x00, 0xEB,
	0x11, 0x00, 0x54, 0xE3, 0x02, 0x00, 0x00, 0xDA, 0x20, 0xD0, 0x8D, 0xE2,
	0xF0, 0x44, 0xBD, 0xE8, 0x1E, 0xFF, 0x2F, 0xE1, 0xA1, 0x04, 0xA0, 0xE3,
	0x01, 0x05, 0x80, 0xE2, 0x06, 0x0A, 0x80, 0xE2, 0x07, 0x30, 0xA0, 0xE1,
	0x0D, 0x10, 0xA0, 0xE1, 0x18, 0x20, 0xA0, 0xE3, 0xBE, 0xFF, 0xFF, 0xEB,
	0x00, 0x00, 0x54, 0xE3, 0x0D, 0x60, 0xA0, 0xE1, 0xF2, 0xFF, 0xFF, 0x0A,
	0x00, 0x20, 0xA0, 0xE3, 0x06, 0x30, 0xD2, 0xE7, 0x05, 0x30, 0xC2, 0xE7,
	0x01, 0x20, 0x82, 0xE2, 0x04, 0x00, 0x52, 0xE1, 0xFA, 0xFF, 0xFF, 0x1A,
	0xEB, 0xFF, 0xFF, 0xEA, 0x78, 0x0A, 0x00, 0x00, 0xF8, 0xFF, 0xFF, 0xFF,
	0x10, 0x40, 0x2D, 0xE9, 0x00, 0x40, 0xA0, 0xE1, 0x01, 0x00, 0xA0, 0xE1,
	0x02, 0x10, 0xA0, 0xE1, 0x01, 0x20, 0xA0, 0xE3, 0x6A, 0xFF, 0xFF, 0xEB,
	0x40, 0xFF, 0xFF, 0xEB, 0x00, 0x00, 0x50, 0xE3, 0x00, 0x30, 0xA0, 0xE1,
	0x11, 0x10, 0xA0, 0xE3, 0x04, 0x00, 0xA0, 0xE1, 0x01, 0x00, 0x00, 0x0A,
	0xCE, 0xFF, 0xFF, 0xEB, 0x01, 0x30, 0xA0, 0xE3, 0x03, 0x00, 0xA0, 0xE1,
	0x10, 0x40, 0xBD, 0xE8, 0x1E, 0xFF, 0x2F, 0xE1, 0x10, 0x40, 0x2D, 0xE9,
	0x00, 0x40, 0xA0, 0xE1, 0x01, 0x00, 0xA0, 0xE1, 0x02, 0x10, 0xA0, 0xE1,
	0x01, 0x20, 0xA0, 0xE3, 0x59, 0xFF, 0xFF, 0xEB, 0x2F, 0xFF, 0xFF, 0xEB,
	0x00, 0x00, 0x50, 0xE3, 0x00, 0x30, 0xA0, 0xE1, 0x06, 0x10, 0xA0, 0xE3,
	0x04, 0x00, 0xA0, 0xE1, 0x01, 0x00, 0x00, 0x0A, 0xBD, 0xFF, 0xFF, 0xEB,
	0x01, 0x30, 0xA0, 0xE3, 0x03, 0x00, 0xA0, 0xE1, 0x10, 0x40, 0xBD, 0xE8,
	0x1E, 0xFF, 0x2F, 0xE1, 0x30, 0x40, 0x2D, 0xE9, 0x01, 0xE3, 0xA0, 0xE3,
	0x01, 0xEC, 0x8E, 0xE2, 0x01, 0xC3, 0xA0, 0xE3, 0x3F, 0x30, 0xE0, 0xE3,
	0xA1, 0x31, 0xCC, 0xE5, 0xA8, 0x10, 0xCE, 0xE5, 0xA4, 0x01, 0x8C, 0xE5,
	0x02, 0xE0, 0xA0, 0xE1, 0x03, 0x40, 0x02, 0xE2, 0x41, 0x56, 0xA0, 0xE3,
	0xA4, 0x31, 0x9C, 0xE5, 0x02, 0x05, 0x13, 0xE3, 0x0D, 0x00, 0x00, 0x0A,
	0x00, 0x00, 0x54, 0xE3, 0x00, 0x30, 0x9E, 0x05, 0x10, 0x30, 0x85, 0x05,
	0x08, 0x00, 0x00, 0x0A, 0x03, 0x30, 0xDE, 0xE5, 0x00, 0x20, 0xDE, 0xE5,
	0x01, 0x10, 0xDE, 0xE5, 0x02, 0x00, 0xDE, 0xE5, 0x03, 0x3C, 0xA0, 0xE1,
	0x01, 0x24, 0x82, 0xE1, 0x00, 0x38, 0x83, 0xE1, 0x03, 0x20, 0x82, 0xE1,
	0x10, 0x20, 0x85, 0xE5, 0x04, 0xE0, 0x8E, 0xE2, 0xA4, 0x31, 0x9C, 0xE5,
	0x00, 0x00, 0x53, 0xE3, 0xEB, 0xFF, 0xFF, 0xBA, 0x30, 0x40, 0xBD, 0xE8,
	0x1E, 0xFF, 0x2F, 0xE1, 0xF0, 0x45, 0x2D, 0xE9, 0xE8, 0xA0, 0x9F, 0xE5,
	0xE8, 0x50, 0x9F, 0xE5, 0x0A, 0xA0, 0x8F, 0xE0, 0x05, 0x00, 0xDA, 0xE7,
	0x01, 0x00, 0x50, 0xE3, 0x0C, 0xD0, 0x4D, 0xE2, 0x2E, 0x00, 0x00, 0x0A,
	0xD4, 0x20, 0x9F, 0xE5, 0xD4, 0x10, 0x9F, 0xE5, 0xD4, 0x60, 0x9F, 0xE5,
	0xD4, 0x80, 0x9F, 0xE5, 0xD4, 0x70, 0x9F, 0xE5, 0x00, 0x40, 0xA0, 0xE3,
	0x00, 0x30, 0xE0, 0xE3, 0x02, 0x30, 0x8A, 0xE7, 0x01, 0x40, 0x8A, 0xE7,
	0x04, 0x00, 0xA0, 0xE1, 0x06, 0x40, 0xCA, 0xE7, 0x05, 0x40, 0xCA, 0xE7,
	0x08, 0x40, 0x8A, 0xE7, 0x07, 0x40, 0x8A, 0xE7, 0xD6, 0xFE, 0xFF, 0xEB,
	0x04, 0x00, 0xA0, 0xE1, 0x04, 0x10, 0xA0, 0xE1, 0x04, 0x20, 0xA0, 0xE1,
	0x12, 0xFF, 0xFF, 0xEB, 0xE8, 0xFE, 0xFF, 0xEB, 0x00, 0x00, 0x50, 0xE3,
	0x18, 0x00, 0x00, 0x0A, 0x27, 0x3C, 0xA0, 0xE3, 0x04, 0x00, 0xA0, 0xE1,
	0x10, 0x30, 0x83, 0xE2, 0x01, 0x13, 0xA0, 0xE3, 0x01, 0x26, 0xA0, 0xE3,
	0x01, 0x00, 0x80, 0xE2, 0x03, 0x00, 0x50, 0xE1, 0x14, 0x22, 0x81, 0xE5,
	0xFB, 0xFF, 0xFF, 0x1A, 0x6C, 0x30, 0x9F, 0xE5, 0x6C, 0x20, 0x9F, 0xE5,
	0x07, 0xC0, 0x8A, 0xE0, 0x06, 0x40, 0x8A, 0xE0, 0x03, 0x00, 0x9A, 0xE7,
	0x02, 0x10, 0x9A, 0xE7, 0x08, 0x30, 0x8A, 0xE0, 0x01, 0x20, 0xA0, 0xE3,
	0x04, 0x40, 0x8D, 0xE5, 0x00, 0xC0, 0x8D, 0xE5, 0xCF, 0x00, 0x00, 0xEB,
	0x00, 0x40, 0x50, 0xE2, 0x05, 0x00, 0x00, 0x1A, 0x01, 0x30, 0xA0, 0xE3,
	0x05, 0x30, 0xCA, 0xE7, 0x04, 0x00, 0xA0, 0xE1, 0x0C, 0xD0, 0x8D, 0xE2,
	0xF0, 0x45, 0xBD, 0xE8, 0x1E, 0xFF, 0x2F, 0xE1, 0x04, 0x00, 0xA0, 0xE3,
	0xB1, 0xFE, 0xFF, 0xEB, 0xF6, 0xFF, 0xFF, 0xEA, 0xE4, 0x08, 0x00, 0x00,
	0x18, 0x00, 0x00, 0x00, 0x14, 0x00, 0x00, 0x00, 0x24, 0x00, 0x00, 0x00,
	0x19, 0x00, 0x00, 0x00, 0x1C, 0x00, 0x00, 0x00, 0x20, 0x00, 0x00, 0x00,
	0x10, 0x00, 0x00, 0x00, 0x0C, 0x00, 0x00, 0x00, 0x70, 0x44, 0x2D, 0xE9,
	0xE0, 0xA0, 0x9F, 0xE5, 0xE0, 0x30, 0x9F, 0xE5, 0x0A, 0xA0, 0x8F, 0xE0,
	0x03, 0x20, 0xDA, 0xE7, 0x01, 0x00, 0x52, 0xE3, 0x04, 0xD0, 0x4D, 0xE2,
	0x00, 0x50, 0xA0, 0xE1, 0x01, 0x40, 0xA0, 0xE1, 0xAF, 0xFF, 0xFF, 0x1B,
	0xE1, 0x04, 0xA0, 0xE3, 0x01, 0x05, 0x80, 0xE2, 0xBC, 0x60, 0x9F, 0xE5,
	0x06, 0x0A, 0x80, 0xE2, 0x04, 0x20, 0xA0, 0xE1, 0xA3, 0x10, 0xA0, 0xE3,
	0x87, 0xFF, 0xFF, 0xEB, 0x06, 0x30, 0x9A, 0xE7, 0x02, 0x00, 0x53, 0xE3,
	0x11, 0x00, 0x00, 0x0A, 0xA0, 0x40, 0x9F, 0xE5, 0xF8, 0xFE, 0xFF, 0xEB,
	0x9C, 0x30, 0x9F, 0xE5, 0x03, 0x20, 0xDA, 0xE7, 0x00, 0x00, 0x52, 0xE3,
	0x05, 0x10, 0xA0, 0x11, 0x85, 0x14, 0xA0, 0x01, 0x19, 0x00, 0xA0, 0xE3,
	0x03, 0x20, 0xA0, 0xE3, 0xC9, 0xFE, 0xFF, 0xEB, 0xAF, 0xFE, 0xFF, 0xEB,
	0x01, 0x30, 0x85, 0xE2, 0x02, 0x20, 0xA0, 0xE3, 0x04, 0x30, 0x8A, 0xE7,
	0x06, 0x20, 0x8A, 0xE7, 0x04, 0xD0, 0x8D, 0xE2, 0x70, 0x44, 0xBD, 0xE8,
	0x1E, 0xFF, 0x2F, 0xE1, 0x58, 0x40, 0x9F, 0xE5, 0x04, 0x30, 0x9A, 0xE7,
	0x03, 0x00, 0x55, 0xE1, 0xEA, 0xFF, 0xFF, 0x1A, 0xA7, 0xC4, 0xA0, 0xE3,
	0x01, 0xC5, 0x8C, 0xE2, 0x01, 0x13, 0xA0, 0xE3, 0x01, 0x03, 0xA0, 0xE3,
	0x01, 0x1C, 0x81, 0xE2, 0x06, 0xCA, 0x8C, 0xE2, 0x5F, 0x30, 0xE0, 0xE3,
	0x07, 0x20, 0xA0, 0xE3, 0xA8, 0x30, 0xC1, 0xE5, 0xA9, 0x21, 0xC0, 0xE5,
	0xA4, 0xC1, 0x80, 0xE5, 0xA4, 0x31, 0x90, 0xE5, 0x02, 0x05, 0x13, 0xE3,
	0xFC, 0xFF, 0xFF, 0x0A, 0x41, 0x36, 0xA0, 0xE3, 0x10, 0x20, 0x93, 0xE5,
	0xE2, 0xFF, 0xFF, 0xEA, 0xCC, 0x07, 0x00, 0x00, 0x18, 0x00, 0x00, 0x00,
	0x24, 0x00, 0x00, 0x00, 0x14, 0x00, 0x00, 0x00, 0x19, 0x00, 0x00, 0x00,
	0xF0, 0x44, 0x2D, 0xE9, 0x08, 0xA1, 0x9F, 0xE5, 0x08, 0x31, 0x9F, 0xE5,
	0x0A, 0xA0, 0x8F, 0xE0, 0x03, 0x20, 0xDA, 0xE7, 0x01, 0x00, 0x52, 0xE3,
	0x08, 0xD0, 0x4D, 0xE2, 0x00, 0x40, 0xA0, 0xE1, 0x01, 0x50, 0xA0, 0xE1,
	0x6F, 0xFF, 0xFF, 0x1B, 0xEC, 0x60, 0x9F, 0xE5, 0x06, 0x30, 0x9A, 0xE7,
	0x01, 0x00, 0x53, 0xE3, 0x21, 0x00, 0x00, 0x0A, 0xE0, 0x70, 0x9F, 0xE5,
	0xBE, 0xFE, 0xFF, 0xEB, 0xDC, 0x30, 0x9F, 0xE5, 0x03, 0x20, 0xDA, 0xE7,
	0x00, 0x00, 0x52, 0xE3, 0x04, 0x10, 0xA0, 0x11, 0x84, 0x14, 0xA0, 0x01,
	0x12, 0x00, 0xA0, 0xE3, 0x02, 0x20, 0xA0, 0xE3, 0x8F, 0xFE, 0xFF, 0xEB,
	0x75, 0xFE, 0xFF, 0xEB, 0x00, 0x20, 0xA0, 0xE3, 0x0D, 0x30, 0xA0, 0xE1,
	0x02, 0x10, 0xA0, 0xE1, 0x03, 0x10, 0xC2, 0xE7, 0x01, 0x20, 0x82, 0xE2,
	0x07, 0x00, 0x52, 0xE3, 0xFB, 0xFF, 0xFF, 0x1A, 0xA1, 0x04, 0xA0, 0xE3,
	0x01, 0x05, 0x80, 0xE2, 0x0D, 0x30, 0xA0, 0xE1, 0x02, 0x2C, 0xA0, 0xE3,
	0x5D, 0xC0, 0xE0, 0xE3, 0x06, 0x0A, 0x80, 0xE2, 0x05, 0x10, 0xA0, 0xE1,
	0x07, 0xC0, 0xCD, 0xE5, 0xC0, 0xFE, 0xFF, 0xEB, 0x01, 0x30, 0x84, 0xE2,
	0x01, 0x20, 0xA0, 0xE3, 0x07, 0x30, 0x8A, 0xE7, 0x06, 0x20, 0x8A, 0xE7,
	0x08, 0xD0, 0x8D, 0xE2, 0xF0, 0x44, 0xBD, 0xE8, 0x1E, 0xFF, 0x2F, 0xE1,
	0x58, 0x70, 0x9F, 0xE5, 0x07, 0x30, 0x9A, 0xE7, 0x03, 0x00, 0x54, 0xE1,
	0xDA, 0xFF, 0xFF, 0x1A, 0xA7, 0xC4, 0xA0, 0xE3, 0x01, 0xC5, 0x8C, 0xE2,
	0x01, 0x13, 0xA0, 0xE3, 0x01, 0x03, 0xA0, 0xE3, 0x01, 0x1C, 0x81, 0xE2,
	0x06, 0xCA, 0x8C, 0xE2, 0x5F, 0x30, 0xE0, 0xE3, 0x06, 0x20, 0xA0, 0xE3,
	0xA8, 0x30, 0xC1, 0xE5, 0xA9, 0x21, 0xC0, 0xE5, 0xA4, 0xC1, 0x80, 0xE5,
	0xA4, 0x31, 0x90, 0xE5, 0x02, 0x05, 0x13, 0xE3, 0xFC, 0xFF, 0xFF, 0x0A,
	0x41, 0x36, 0xA0, 0xE3, 0x10, 0x20, 0x93, 0xE5, 0xD2, 0xFF, 0xFF, 0xEA,
	0xCC, 0x06, 0x00, 0x00, 0x18, 0x00, 0x00, 0x00, 0x24, 0x00, 0x00, 0x00,
	0x14, 0x00, 0x00, 0x00, 0x19, 0x00, 0x00, 0x00, 0xF0, 0x41, 0x2D, 0xE9,
	0x00, 0x80, 0x53, 0xE2, 0x00, 0x70, 0xA0, 0xE1, 0x01, 0x60, 0xA0, 0xE1,
	0x02, 0x50, 0xA0, 0xE1, 0x20, 0x00, 0x00, 0xDA, 0x00, 0xE0, 0xA0, 0xE3,
	0x0E, 0x20, 0x85, 0xE0, 0x07, 0x30, 0xC2, 0xE3, 0x88, 0x30, 0x63, 0xE2,
	0x07, 0x10, 0x83, 0xE2, 0x00, 0x00, 0x53, 0xE3, 0xC2, 0x0F, 0xA0, 0xE1,
	0x01, 0x30, 0xA0, 0xB1, 0xA0, 0x0E, 0xA0, 0xE1, 0xC3, 0x31, 0x86, 0xE0,
	0x00, 0x20, 0x82, 0xE0, 0x01, 0x10, 0x53, 0xE5, 0x07, 0x20, 0x02, 0xE2,
	0x02, 0x20, 0x60, 0xE0, 0x51, 0x12, 0xA0, 0xE1, 0xCE, 0xCF, 0xA0, 0xE1,
	0xAC, 0xCE, 0xA0, 0xE1, 0x0C, 0x30, 0x8E, 0xE0, 0x07, 0x30, 0x03, 0xE2,
	0x01, 0x00, 0x11, 0xE3, 0x07, 0x40, 0x8E, 0xE2, 0x03, 0x00, 0x6C, 0xE0,
	0x06, 0x00, 0x00, 0x0A, 0x00, 0x00, 0x5E, 0xE3, 0x0E, 0x10, 0xA0, 0xA1,
	0x04, 0x10, 0xA0, 0xB1, 0xC1, 0x21, 0xD7, 0xE7, 0x01, 0x30, 0xA0, 0xE3,
	0x13, 0x20, 0x82, 0xE1, 0xC1, 0x21, 0xC7, 0xE7, 0x01, 0xE0, 0x8E, 0xE2,
	0x0E, 0x00, 0x58, 0xE1, 0xDF, 0xFF, 0xFF, 0x1A, 0xF0, 0x41, 0xBD, 0xE8,
	0x1E, 0xFF, 0x2F, 0xE1, 0x00, 0x00, 0x51, 0xE3, 0x01, 0x30, 0xA0, 0x03,
	0x03, 0x00, 0x00, 0x0A, 0x01, 0x30, 0xA0, 0xE3, 0x01, 0x10, 0x51, 0xE2,
	0x90, 0x03, 0x03, 0xE0, 0xFC, 0xFF, 0xFF, 0x1A, 0x03, 0x00, 0xA0, 0xE1,
	0x1E, 0xFF, 0x2F, 0xE1, 0xF0, 0x4B, 0x2D, 0xE9, 0x28, 0xD0, 0x4D, 0xE2,
	0x0B, 0x70, 0x8D, 0xE2, 0x00, 0x60, 0xA0, 0xE1, 0x04, 0x10, 0x8D, 0xE5,
	0x00, 0x20, 0x8D, 0xE5, 0x00, 0x10, 0xA0, 0xE3, 0x11, 0x20, 0xA0, 0xE3,
	0x07, 0x00, 0xA0, 0xE1, 0x03, 0x80, 0xA0, 0xE1, 0x4C, 0x90, 0x9D, 0xE5,
	0x07, 0x01, 0x00, 0xEB, 0x48, 0x10, 0x9D, 0xE5, 0x00, 0x30, 0xA0, 0xE3,
	0x6A, 0x2F, 0xA0, 0xE3, 0x00, 0x30, 0x88, 0xE5, 0x02, 0x20, 0x82, 0xE2,
	0x00, 0x30, 0x81, 0xE5, 0x07, 0x00, 0xA0, 0xE1, 0x00, 0x30, 0xC9, 0xE5,
	0x08, 0x10, 0xA0, 0xE3, 0x24, 0x30, 0x8D, 0xE5, 0x20, 0x30, 0x8D, 0xE5,
	0x1C, 0x30, 0x8D, 0xE5, 0x0F, 0xE0, 0xA0, 0xE1, 0x16, 0xFF, 0x2F, 0xE1,
	0x00, 0x00, 0x50, 0xE3, 0x01, 0x51, 0xA0, 0x13, 0x3F, 0x57, 0x85, 0x12,
	0x01, 0xB0, 0xA0, 0x13, 0x00, 0xB0, 0xA0, 0x01, 0x3F, 0x57, 0xA0, 0x03,
	0x00, 0x40, 0xA0, 0xE3, 0x04, 0x00, 0x00, 0xEA, 0x0B, 0x30, 0xDD, 0xE5,
	0x3F, 0x00, 0x53, 0xE3, 0x71, 0x00, 0x00, 0x1A, 0x01, 0x0C, 0x54, 0xE3,
	0x6F, 0x00, 0x00, 0x0A, 0x37, 0x10, 0xA0, 0xE3, 0x00, 0x20, 0xA0, 0xE3,
	0x07, 0x00, 0xA0, 0xE1, 0x0F, 0xE0, 0xA0, 0xE1, 0x16, 0xFF, 0x2F, 0xE1,
	0x07, 0x00, 0xA0, 0xE1, 0x29, 0x10, 0xA0, 0xE3, 0x05, 0x20, 0xA0, 0xE1,
	0x0F, 0xE0, 0xA0, 0xE1, 0x16, 0xFF, 0x2F, 0xE1, 0x0C, 0x30, 0xDD, 0xE5,
	0x80, 0x00, 0x13, 0xE3, 0x01, 0x40, 0x84, 0xE2, 0xEC, 0xFF, 0xFF, 0x0A,
	0x00, 0x00, 0x5B, 0xE3, 0x02, 0x00, 0x00, 0x0A, 0x40, 0x00, 0x13, 0xE3,
	0x01, 0x30, 0xA0, 0x13, 0x00, 0x30, 0xC9, 0x15, 0x07, 0x00, 0xA0, 0xE1,
	0x02, 0x10, 0xA0, 0xE3, 0x00, 0x20, 0xA0, 0xE3, 0x04, 0x30, 0x9D, 0xE5,
	0x0F, 0xE0, 0xA0, 0xE1, 0x13, 0xFF, 0x2F, 0xE1, 0x00, 0x40, 0xA0, 0xE3,
	0x01, 0x00, 0x00, 0xEA, 0x01, 0x0C, 0x54, 0xE3, 0x52, 0x00, 0x00, 0x0A,
	0x03, 0x10, 0xA0, 0xE3, 0x00, 0x20, 0xA0, 0xE3, 0x07, 0x00, 0xA0, 0xE1,
	0x0F, 0xE0, 0xA0, 0xE1, 0x16, 0xFF, 0x2F, 0xE1, 0x0D, 0x30, 0xDD, 0xE5,
	0x0E, 0x20, 0xDD, 0xE5, 0x0C, 0x10, 0xDD, 0xE5, 0x03, 0x38, 0xA0, 0xE1,
	0x1E, 0x20, 0x02, 0xE2, 0x01, 0x3C, 0x83, 0xE1, 0x06, 0x00, 0x52, 0xE3,
	0x01, 0x40, 0x84, 0xE2, 0x00, 0x30, 0x88, 0xE5, 0xEE, 0xFF, 0xFF, 0x0A,
	0x03, 0x20, 0xA0, 0xE1, 0x07, 0x00, 0xA0, 0xE1, 0x04, 0x30, 0x9D, 0xE5,
	0x09, 0x10, 0xA0, 0xE3, 0x0F, 0xE0, 0xA0, 0xE1, 0x13, 0xFF, 0x2F, 0xE1,
	0x00, 0x30, 0xD9, 0xE5, 0x00, 0x00, 0x53, 0xE3, 0x3E, 0x00, 0x00, 0x1A,
	0x24, 0x00, 0x8D, 0xE2, 0x07, 0x10, 0xA0, 0xE1, 0x3E, 0x20, 0xA0, 0xE3,
	0x0C, 0x30, 0x83, 0xE2, 0x6C, 0xFF, 0xFF, 0xEB, 0x20, 0x00, 0x8D, 0xE2,
	0x07, 0x10, 0xA0, 0xE1, 0x2F, 0x20, 0xA0, 0xE3, 0x03, 0x30, 0xA0, 0xE3,
	0x67, 0xFF, 0xFF, 0xEB, 0x04, 0x30, 0xA0, 0xE3, 0x50, 0x20, 0xA0, 0xE3,
	0x1C, 0x00, 0x8D, 0xE2, 0x07, 0x10, 0xA0, 0xE1, 0x62, 0xFF, 0xFF, 0xEB,
	0x20, 0x10, 0x9D, 0xE5, 0x02, 0x00, 0xA0, 0xE3, 0x02, 0x10, 0x81, 0xE2,
	0x87, 0xFF, 0xFF, 0xEB, 0x24, 0x40, 0x9D, 0xE5, 0x01, 0x40, 0x84, 0xE2,
	0x1C, 0x10, 0x9D, 0xE5, 0x90, 0x04, 0x05, 0xE0, 0x02, 0x00, 0xA0, 0xE3,
	0x81, 0xFF, 0xFF, 0xEB, 0x90, 0x05, 0x03, 0xE0, 0x48, 0x10, 0x9D, 0xE5,
	0x00, 0x30, 0x81, 0xE5, 0x07, 0x00, 0xA0, 0xE1, 0x07, 0x10, 0xA0, 0xE3,
	0x00, 0x20, 0x98, 0xE5, 0x0F, 0xE0, 0xA0, 0xE1, 0x16, 0xFF, 0x2F, 0xE1,
	0x00, 0x30, 0x9D, 0xE5, 0x00, 0x00, 0x53, 0xE3, 0x25, 0x00, 0x00, 0x1A,
	0x07, 0x00, 0xA0, 0xE1, 0x10, 0x10, 0xA0, 0xE3, 0x02, 0x2C, 0xA0, 0xE3,
	0x0F, 0xE0, 0xA0, 0xE1, 0x16, 0xFF, 0x2F, 0xE1, 0x00, 0x40, 0xA0, 0xE3,
	0x05, 0x00, 0x00, 0xEA, 0x0E, 0x30, 0xDD, 0xE5, 0x1F, 0x30, 0x03, 0xE2,
	0x09, 0x00, 0x53, 0xE3, 0x09, 0x00, 0x00, 0x0A, 0x01, 0x0C, 0x54, 0xE3,
	0x09, 0x00, 0x00, 0x0A, 0x07, 0x00, 0xA0, 0xE1, 0x0D, 0x10, 0xA0, 0xE3,
	0x00, 0x20, 0x98, 0xE5, 0x0F, 0xE0, 0xA0, 0xE1, 0x16, 0xFF, 0x2F, 0xE1,
	0x00, 0x00, 0x50, 0xE3, 0x01, 0x40, 0x84, 0xE2, 0xF1, 0xFF, 0xFF, 0x0A,
	0x01, 0x00, 0xA0, 0xE3, 0x00, 0x00, 0x00, 0xEA, 0x00, 0x00, 0xA0, 0xE3,
	0x28, 0xD0, 0x8D, 0xE2, 0xF0, 0x4B, 0xBD, 0xE8, 0x1E, 0xFF, 0x2F, 0xE1,
	0x30, 0x20, 0xA0, 0xE3, 0x16, 0x30, 0xA0, 0xE3, 0x24, 0x00, 0x8D, 0xE2,
	0x07, 0x10, 0xA0, 0xE1, 0x2D, 0xFF, 0xFF, 0xEB, 0x24, 0x30, 0x9D, 0xE5,
	0x48, 0x20, 0x9D, 0xE5, 0x83, 0x39, 0xA0, 0xE1, 0x02, 0x37, 0x83, 0xE2,
	0x00, 0x30, 0x82, 0xE5, 0xD1, 0xFF, 0xFF, 0xEA, 0x00, 0x20, 0x98, 0xE5,
	0x37, 0x10, 0xA0, 0xE3, 0x07, 0x00, 0xA0, 0xE1, 0x0F, 0xE0, 0xA0, 0xE1,
	0x16, 0xFF, 0x2F, 0xE1, 0x07, 0x00, 0xA0, 0xE1, 0x06, 0x10, 0xA0, 0xE3,
	0x02, 0x20, 0xA0, 0xE3, 0x0F, 0xE0, 0xA0, 0xE1, 0x16, 0xFF, 0x2F, 0xE1,
	0xCE, 0xFF, 0xFF, 0xEA, 0x01, 0x00, 0xA0, 0xE3, 0x1E, 0xFF, 0x2F, 0xE1,
	0x01, 0x00, 0xA0, 0xE3, 0x1E, 0xFF, 0x2F, 0xE1, 0x04, 0xE0, 0x2D, 0xE5,
	0x04, 0xD0, 0x4D, 0xE2, 0xB4, 0xFD, 0xFF, 0xEB, 0x01, 0x00, 0xA0, 0xE3,
	0x04, 0xD0, 0x8D, 0xE2, 0x04, 0xE0, 0x9D, 0xE4, 0x1E, 0xFF, 0x2F, 0xE1,
	0xF0, 0x40, 0x2D, 0xE9, 0x00, 0x70, 0x51, 0xE2, 0x04, 0xD0, 0x4D, 0xE2,
	0x00, 0x60, 0xA0, 0xE1, 0x0A, 0x00, 0x00, 0x0A, 0x00, 0x50, 0xA0, 0xE3,
	0x02, 0x40, 0xA0, 0xE1, 0x05, 0x30, 0xA0, 0xE1, 0x03, 0x00, 0x86, 0xE0,
	0x01, 0x50, 0x85, 0xE2, 0x04, 0x10, 0xA0, 0xE1, 0x7B, 0xFE, 0xFF, 0xEB,
	0x07, 0x00, 0x55, 0xE1, 0x02, 0x4C, 0x84, 0xE2, 0x05, 0x30, 0xA0, 0xE1,
	0xF7, 0xFF, 0xFF, 0x1A, 0x9F, 0xFD, 0xFF, 0xEB, 0x01, 0x00, 0xA0, 0xE3,
	0x04, 0xD0, 0x8D, 0xE2, 0xF0, 0x40, 0xBD, 0xE8, 0x1E, 0xFF, 0x2F, 0xE1,
	0xF0, 0x40, 0x2D, 0xE9, 0x00, 0x70, 0x51, 0xE2, 0x04, 0xD0, 0x4D, 0xE2,
	0x00, 0x60, 0xA0, 0xE1, 0x0A, 0x00, 0x00, 0x0A, 0x00, 0x50, 0xA0, 0xE3,
	0x02, 0x40, 0xA0, 0xE1, 0x05, 0x30, 0xA0, 0xE1, 0x03, 0x00, 0x86, 0xE0,
	0x01, 0x50, 0x85, 0xE2, 0x04, 0x10, 0xA0, 0xE1, 0xA6, 0xFE, 0xFF, 0xEB,
	0x07, 0x00, 0x55, 0xE1, 0x02, 0x4C, 0x84, 0xE2, 0x05, 0x30, 0xA0, 0xE1,
	0xF7, 0xFF, 0xFF, 0x1A, 0x8A, 0xFD, 0xFF, 0xEB, 0x01, 0x00, 0xA0, 0xE3,
	0x04, 0xD0, 0x8D, 0xE2, 0xF0, 0x40, 0xBD, 0xE8, 0x1E, 0xFF, 0x2F, 0xE1,
	0x04, 0xE0, 0x2D, 0xE5, 0x04, 0xD0, 0x4D, 0xE2, 0x14, 0xFE, 0xFF, 0xEB,
	0x01, 0x00, 0xA0, 0xE3, 0x04, 0xD0, 0x8D, 0xE2, 0x04, 0xE0, 0x9D, 0xE4,
	0x1E, 0xFF, 0x2F, 0xE1, 0x0F, 0x00, 0x52, 0xE3, 0x04, 0xE0, 0x2D, 0xE5,
	0x00, 0xC0, 0xA0, 0xE1, 0x02, 0xE0, 0xA0, 0xE1, 0x02, 0x00, 0x00, 0x9A,
	0x00, 0x30, 0x81, 0xE1, 0x03, 0x00, 0x13, 0xE3, 0x09, 0x00, 0x00, 0x0A,
	0x00, 0x00, 0x5E, 0xE3, 0x05, 0x00, 0x00, 0x0A, 0x00, 0x20, 0xA0, 0xE3,
	0x01, 0x30, 0xD1, 0xE4, 0x0C, 0x30, 0xC2, 0xE7, 0x01, 0x20, 0x82, 0xE2,
	0x0E, 0x00, 0x52, 0xE1, 0xFA, 0xFF, 0xFF, 0x1A, 0x04, 0xE0, 0x9D, 0xE4,
	0x1E, 0xFF, 0x2F, 0xE1, 0x00, 0x30, 0x91, 0xE5, 0x00, 0x30, 0x8C, 0xE5,
	0x04, 0x20, 0x91, 0xE5, 0x04, 0x20, 0x8C, 0xE5, 0x08, 0x30, 0x91, 0xE5,
	0x08, 0x30, 0x8C, 0xE5, 0x10, 0xE0, 0x4E, 0xE2, 0x0C, 0x30, 0x91, 0xE5,
	0x0F, 0x00, 0x5E, 0xE3, 0x0C, 0x30, 0x8C, 0xE5, 0x10, 0x10, 0x81, 0xE2,
	0x10, 0xC0, 0x8C, 0xE2, 0xF2, 0xFF, 0xFF, 0x8A, 0x03, 0x00, 0x5E, 0xE3,
	0xE6, 0xFF, 0xFF, 0x9A, 0x04, 0xE0, 0x4E, 0xE2, 0x04, 0x30, 0x91, 0xE4,
	0x03, 0x00, 0x5E, 0xE3, 0x04, 0x30, 0x8C, 0xE4, 0xFA, 0xFF, 0xFF, 0x8A,
	0xE0, 0xFF, 0xFF, 0xEA, 0x03, 0x00, 0x52, 0xE3, 0xFF, 0x10, 0x01, 0xE2,
	0x00, 0xC0, 0xA0, 0xE1, 0x01, 0x00, 0x00, 0x9A, 0x03, 0x00, 0x10, 0xE3,
	0x08, 0x00, 0x00, 0x0A, 0x00, 0x00, 0x52, 0xE3, 0x1E, 0xFF, 0x2F, 0x01,
	0xFF, 0x10, 0x01, 0xE2, 0x00, 0x30, 0xA0, 0xE3, 0x0C, 0x10, 0xC3, 0xE7,
	0x01, 0x30, 0x83, 0xE2, 0x02, 0x00, 0x53, 0xE1, 0xFB, 0xFF, 0xFF, 0x1A,
	0x1E, 0xFF, 0x2F, 0xE1, 0x01, 0x34, 0x81, 0xE1, 0x0F, 0x00, 0x52, 0xE3,
	0x03, 0xC8, 0x83, 0xE1, 0x00, 0x30, 0xA0, 0xE1, 0x09, 0x00, 0x00, 0x9A,
	0x10, 0x20, 0x42, 0xE2, 0x0F, 0x00, 0x52, 0xE3, 0x00, 0xC0, 0x83, 0xE5,
	0x04, 0xC0, 0x83, 0xE5, 0x08, 0xC0, 0x83, 0xE5, 0x0C, 0xC0, 0x83, 0xE5,
	0x10, 0x30, 0x83, 0xE2, 0xF7, 0xFF, 0xFF, 0x8A, 0x03, 0x00, 0x52, 0xE3,
	0x03, 0x00, 0x00, 0x9A, 0x04, 0x20, 0x42, 0xE2, 0x03, 0x00, 0x52, 0xE3,
	0x04, 0xC0, 0x83, 0xE4, 0xFB, 0xFF, 0xFF, 0x8A, 0x00, 0x00, 0x52, 0xE3,
	0x03, 0xC0, 0xA0, 0xE1, 0xE2, 0xFF, 0xFF, 0x1A, 0x1E, 0xFF, 0x2F, 0xE1,
	0x00, 0x00, 0x00, 0x00, 0x00, 0x00, 0x00, 0xA1, 0x00, 0x00, 0x00, 0x00,
	0x00, 0x00, 0x00, 0x00, 0x00, 0x00, 0x00, 0x00, 0x9C, 0x63, 0x00, 0x02,
	0xE0, 0x63, 0x00, 0x02, 0x1B, 0xDE, 0x01, 0x00, 0x01, 0x01, 0x00, 0x00,
	0x00, 0x00, 0xF1, 0xDD, 0x00, 0x00, 0xC0, 0xE8, 0x02, 0x00, 0x00, 0x00
};

TWL_CODE ALIGN(16) unsigned char nrio_dldi[] = {
	0xED, 0xA5, 0x8D, 0xBF, 0x20, 0x43, 0x68, 0x69, 0x73, 0x68, 0x6D, 0x00,
	0x01, 0x0F, 0x0E, 0x00, 0x4E, 0x41, 0x4E, 0x44, 0x20, 0x46, 0x4C, 0x41,
	0x53, 0x48, 0x20, 0x43, 0x41, 0x52, 0x44, 0x20, 0x4C, 0x49, 0x42, 0x46,
	0x41, 0x54, 0x4E, 0x52, 0x49, 0x4F, 0x00, 0x00, 0x00, 0x00, 0x00, 0x00,
	0x00, 0x00, 0x00, 0x00, 0x00, 0x00, 0x00, 0x00, 0x00, 0x00, 0x00, 0x00,
	0x00, 0x00, 0x00, 0x00, 0x00, 0x00, 0x80, 0xBF, 0x0C, 0x4D, 0x80, 0xBF,
	0x98, 0x00, 0x80, 0xBF, 0x98, 0x00, 0x80, 0xBF, 0x08, 0x4C, 0x80, 0xBF,
	0x04, 0x4D, 0x80, 0xBF, 0x0C, 0x4D, 0x80, 0xBF, 0xA4, 0x5B, 0x80, 0xBF,
	0x4E, 0x52, 0x49, 0x4F, 0x23, 0x00, 0x00, 0x00, 0xA4, 0x13, 0x80, 0xBF,
	0x34, 0x13, 0x80, 0xBF, 0x78, 0x13, 0x80, 0xBF, 0x4C, 0x13, 0x80, 0xBF,
	0x3C, 0x13, 0x80, 0xBF, 0x44, 0x13, 0x80, 0xBF, 0x0D, 0xC0, 0xA0, 0xE1,
	0xF8, 0xDF, 0x2D, 0xE9, 0x04, 0xB0, 0x4C, 0xE2, 0x28, 0xD0, 0x4B, 0xE2,
	0xF0, 0x6F, 0x9D, 0xE8, 0x1E, 0xFF, 0x2F, 0xE1, 0x10, 0x40, 0x2D, 0xE9,
	0x2C, 0x40, 0x9F, 0xE5, 0x00, 0x30, 0xD4, 0xE5, 0x00, 0x00, 0x53, 0xE3,
	0x24, 0x20, 0x9F, 0xE5, 0x05, 0x00, 0x00, 0x1A, 0x00, 0x00, 0x52, 0xE3,
	0x1C, 0x00, 0x9F, 0xE5, 0x0F, 0xE0, 0xA0, 0x11, 0x12, 0xFF, 0x2F, 0x11,
	0x01, 0x30, 0xA0, 0xE3, 0x00, 0x30, 0xC4, 0xE5, 0x10, 0x40, 0xBD, 0xE8,
	0x1E, 0xFF, 0x2F, 0xE1, 0x0C, 0x4D, 0x80, 0xBF, 0x00, 0x00, 0x00, 0x00,
	0x00, 0x4C, 0x80, 0xBF, 0x04, 0xE0, 0x2D, 0xE5, 0x40, 0x30, 0x9F, 0xE5,
	0x00, 0x00, 0x53, 0xE3, 0x04, 0xD0, 0x4D, 0xE2, 0x38, 0x00, 0x9F, 0xE5,
	0x38, 0x10, 0x9F, 0xE5, 0x0F, 0xE0, 0xA0, 0x11, 0x13, 0xFF, 0x2F, 0x11,
	0x30, 0x00, 0x9F, 0xE5, 0x00, 0x30, 0x90, 0xE5, 0x00, 0x00, 0x53, 0xE3,
	0x28, 0x30, 0x9F, 0xE5, 0x02, 0x00, 0x00, 0x0A, 0x00, 0x00, 0x53, 0xE3,
	0x0F, 0xE0, 0xA0, 0x11, 0x13, 0xFF, 0x2F, 0x11, 0x04, 0xD0, 0x8D, 0xE2,
	0x04, 0xE0, 0x9D, 0xE4, 0x1E, 0xFF, 0x2F, 0xE1, 0x00, 0x00, 0x00, 0x00,
	0x00, 0x4C, 0x80, 0xBF, 0x10, 0x4D, 0x80, 0xBF, 0x04, 0x4C, 0x80, 0xBF,
	0x00, 0x00, 0x00, 0x00, 0xA7, 0x04, 0xA0, 0xE3, 0x16, 0x07, 0x80, 0xE2,
	0x01, 0xC3, 0xA0, 0xE3, 0x01, 0x13, 0xA0, 0xE3, 0x01, 0xCC, 0x8C, 0xE2,
	0x06, 0x0A, 0x80, 0xE2, 0x3F, 0x30, 0xE0, 0xE3, 0x66, 0x20, 0xA0, 0xE3,
	0xA1, 0x31, 0xC1, 0xE5, 0xA8, 0x20, 0xCC, 0xE5, 0xA4, 0x01, 0x81, 0xE5,
	0xA4, 0x31, 0x91, 0xE5, 0x02, 0x05, 0x13, 0xE3, 0xFC, 0xFF, 0xFF, 0x0A,
	0x41, 0x36, 0xA0, 0xE3, 0x10, 0x00, 0x93, 0xE5, 0x1E, 0xFF, 0x2F, 0xE1,
	0x70, 0x40, 0x2D, 0xE9, 0x01, 0x13, 0xA0, 0xE3, 0x20, 0x48, 0xA0, 0xE1,
	0x20, 0x54, 0xA0, 0xE1, 0x3F, 0x30, 0xE0, 0xE3, 0x01, 0xE3, 0xA0, 0xE3,
	0xA1, 0x31, 0xC1, 0xE5, 0x00, 0xC0, 0xA0, 0xE3, 0x01, 0xEC, 0x8E, 0xE2,
	0xFF, 0x60, 0x00, 0xE2, 0xFF, 0x40, 0x04, 0xE2, 0xFF, 0x50, 0x05, 0xE2,
	0x20, 0x0C, 0xA0, 0xE1, 0x48, 0x20, 0xE0, 0xE3, 0xA7, 0x34, 0xA0, 0xE3,
	0xA8, 0x20, 0xCE, 0xE5, 0xA9, 0x01, 0xC1, 0xE5, 0xAA, 0x41, 0xC1, 0xE5,
	0xAB, 0x51, 0xC1, 0xE5, 0xAC, 0x60, 0xCE, 0xE5, 0xAD, 0xC1, 0xC1, 0xE5,
	0xAE, 0xC1, 0xC1, 0xE5, 0xAF, 0xC1, 0xC1, 0xE5, 0xA4, 0x31, 0x81, 0xE5,
	0xA4, 0x31, 0x91, 0xE5, 0x02, 0x05, 0x13, 0xE3, 0xFC, 0xFF, 0xFF, 0x0A,
	0x41, 0x36, 0xA0, 0xE3, 0x10, 0x00, 0x93, 0xE5, 0x70, 0x40, 0xBD, 0xE8,
	0x1E, 0xFF, 0x2F, 0xE1, 0xF0, 0x40, 0x2D, 0xE9, 0x01, 0xE3, 0xA0, 0xE3,
	0x01, 0xC3, 0xA0, 0xE3, 0x20, 0x48, 0xA0, 0xE1, 0x20, 0x54, 0xA0, 0xE1,
	0x01, 0xEC, 0x8E, 0xE2, 0x3F, 0x30, 0xE0, 0xE3, 0x78, 0x20, 0xE0, 0xE3,
	0xA1, 0x31, 0xCC, 0xE5, 0xFF, 0x60, 0x00, 0xE2, 0xA8, 0x20, 0xCE, 0xE5,
	0xFF, 0x70, 0x01, 0xE2, 0xFF, 0x40, 0x04, 0xE2, 0xFF, 0x50, 0x05, 0xE2,
	0x20, 0x0C, 0xA0, 0xE1, 0x21, 0x14, 0xA0, 0xE1, 0x40, 0x30, 0x83, 0xE2,
	0xA7, 0x24, 0xA0, 0xE3, 0xA9, 0x01, 0xCC, 0xE5, 0xAA, 0x41, 0xCC, 0xE5,
	0xAB, 0x51, 0xCC, 0xE5, 0xAC, 0x60, 0xCE, 0xE5, 0xAD, 0x11, 0xCC, 0xE5,
	0xAE, 0x71, 0xCC, 0xE5, 0xAF, 0x31, 0xCC, 0xE5, 0xA4, 0x21, 0x8C, 0xE5,
	0xA4, 0x31, 0x9C, 0xE5, 0x02, 0x05, 0x13, 0xE3, 0xFC, 0xFF, 0xFF, 0x0A,
	0x41, 0x36, 0xA0, 0xE3, 0x10, 0x00, 0x93, 0xE5, 0xF0, 0x40, 0xBD, 0xE8,
	0x1E, 0xFF, 0x2F, 0xE1, 0xF0, 0x40, 0x2D, 0xE9, 0x21, 0x48, 0xA0, 0xE1,
	0x21, 0x54, 0xA0, 0xE1, 0x01, 0xE3, 0xA0, 0xE3, 0x01, 0xC3, 0xA0, 0xE3,
	0x01, 0xEC, 0x8E, 0xE2, 0xFF, 0x60, 0x01, 0xE2, 0xFF, 0x70, 0x02, 0xE2,
	0x3F, 0x30, 0xE0, 0xE3, 0x22, 0x24, 0xA0, 0xE1, 0xFF, 0x40, 0x04, 0xE2,
	0xFF, 0x50, 0x05, 0xE2, 0x21, 0x1C, 0xA0, 0xE1, 0xA1, 0x31, 0xCC, 0xE5,
	0xA8, 0x00, 0xCE, 0xE5, 0x40, 0x30, 0x83, 0xE2, 0xA9, 0x11, 0xCC, 0xE5,
	0xAA, 0x41, 0xCC, 0xE5, 0xAB, 0x51, 0xCC, 0xE5, 0xAC, 0x60, 0xCE, 0xE5,
	0xAD, 0x21, 0xCC, 0xE5, 0xA7, 0x24, 0xA0, 0xE3, 0xAE, 0x71, 0xCC, 0xE5,
	0xAF, 0x31, 0xCC, 0xE5, 0xA4, 0x21, 0x8C, 0xE5, 0xA4, 0x31, 0x9C, 0xE5,
	0x02, 0x05, 0x13, 0xE3, 0xFC, 0xFF, 0xFF, 0x0A, 0x41, 0x36, 0xA0, 0xE3,
	0x10, 0x00, 0x93, 0xE5, 0xF0, 0x40, 0xBD, 0xE8, 0x1E, 0xFF, 0x2F, 0xE1,
	0xF0, 0x4B, 0x2D, 0xE9, 0x34, 0xE0, 0xDD, 0xE5, 0x20, 0x60, 0xDD, 0xE5,
	0x24, 0x70, 0xDD, 0xE5, 0x28, 0x80, 0xDD, 0xE5, 0x2C, 0x90, 0xDD, 0xE5,
	0xA7, 0x54, 0xA0, 0xE3, 0x04, 0x00, 0x5E, 0xE3, 0xA1, 0xC4, 0xA0, 0xE3,
	0x01, 0x43, 0xA0, 0xE3, 0x06, 0x57, 0x8C, 0x12, 0x01, 0x4C, 0x84, 0xE2,
	0x63, 0xC4, 0x8C, 0xE2, 0x06, 0x57, 0x85, 0x02, 0x3F, 0xE0, 0xE0, 0xE3,
	0x30, 0xB0, 0x9D, 0xE5, 0xA1, 0xE1, 0xCC, 0xE5, 0xA8, 0x00, 0xC4, 0xE5,
	0xA9, 0x11, 0xCC, 0xE5, 0xAA, 0x21, 0xCC, 0xE5, 0xAB, 0x31, 0xCC, 0xE5,
	0xAC, 0x60, 0xC4, 0xE5, 0xAD, 0x71, 0xCC, 0xE5, 0xAE, 0x81, 0xCC, 0xE5,
	0xAF, 0x91, 0xCC, 0xE5, 0xA4, 0x51, 0x8C, 0xE5, 0x41, 0x26, 0xA0, 0xE3,
	0xA4, 0x31, 0x9C, 0xE5, 0x02, 0x05, 0x13, 0xE3, 0x10, 0x30, 0x92, 0x15,
	0x04, 0x30, 0x8B, 0x14, 0xA4, 0x31, 0x9C, 0xE5, 0x00, 0x00, 0x53, 0xE3,
	0xF8, 0xFF, 0xFF, 0xBA, 0xF0, 0x4B, 0xBD, 0xE8, 0x1E, 0xFF, 0x2F, 0xE1,
	0x70, 0x40, 0x2D, 0xE9, 0x00, 0x40, 0xA0, 0xE3, 0x18, 0xD0, 0x4D, 0xE2,
	0x00, 0x50, 0xA0, 0xE1, 0x04, 0x60, 0xA0, 0xE3, 0x04, 0x30, 0xA0, 0xE1,
	0xD1, 0x00, 0xA0, 0xE3, 0x61, 0x10, 0xA0, 0xE3, 0x90, 0x20, 0xA0, 0xE3,
	0x00, 0x40, 0x8D, 0xE5, 0x04, 0x40, 0x8D, 0xE5, 0x08, 0x40, 0x8D, 0xE5,
	0x0C, 0x40, 0x8D, 0xE5, 0x10, 0x50, 0x8D, 0xE5, 0x14, 0x60, 0x8D, 0xE5,
	0xCB, 0xFF, 0xFF, 0xEB, 0x04, 0x20, 0xA0, 0xE1, 0x04, 0x30, 0xA0, 0xE1,
	0xD1, 0x00, 0xA0, 0xE3, 0x51, 0x10, 0xA0, 0xE3, 0x00, 0x40, 0x8D, 0xE5,
	0x04, 0x40, 0x8D, 0xE5, 0x08, 0x40, 0x8D, 0xE5, 0x0C, 0x40, 0x8D, 0xE5,
	0x10, 0x50, 0x8D, 0xE5, 0x14, 0x60, 0x8D, 0xE5, 0xC0, 0xFF, 0xFF, 0xEB,
	0x04, 0x10, 0xA0, 0xE1, 0xD0, 0x00, 0xA0, 0xE3, 0x04, 0x20, 0xA0, 0xE1,
	0x04, 0x30, 0xA0, 0xE1, 0x10, 0x50, 0x8D, 0xE5, 0x14, 0x60, 0x8D, 0xE5,
	0x00, 0x40, 0x8D, 0xE5, 0x04, 0x40, 0x8D, 0xE5, 0x08, 0x40, 0x8D, 0xE5,
	0x0C, 0x40, 0x8D, 0xE5, 0xB5, 0xFF, 0xFF, 0xEB, 0x01, 0x00, 0xA0, 0xE3,
	0x18, 0xD0, 0x8D, 0xE2, 0x70, 0x40, 0xBD, 0xE8, 0x1E, 0xFF, 0x2F, 0xE1,
	0xF0, 0x40, 0x2D, 0xE9, 0x20, 0x28, 0xA0, 0xE1, 0x01, 0xE3, 0xA0, 0xE3,
	0x01, 0x33, 0xA0, 0xE3, 0x20, 0xC4, 0xA0, 0xE1, 0x21, 0x48, 0xA0, 0xE1,
	0x21, 0x54, 0xA0, 0xE1, 0x01, 0xEC, 0x8E, 0xE2, 0xFF, 0x20, 0x02, 0xE2,
	0xFF, 0x60, 0x00, 0xE2, 0x20, 0x0C, 0xA0, 0xE1, 0xA8, 0x00, 0xCE, 0xE5,
	0xFF, 0x70, 0x01, 0xE2, 0xA9, 0x21, 0xC3, 0xE5, 0xFF, 0xC0, 0x0C, 0xE2,
	0xA7, 0x24, 0xA0, 0xE3, 0xFF, 0x40, 0x04, 0xE2, 0xFF, 0x50, 0x05, 0xE2,
	0x21, 0x1C, 0xA0, 0xE1, 0xAA, 0xC1, 0xC3, 0xE5, 0xAB, 0x61, 0xC3, 0xE5,
	0xAC, 0x10, 0xCE, 0xE5, 0xAD, 0x41, 0xC3, 0xE5, 0xAE, 0x51, 0xC3, 0xE5,
	0xAF, 0x71, 0xC3, 0xE5, 0xA4, 0x21, 0x83, 0xE5, 0x03, 0x20, 0xA0, 0xE1,
	0xA4, 0x31, 0x92, 0xE5, 0x02, 0x05, 0x13, 0xE3, 0xFC, 0xFF, 0xFF, 0x0A,
	0x41, 0x36, 0xA0, 0xE3, 0x10, 0x00, 0x93, 0xE5, 0xF0, 0x40, 0xBD, 0xE8,
	0x1E, 0xFF, 0x2F, 0xE1, 0xF0, 0x40, 0x2D, 0xE9, 0x21, 0x44, 0xA0, 0xE1,
	0x21, 0x58, 0xA0, 0xE1, 0x01, 0xE3, 0xA0, 0xE3, 0xB7, 0x64, 0xA0, 0xE3,
	0x01, 0x33, 0xA0, 0xE3, 0x01, 0xEC, 0x8E, 0xE2, 0x21, 0x7C, 0xA0, 0xE1,
	0xFF, 0x40, 0x04, 0xE2, 0xFF, 0x50, 0x05, 0xE2, 0x01, 0x60, 0x86, 0xE2,
	0xFF, 0x10, 0x01, 0xE2, 0x2E, 0xC0, 0xE0, 0xE3, 0xA8, 0xC0, 0xCE, 0xE5,
	0xA9, 0x01, 0xC3, 0xE5, 0xAA, 0x11, 0xC3, 0xE5, 0xAB, 0x41, 0xC3, 0xE5,
	0xAC, 0x50, 0xCE, 0xE5, 0xAD, 0x71, 0xC3, 0xE5, 0xAE, 0x21, 0xC3, 0xE5,
	0xA4, 0x61, 0x83, 0xE5, 0x03, 0x20, 0xA0, 0xE1, 0xA4, 0x31, 0x92, 0xE5,
	0x02, 0x05, 0x13, 0xE3, 0xFC, 0xFF, 0xFF, 0x0A, 0x41, 0x36, 0xA0, 0xE3,
	0x10, 0x20, 0x93, 0xE5, 0xF0, 0x40, 0xBD, 0xE8, 0x1E, 0xFF, 0x2F, 0xE1,
	0xD1, 0x34, 0xA0, 0xE3, 0x61, 0x38, 0x83, 0xE2, 0x00, 0x04, 0x83, 0xE1,
	0x00, 0x10, 0xA0, 0xE3, 0xBB, 0xFF, 0xFF, 0xEA, 0x01, 0x33, 0xA0, 0xE3,
	0x02, 0x19, 0xA0, 0xE3, 0x3D, 0x20, 0xE0, 0xE3, 0x01, 0x3C, 0x83, 0xE2,
	0x80, 0x10, 0x81, 0xE2, 0xA8, 0x20, 0xC3, 0xE5, 0x01, 0x18, 0x81, 0xE1,
	0x01, 0x23, 0xA0, 0xE3, 0xA7, 0xC4, 0xA0, 0xE3, 0x41, 0x06, 0xA0, 0xE3,
	0xA4, 0xC1, 0x82, 0xE5, 0xA4, 0x31, 0x92, 0xE5, 0x02, 0x05, 0x13, 0xE3,
	0xFC, 0xFF, 0xFF, 0x0A, 0x10, 0x30, 0x90, 0xE5, 0x7F, 0x34, 0xC3, 0xE3,
	0x7F, 0x38, 0xC3, 0xE3, 0x7F, 0x3C, 0xC3, 0xE3, 0x7F, 0x30, 0xC3, 0xE3,
	0x01, 0x00, 0x53, 0xE1, 0xF4, 0xFF, 0xFF, 0x1A, 0x1E, 0xFF, 0x2F, 0xE1,
	0x00, 0x10, 0xA0, 0xE1, 0x00, 0x20, 0xA0, 0xE3, 0x52, 0x00, 0xA0, 0xE3,
	0xC3, 0xFF, 0xFF, 0xEA, 0x04, 0xA0, 0x2D, 0xE5, 0x38, 0xA0, 0x9F, 0xE5,
	0x38, 0x30, 0x9F, 0xE5, 0x0A, 0xA0, 0x8F, 0xE0, 0x03, 0x10, 0x9A, 0xE7,
	0x00, 0x20, 0x91, 0xE5, 0x7F, 0x1E, 0xA0, 0xE3, 0x0F, 0x10, 0x81, 0xE2,
	0x02, 0x31, 0xA0, 0xE3, 0x43, 0x3A, 0x02, 0xE0, 0x01, 0x10, 0x02, 0xE0,
	0x83, 0x12, 0x81, 0xE1, 0x80, 0x15, 0x81, 0xE1, 0xA2, 0x2D, 0xA0, 0xE1,
	0x55, 0x00, 0xA0, 0xE3, 0x00, 0x04, 0xBD, 0xE8, 0xB2, 0xFF, 0xFF, 0xEA,
	0x44, 0x46, 0x00, 0x00, 0xC4, 0x00, 0x00, 0x00, 0x04, 0xA0, 0x2D, 0xE5,
	0x20, 0xA0, 0x9F, 0xE5, 0x20, 0x30, 0x9F, 0xE5, 0x0A, 0xA0, 0x8F, 0xE0,
	0x03, 0x20, 0x9A, 0xE7, 0x00, 0x10, 0x92, 0xE5, 0x53, 0x00, 0xA0, 0xE3,
	0xA1, 0x15, 0xA0, 0xE1, 0x00, 0x20, 0xA0, 0xE3, 0x00, 0x04, 0xBD, 0xE8,
	0xA5, 0xFF, 0xFF, 0xEA, 0xF8, 0x45, 0x00, 0x00, 0xC4, 0x00, 0x00, 0x00,
	0x04, 0xE0, 0x2D, 0xE5, 0xD1, 0x04, 0xA0, 0xE3, 0x61, 0x08, 0x80, 0xE2,
	0x04, 0xD0, 0x4D, 0xE2, 0x00, 0x10, 0xA0, 0xE3, 0x07, 0x0A, 0x80, 0xE2,
	0x7A, 0xFF, 0xFF, 0xEB, 0x00, 0x10, 0xA0, 0xE3, 0x0D, 0x02, 0xA0, 0xE3,
	0x77, 0xFF, 0xFF, 0xEB, 0xFF, 0x00, 0x00, 0xE2, 0x04, 0xD0, 0x8D, 0xE2,
	0x04, 0xE0, 0x9D, 0xE4, 0x1E, 0xFF, 0x2F, 0xE1, 0x10, 0x40, 0x2D, 0xE9,
	0x00, 0x40, 0xA0, 0xE1, 0x00, 0x00, 0xA0, 0xE3, 0xAE, 0xFF, 0xFF, 0xEB,
	0x01, 0x00, 0xA0, 0xE3, 0xCB, 0xFF, 0xFF, 0xEB, 0x30, 0x00, 0xA0, 0xE3,
	0xAA, 0xFF, 0xFF, 0xEB, 0xAE, 0xFF, 0xFF, 0xEB, 0x01, 0x33, 0xA0, 0xE3,
	0x2F, 0x20, 0xE0, 0xE3, 0x00, 0x10, 0xA0, 0xE3, 0x01, 0x3C, 0x83, 0xE2,
	0x01, 0x03, 0xA0, 0xE3, 0xA8, 0x20, 0xC3, 0xE5, 0xA7, 0xC4, 0xA0, 0xE3,
	0xA9, 0x11, 0xC0, 0xE5, 0x3C, 0x20, 0x84, 0xE2, 0x41, 0x16, 0x81, 0xE2,
	0xA4, 0xC1, 0x80, 0xE5, 0xA4, 0x31, 0x90, 0xE5, 0x02, 0x05, 0x13, 0xE3,
	0xFC, 0xFF, 0xFF, 0x0A, 0x10, 0x30, 0x91, 0xE5, 0x02, 0x00, 0x54, 0xE1,
	0x00, 0x30, 0x84, 0xE5, 0x04, 0x40, 0x84, 0x12, 0xF6, 0xFF, 0xFF, 0x1A,
	0x10, 0x40, 0xBD, 0xE8, 0x1E, 0xFF, 0x2F, 0xE1, 0x30, 0x40, 0x2D, 0xE9,
	0x01, 0x40, 0xA0, 0xE1, 0x04, 0xD0, 0x4D, 0xE2, 0x00, 0x50, 0xA0, 0xE1,
	0x05, 0x00, 0xA0, 0xE3, 0x8E, 0xFF, 0xFF, 0xEB, 0x84, 0x04, 0xA0, 0xE1,
	0xA7, 0xFF, 0xFF, 0xEB, 0xE0, 0x00, 0xA0, 0xE3, 0x8A, 0xFF, 0xFF, 0xEB,
	0x01, 0x33, 0xA0, 0xE3, 0x01, 0x3C, 0x83, 0xE2, 0x2F, 0x20, 0xE0, 0xE3,
	0xA8, 0x20, 0xC3, 0xE5, 0x01, 0x03, 0xA0, 0xE3, 0x00, 0x10, 0xA0, 0xE3,
	0xA1, 0x34, 0xA0, 0xE3, 0xA9, 0x11, 0xC0, 0xE5, 0xA4, 0x31, 0x80, 0xE5,
	0x41, 0x26, 0xA0, 0xE3, 0xA4, 0x31, 0x90, 0xE5, 0x02, 0x05, 0x13, 0xE3,
	0x10, 0x30, 0x92, 0x15, 0x04, 0x30, 0x85, 0x14, 0xA4, 0x31, 0x90, 0xE5,
	0x00, 0x00, 0x53, 0xE3, 0xF8, 0xFF, 0xFF, 0xBA, 0x04, 0xD0, 0x8D, 0xE2,
	0x30, 0x40, 0xBD, 0xE8, 0x1E, 0xFF, 0x2F, 0xE1, 0xF0, 0x44, 0x2D, 0xE9,
	0xCC, 0xA0, 0x9F, 0xE5, 0xCC, 0x30, 0x9F, 0xE5, 0x0A, 0xA0, 0x8F, 0xE0,
	0x03, 0x10, 0x9A, 0xE7, 0x00, 0x20, 0x91, 0xE5, 0x22, 0x29, 0xA0, 0xE1,
	0x02, 0x29, 0xA0, 0xE1, 0x00, 0x00, 0x52, 0xE3, 0x00, 0x40, 0xA0, 0xE1,
	0x01, 0x00, 0x00, 0x1A, 0xF0, 0x44, 0xBD, 0xE8, 0x1E, 0xFF, 0x2F, 0xE1,
	0x80, 0x00, 0xA0, 0xE3, 0x67, 0xFF, 0xFF, 0xEB, 0x01, 0x00, 0xA0, 0xE3,
	0x84, 0xFF, 0xFF, 0xEB, 0x01, 0x03, 0xA0, 0xE3, 0x01, 0x0C, 0x80, 0xE2,
	0x2E, 0x30, 0xE0, 0xE3, 0x01, 0x13, 0xA0, 0xE3, 0xA8, 0x30, 0xC0, 0xE5,
	0x44, 0x20, 0xA0, 0xE3, 0x2F, 0x30, 0x83, 0xE2, 0xA9, 0x21, 0xC1, 0xE5,
	0xAE, 0x31, 0xC1, 0xE5, 0x04, 0xE0, 0xA0, 0xE1, 0x01, 0xC0, 0xA0, 0xE1,
	0x00, 0x70, 0xA0, 0xE1, 0x40, 0x40, 0x84, 0xE2, 0xA7, 0x64, 0xA0, 0xE3,
	0x41, 0x56, 0xA0, 0xE3, 0x04, 0x30, 0x9E, 0xE4, 0x23, 0x24, 0xA0, 0xE1,
	0x23, 0x18, 0xA0, 0xE1, 0x23, 0x0C, 0xA0, 0xE1, 0xFF, 0x20, 0x02, 0xE2,
	0xFF, 0x10, 0x01, 0xE2, 0xFF, 0x30, 0x03, 0xE2, 0xAA, 0x31, 0xCC, 0xE5,
	0xAB, 0x21, 0xCC, 0xE5, 0xAC, 0x10, 0xC7, 0xE5, 0xAD, 0x01, 0xCC, 0xE5,
	0xA4, 0x61, 0x8C, 0xE5, 0xA4, 0x31, 0x9C, 0xE5, 0x02, 0x05, 0x13, 0xE3,
	0xFC, 0xFF, 0xFF, 0x0A, 0x04, 0x00, 0x5E, 0xE1, 0x10, 0x30, 0x95, 0xE5,
	0xED, 0xFF, 0xFF, 0x1A, 0x10, 0x00, 0xA0, 0xE3, 0x42, 0xFF, 0xFF, 0xEB,
	0xF0, 0x44, 0xBD, 0xE8, 0x45, 0xFF, 0xFF, 0xEA, 0x9C, 0x44, 0x00, 0x00,
	0xC4, 0x00, 0x00, 0x00, 0xF0, 0x44, 0x2D, 0xE9, 0xBC, 0xA0, 0x9F, 0xE5,
	0xBC, 0x30, 0x9F, 0xE5, 0x0A, 0xA0, 0x8F, 0xE0, 0x03, 0x10, 0x9A, 0xE7,
	0x00, 0x20, 0x91, 0xE5, 0x22, 0x29, 0xA0, 0xE1, 0x02, 0x29, 0xA0, 0xE1,
	0x00, 0x00, 0x52, 0xE3, 0x00, 0xC0, 0xA0, 0xE1, 0x24, 0x00, 0x00, 0x0A,
	0x01, 0x03, 0xA0, 0xE3, 0x01, 0x0C, 0x80, 0xE2, 0x2E, 0x30, 0xE0, 0xE3,
	0x01, 0x13, 0xA0, 0xE3, 0xA8, 0x30, 0xC0, 0xE5, 0x44, 0x20, 0xA0, 0xE3,
	0x2F, 0x30, 0x83, 0xE2, 0x0C, 0xE0, 0xA0, 0xE1, 0xA9, 0x21, 0xC1, 0xE5,
	0xAE, 0x31, 0xC1, 0xE5, 0x01, 0xC0, 0xA0, 0xE1, 0x00, 0x70, 0xA0, 0xE1,
	0x40, 0x40, 0x8E, 0xE2, 0xA7, 0x64, 0xA0, 0xE3, 0x41, 0x56, 0xA0, 0xE3,
	0x04, 0x30, 0x9E, 0xE4, 0x23, 0x24, 0xA0, 0xE1, 0x23, 0x18, 0xA0, 0xE1,
	0x23, 0x0C, 0xA0, 0xE1, 0xFF, 0x20, 0x02, 0xE2, 0xFF, 0x10, 0x01, 0xE2,
	0xFF, 0x30, 0x03, 0xE2, 0xAA, 0x31, 0xCC, 0xE5, 0xAB, 0x21, 0xCC, 0xE5,
	0xAC, 0x10, 0xC7, 0xE5, 0xAD, 0x01, 0xCC, 0xE5, 0xA4, 0x61, 0x8C, 0xE5,
	0xA4, 0x31, 0x9C, 0xE5, 0x02, 0x05, 0x13, 0xE3, 0xFC, 0xFF, 0xFF, 0x0A,
	0x04, 0x00, 0x5E, 0xE1, 0x10, 0x30, 0x95, 0xE5, 0xED, 0xFF, 0xFF, 0x1A,
	0x10, 0x00, 0xA0, 0xE3, 0x10, 0xFF, 0xFF, 0xEB, 0xF0, 0x44, 0xBD, 0xE8,
	0x13, 0xFF, 0xFF, 0xEA, 0xF0, 0x44, 0xBD, 0xE8, 0x1E, 0xFF, 0x2F, 0xE1,
	0xBC, 0x43, 0x00, 0x00, 0xC4, 0x00, 0x00, 0x00, 0x30, 0x44, 0x2D, 0xE9,
	0xEC, 0xA0, 0x9F, 0xE5, 0xEC, 0x30, 0x9F, 0xE5, 0x0A, 0xA0, 0x8F, 0xE0,
	0x03, 0xC0, 0x9A, 0xE7, 0x00, 0x20, 0x9C, 0xE5, 0x22, 0x29, 0xA0, 0xE1,
	0x02, 0x29, 0xA0, 0xE1, 0x00, 0x00, 0x52, 0xE3, 0x00, 0x50, 0xA0, 0xE1,
	0x01, 0x40, 0xA0, 0xE1, 0x2A, 0x00, 0x00, 0x0A, 0x00, 0x00, 0x51, 0xE3,
	0x2A, 0x00, 0x00, 0x0A, 0x01, 0x33, 0xA0, 0xE3, 0x01, 0xE3, 0xA0, 0xE3,
	0x01, 0x3C, 0x83, 0xE2, 0x2C, 0x20, 0xE0, 0xE3, 0x00, 0x10, 0xA0, 0xE3,
	0xA8, 0x20, 0xC3, 0xE5, 0xA9, 0x11, 0xCE, 0xE5, 0x05, 0x20, 0xA0, 0xE1,
	0x01, 0x10, 0xD2, 0xE4, 0xE1, 0x34, 0xA0, 0xE3, 0x08, 0x30, 0x83, 0xE2,
	0xAF, 0x11, 0xCE, 0xE5, 0xA4, 0x31, 0x8E, 0xE5, 0x01, 0x00, 0xD2, 0xE5,
	0x01, 0x10, 0xD5, 0xE5, 0x01, 0x20, 0x82, 0xE2, 0x01, 0xC0, 0xD2, 0xE5,
	0x01, 0x20, 0x82, 0xE2, 0x01, 0x30, 0xD2, 0xE5, 0x00, 0x14, 0x81, 0xE1,
	0x0C, 0x18, 0x81, 0xE1, 0x03, 0x1C, 0x81, 0xE1, 0x02, 0x20, 0x82, 0xE2,
	0x41, 0x46, 0xA0, 0xE3, 0xA4, 0x31, 0x9E, 0xE5, 0x02, 0x05, 0x13, 0xE3,
	0x02, 0x00, 0xA0, 0xE1, 0x09, 0x00, 0x00, 0x0A, 0x10, 0x10, 0x84, 0xE5,
	0x01, 0x30, 0xD0, 0xE4, 0x01, 0x10, 0xD2, 0xE5, 0x01, 0xC0, 0xD0, 0xE5,
	0x01, 0x00, 0x80, 0xE2, 0x01, 0x34, 0x83, 0xE1, 0x01, 0x20, 0xD0, 0xE5,
	0x0C, 0x38, 0x83, 0xE1, 0x02, 0x1C, 0x83, 0xE1, 0x02, 0x20, 0x80, 0xE2,
	0xA4, 0x31, 0x9E, 0xE5, 0x00, 0x00, 0x53, 0xE3, 0xEE, 0xFF, 0xFF, 0xBA,
	0x30, 0x44, 0xBD, 0xE8, 0x1E, 0xFF, 0x2F, 0xE1, 0x80, 0x00, 0xA0, 0xE3,
	0xCF, 0xFE, 0xFF, 0xEB, 0x04, 0x00, 0xA0, 0xE1, 0xEC, 0xFE, 0xFF, 0xEB,
	0xCF, 0xFF, 0xFF, 0xEA, 0xEC, 0x42, 0x00, 0x00, 0xC4, 0x00, 0x00, 0x00,
	0x00, 0x44, 0x2D, 0xE9, 0x40, 0xA0, 0x9F, 0xE5, 0x40, 0x30, 0x9F, 0xE5,
	0x0A, 0xA0, 0x8F, 0xE0, 0x03, 0x10, 0x9A, 0xE7, 0x00, 0x20, 0x91, 0xE5,
	0x22, 0x29, 0xA0, 0xE1, 0x02, 0x29, 0xA0, 0xE1, 0x00, 0x00, 0x52, 0xE3,
	0x60, 0x00, 0xA0, 0xE3, 0x01, 0x00, 0x00, 0x1A, 0x00, 0x44, 0xBD, 0xE8,
	0x1E, 0xFF, 0x2F, 0xE1, 0xBC, 0xFE, 0xFF, 0xEB, 0xED, 0xFE, 0xFF, 0xEB,
	0xD0, 0x00, 0xA0, 0xE3, 0xB9, 0xFE, 0xFF, 0xEB, 0x00, 0x44, 0xBD, 0xE8,
	0xBC, 0xFE, 0xFF, 0xEA, 0xEC, 0x41, 0x00, 0x00, 0xC4, 0x00, 0x00, 0x00,
	0xF0, 0x4B, 0x2D, 0xE9, 0x01, 0x40, 0xA0, 0xE1, 0x18, 0xD0, 0x4D, 0xE2,
	0x00, 0x50, 0xA0, 0xE1, 0x05, 0x00, 0xA0, 0xE3, 0x04, 0x20, 0x8D, 0xE5,
	0xAE, 0xFE, 0xFF, 0xEB, 0x84, 0x04, 0xA0, 0xE1, 0xC7, 0xFE, 0xFF, 0xEB,
	0xE0, 0x00, 0xA0, 0xE3, 0xAA, 0xFE, 0xFF, 0xEB, 0x01, 0x23, 0xA0, 0xE3,
	0x00, 0x10, 0xA0, 0xE3, 0x01, 0x2C, 0x82, 0xE2, 0x01, 0x03, 0xA0, 0xE3,
	0x2F, 0x30, 0xE0, 0xE3, 0xA8, 0x30, 0xC2, 0xE5, 0x08, 0x10, 0x8D, 0xE5,
	0xA9, 0x11, 0xC0, 0xE5, 0x08, 0x90, 0x9D, 0xE5, 0xA1, 0x34, 0xA0, 0xE3,
	0x03, 0x20, 0x05, 0xE2, 0xA4, 0x31, 0x80, 0xE5, 0x0C, 0x10, 0x8D, 0xE5,
	0x10, 0x90, 0x8D, 0xE5, 0x14, 0x90, 0x8D, 0xE5, 0x02, 0x50, 0x85, 0xE0,
	0x09, 0x70, 0xA0, 0xE1, 0x09, 0xB0, 0xA0, 0xE1, 0x41, 0x66, 0xA0, 0xE3,
	0x01, 0x13, 0xA0, 0xE3, 0xA4, 0x31, 0x91, 0xE5, 0x02, 0x05, 0x13, 0xE3,
	0xFB, 0xFF, 0xFF, 0x0A, 0x10, 0x00, 0x96, 0xE5, 0x04, 0x00, 0x85, 0xE4,
	0xA4, 0x31, 0x91, 0xE5, 0x02, 0x05, 0x13, 0xE3, 0xFC, 0xFF, 0xFF, 0x0A,
	0x10, 0x40, 0x96, 0xE5, 0x04, 0x40, 0x85, 0xE4, 0x04, 0xC0, 0x20, 0xE0,
	0x01, 0x13, 0xA0, 0xE3, 0xA4, 0x31, 0x91, 0xE5, 0x02, 0x05, 0x13, 0xE3,
	0xFC, 0xFF, 0xFF, 0x0A, 0x10, 0x00, 0x96, 0xE5, 0x04, 0x00, 0x85, 0xE4,
	0x00, 0xE0, 0x2C, 0xE0, 0x01, 0x13, 0xA0, 0xE3, 0xA4, 0x31, 0x91, 0xE5,
	0x02, 0x05, 0x13, 0xE3, 0xFC, 0xFF, 0xFF, 0x0A, 0x10, 0xC0, 0x96, 0xE5,
	0x00, 0x30, 0x27, 0xE0, 0x04, 0xC0, 0x85, 0xE4, 0x0C, 0x00, 0x2E, 0xE0,
	0x0C, 0x80, 0x23, 0xE0, 0x01, 0x13, 0xA0, 0xE3, 0xA4, 0x31, 0x91, 0xE5,
	0x02, 0x05, 0x13, 0xE3, 0xFC, 0xFF, 0xFF, 0x0A, 0x10, 0x20, 0x96, 0xE5,
	0x04, 0x20, 0x85, 0xE4, 0x02, 0x00, 0x20, 0xE0, 0x01, 0x13, 0xA0, 0xE3,
	0xA4, 0x31, 0x91, 0xE5, 0x02, 0x05, 0x13, 0xE3, 0xFC, 0xFF, 0xFF, 0x0A,
	0x10, 0x10, 0x9D, 0xE5, 0x10, 0xE0, 0x96, 0xE5, 0x04, 0x30, 0x21, 0xE0,
	0x0C, 0x30, 0x23, 0xE0, 0x04, 0xE0, 0x85, 0xE4, 0x0E, 0x00, 0x20, 0xE0,
	0x0E, 0x70, 0x23, 0xE0, 0x01, 0x13, 0xA0, 0xE3, 0xA4, 0x31, 0x91, 0xE5,
	0x02, 0x05, 0x13, 0xE3, 0xFC, 0xFF, 0xFF, 0x0A, 0x10, 0xC0, 0x96, 0xE5,
	0x04, 0xC0, 0x85, 0xE4, 0x0C, 0x00, 0x20, 0xE0, 0x0C, 0x40, 0x28, 0xE0,
	0x01, 0x13, 0xA0, 0xE3, 0xA4, 0x31, 0x91, 0xE5, 0x02, 0x05, 0x13, 0xE3,
	0xFC, 0xFF, 0xFF, 0x0A, 0x10, 0x10, 0x96, 0xE5, 0x01, 0x00, 0x20, 0xE0,
	0x20, 0x38, 0x20, 0xE0, 0x0C, 0x80, 0x9D, 0xE5, 0x23, 0x34, 0x23, 0xE0,
	0x23, 0x32, 0x23, 0xE0, 0x23, 0x31, 0x23, 0xE0, 0x02, 0x20, 0x28, 0xE0,
	0x03, 0x30, 0x03, 0xE2, 0x0E, 0x20, 0x22, 0xE0, 0x01, 0x30, 0x43, 0xE2,
	0x0C, 0x20, 0x22, 0xE0, 0x01, 0x70, 0x27, 0xE0, 0x01, 0x20, 0x22, 0xE0,
	0x01, 0x00, 0x53, 0xE3, 0x10, 0x70, 0x8D, 0xE5, 0x0C, 0x20, 0x8D, 0xE5,
	0x00, 0x10, 0x85, 0xE5, 0x01, 0x70, 0x24, 0xE0, 0x00, 0xB0, 0x2B, 0xE0,
	0x04, 0x00, 0x00, 0x9A, 0x01, 0x90, 0x89, 0xE2, 0x0F, 0x00, 0x59, 0xE3,
	0x0A, 0x00, 0x00, 0x8A, 0x04, 0x50, 0x85, 0xE2, 0xAB, 0xFF, 0xFF, 0xEA,
	0x08, 0xC0, 0x9D, 0xE5, 0x14, 0x00, 0x9D, 0xE5, 0x09, 0xC0, 0x2C, 0xE0,
	0x01, 0x90, 0x89, 0xE2, 0x01, 0x00, 0x20, 0xE2, 0x0F, 0x00, 0x59, 0xE3,
	0x08, 0xC0, 0x8D, 0xE5, 0x14, 0x00, 0x8D, 0xE5, 0xF4, 0xFF, 0xFF, 0x9A,
	0x0C, 0x20, 0x8D, 0xE2, 0x24, 0x00, 0x92, 0xE8, 0x0F, 0x44, 0xCB, 0xE3,
	0x22, 0x18, 0x22, 0xE0, 0x27, 0xC8, 0x27, 0xE0, 0x0F, 0x48, 0xC4, 0xE3,
	0x55, 0x04, 0xCB, 0xE3, 0x25, 0xE8, 0x25, 0xE0, 0x01, 0x14, 0x21, 0xE0,
	0x2C, 0xC4, 0x2C, 0xE0, 0x0F, 0x4C, 0xC4, 0xE3, 0x55, 0x08, 0xC0, 0xE3,
	0x33, 0x34, 0xCB, 0xE3, 0x21, 0x12, 0x21, 0xE0, 0x0C, 0xC2, 0x2C, 0xE0,
	0x2E, 0xE4, 0x2E, 0xE0, 0x0F, 0x40, 0xC4, 0xE3, 0x55, 0x0C, 0xC0, 0xE3,
	0x33, 0x38, 0xC3, 0xE3, 0xFF, 0x68, 0xCB, 0xE3, 0x21, 0x11, 0x21, 0xE0,
	0x0C, 0xC1, 0x2C, 0xE0, 0x0E, 0xE2, 0x2E, 0xE0, 0x04, 0x48, 0x24, 0xE0,
	0x55, 0x00, 0xC0, 0xE3, 0xFF, 0x60, 0xC6, 0xE3, 0x33, 0x3C, 0xC3, 0xE3,
	0x81, 0x10, 0x21, 0xE0, 0x8C, 0xC0, 0x2C, 0xE0, 0x2E, 0xE1, 0x2E, 0xE0,
	0x24, 0x44, 0x24, 0xE0, 0x00, 0x08, 0x20, 0xE0, 0x26, 0x68, 0x26, 0xE0,
	0x80, 0xC0, 0x0C, 0xE2, 0x33, 0x30, 0xC3, 0xE3, 0x2B, 0x2C, 0xA0, 0xE1,
	0x02, 0x1C, 0x01, 0xE2, 0x8E, 0xE0, 0x2E, 0xE0, 0x04, 0x41, 0x24, 0xE0,
	0x20, 0x04, 0x20, 0xE0, 0x0C, 0x10, 0x81, 0xE1, 0x2B, 0x28, 0x22, 0xE0,
	0x03, 0x38, 0x23, 0xE0, 0x26, 0x56, 0xA0, 0xE1, 0x20, 0xE0, 0x0E, 0xE2,
	0x84, 0x40, 0x24, 0xE0, 0x20, 0x02, 0x20, 0xE0, 0x08, 0x80, 0x9D, 0xE5,
	0x26, 0x54, 0x25, 0xE0, 0x22, 0x22, 0x22, 0xE0, 0x23, 0x34, 0x23, 0xE0,
	0x0E, 0x10, 0x81, 0xE1, 0x02, 0x45, 0x04, 0xE2, 0x00, 0x01, 0x20, 0xE0,
	0x02, 0x07, 0x00, 0xE2, 0x02, 0x21, 0x22, 0xE0, 0x25, 0x51, 0x25, 0xE0,
	0x03, 0x32, 0x23, 0xE0, 0x04, 0x10, 0x81, 0xE1, 0x00, 0x10, 0x81, 0xE1,
	0x82, 0x20, 0x22, 0xE0, 0x02, 0x00, 0x08, 0xE2, 0x85, 0x50, 0x25, 0xE0,
	0x23, 0x31, 0xA0, 0xE1, 0x00, 0x16, 0x81, 0xE1, 0x08, 0xC0, 0x08, 0xE2,
	0x08, 0x20, 0x02, 0xE2, 0x02, 0x50, 0x05, 0xE2, 0x83, 0x30, 0x23, 0xE0,
	0x0C, 0x17, 0x81, 0xE1, 0x02, 0x36, 0x03, 0xE2, 0x14, 0xC0, 0x9D, 0xE5,
	0x05, 0x20, 0x82, 0xE1, 0x03, 0x20, 0x82, 0xE1, 0x01, 0x30, 0x08, 0xE2,
	0x00, 0x00, 0x5C, 0xE3, 0x83, 0x25, 0x82, 0xE1, 0x04, 0x30, 0x08, 0xE2,
	0x83, 0x26, 0x82, 0xE1, 0xAA, 0x38, 0xA0, 0x13, 0xAA, 0x3C, 0x83, 0x12,
	0x01, 0x00, 0x82, 0xE1, 0xAA, 0x30, 0x83, 0x12, 0x03, 0x30, 0x20, 0x10,
	0xA3, 0x00, 0x80, 0x11, 0xA0, 0x00, 0x80, 0x01, 0x00, 0x30, 0xE0, 0xE1,
	0x04, 0x00, 0x9D, 0xE5, 0x23, 0x28, 0xA0, 0xE1, 0x23, 0x14, 0xA0, 0xE1,
	0x00, 0x30, 0xC0, 0xE5, 0x02, 0x20, 0xC0, 0xE5, 0x01, 0x10, 0xC0, 0xE5,
	0x18, 0xD0, 0x8D, 0xE2, 0xF0, 0x4B, 0xBD, 0xE8, 0x1E, 0xFF, 0x2F, 0xE1,
	0xF0, 0x4F, 0x2D, 0xE9, 0x58, 0xA5, 0x9F, 0xE5, 0x58, 0x35, 0x9F, 0xE5,
	0x0A, 0xA0, 0x8F, 0xE0, 0x03, 0xE0, 0x9A, 0xE7, 0x00, 0xC0, 0x9E, 0xE5,
	0x2C, 0xC9, 0xA0, 0xE1, 0x0C, 0xC9, 0xA0, 0xE1, 0x2C, 0xD0, 0x4D, 0xE2,
	0x00, 0x00, 0x5C, 0xE3, 0x00, 0x50, 0xA0, 0xE1, 0x01, 0x40, 0xA0, 0xE1,
	0x04, 0x20, 0x8D, 0xE5, 0x42, 0x01, 0x00, 0x0A, 0x00, 0x00, 0x51, 0xE3,
	0x43, 0x01, 0x00, 0x0A, 0x01, 0x23, 0xA0, 0xE3, 0x01, 0x03, 0xA0, 0xE3,
	0x00, 0xE0, 0xA0, 0xE3, 0x01, 0x2C, 0x82, 0xE2, 0x2C, 0x30, 0xE0, 0xE3,
	0xA8, 0x30, 0xC2, 0xE5, 0xA9, 0xE1, 0xC0, 0xE5, 0x05, 0x20, 0xA0, 0xE1,
	0x01, 0x10, 0xD2, 0xE4, 0xE1, 0x34, 0xA0, 0xE3, 0x08, 0x30, 0x83, 0xE2,
	0xAF, 0x11, 0xC0, 0xE5, 0xA4, 0x31, 0x80, 0xE5, 0x01, 0x30, 0xD2, 0xE5,
	0x01, 0x10, 0xD5, 0xE5, 0x01, 0x20, 0x82, 0xE2, 0x01, 0x00, 0xD2, 0xE5,
	0x01, 0x20, 0x82, 0xE2, 0x01, 0xC0, 0xD2, 0xE5, 0x03, 0x14, 0x81, 0xE1,
	0x0C, 0xE0, 0x8D, 0xE5, 0x02, 0xE0, 0x82, 0xE2, 0x00, 0x20, 0xA0, 0xE3,
	0x00, 0x18, 0x81, 0xE1, 0x03, 0x30, 0x05, 0xE2, 0x08, 0x20, 0x8D, 0xE5,
	0x10, 0x20, 0x8D, 0xE5, 0x14, 0x20, 0x8D, 0xE5, 0x18, 0x20, 0x8D, 0xE5,
	0x1C, 0x20, 0x8D, 0xE5, 0x20, 0x20, 0x8D, 0xE5, 0x0C, 0x1C, 0x81, 0xE1,
	0x03, 0x00, 0x85, 0xE0, 0x41, 0x96, 0xA0, 0xE3, 0x01, 0x63, 0xA0, 0xE3,
	0xA4, 0x31, 0x96, 0xE5, 0x02, 0x05, 0x13, 0xE3, 0xFB, 0xFF, 0xFF, 0x0A,
	0x10, 0x10, 0x89, 0xE5, 0x0E, 0x30, 0xA0, 0xE1, 0x01, 0x70, 0xD3, 0xE4,
	0x04, 0x80, 0x90, 0xE4, 0x01, 0x20, 0x83, 0xE2, 0x01, 0x40, 0xD3, 0xE5,
	0x01, 0x50, 0xDE, 0xE5, 0x02, 0x10, 0x82, 0xE2, 0x01, 0xE0, 0xD2, 0xE5,
	0x00, 0xC0, 0xA0, 0xE1, 0x06, 0x20, 0xA0, 0xE1, 0xA4, 0x31, 0x92, 0xE5,
	0x02, 0x05, 0x13, 0xE3, 0xFC, 0xFF, 0xFF, 0x0A, 0x05, 0x34, 0x87, 0xE1,
	0x04, 0x38, 0x83, 0xE1, 0x0E, 0x3C, 0x83, 0xE1, 0x10, 0x30, 0x89, 0xE5,
	0x01, 0x20, 0xA0, 0xE1, 0x01, 0x30, 0xD2, 0xE4, 0x01, 0x10, 0xD1, 0xE5,
	0x01, 0x00, 0xD2, 0xE5, 0x01, 0x20, 0x82, 0xE2, 0x01, 0x34, 0x83, 0xE1,
	0x04, 0xB0, 0x9C, 0xE4, 0x01, 0x10, 0xD2, 0xE5, 0x00, 0x38, 0x83, 0xE1,
	0x01, 0x0C, 0x83, 0xE1, 0x0C, 0xE0, 0xA0, 0xE1, 0x02, 0x10, 0x82, 0xE2,
	0x0B, 0x40, 0x28, 0xE0, 0x01, 0x23, 0xA0, 0xE3, 0xA4, 0x31, 0x92, 0xE5,
	0x02, 0x05, 0x13, 0xE3, 0xFC, 0xFF, 0xFF, 0x0A, 0x10, 0x00, 0x89, 0xE5,
	0x01, 0x30, 0xA0, 0xE1, 0x01, 0x20, 0xD3, 0xE4, 0x01, 0x10, 0xD1, 0xE5,
	0x01, 0x00, 0xD3, 0xE5, 0x01, 0x30, 0x83, 0xE2, 0x01, 0x24, 0x82, 0xE1,
	0x04, 0xC0, 0x9E, 0xE4, 0x01, 0x10, 0xD3, 0xE5, 0x00, 0x28, 0x82, 0xE1,
	0x01, 0x2C, 0x82, 0xE1, 0x02, 0x00, 0x83, 0xE2, 0x0C, 0x50, 0x24, 0xE0,
	0x01, 0x13, 0xA0, 0xE3, 0xA4, 0x31, 0x91, 0xE5, 0x02, 0x05, 0x13, 0xE3,
	0xFC, 0xFF, 0xFF, 0x0A, 0x10, 0x20, 0x89, 0xE5, 0x00, 0x30, 0xA0, 0xE1,
	0x01, 0x20, 0xD3, 0xE4, 0x01, 0x10, 0xD0, 0xE5, 0x01, 0x00, 0xD3, 0xE5,
	0x01, 0x24, 0x82, 0xE1, 0x00, 0x28, 0x82, 0xE1, 0x01, 0x30, 0x83, 0xE2,
	0x14, 0x00, 0x9D, 0xE5, 0x04, 0x40, 0x9E, 0xE4, 0x01, 0x10, 0xD3, 0xE5,
	0x00, 0xC0, 0x2C, 0xE0, 0x04, 0x50, 0x25, 0xE0, 0x01, 0x0C, 0x82, 0xE1,
	0x04, 0x80, 0x2C, 0xE0, 0x02, 0x10, 0x83, 0xE2, 0x01, 0x23, 0xA0, 0xE3,
	0xA4, 0x31, 0x92, 0xE5, 0x02, 0x05, 0x13, 0xE3, 0xFC, 0xFF, 0xFF, 0x0A,
	0x10, 0x00, 0x89, 0xE5, 0x01, 0x30, 0xA0, 0xE1, 0x01, 0x20, 0xD3, 0xE4,
	0x01, 0x10, 0xD1, 0xE5, 0x01, 0x00, 0xD3, 0xE5, 0x01, 0x30, 0x83, 0xE2,
	0x01, 0x24, 0x82, 0xE1, 0x04, 0x70, 0x9E, 0xE4, 0x01, 0x10, 0xD3, 0xE5,
	0x00, 0x28, 0x82, 0xE1, 0x01, 0x0C, 0x82, 0xE1, 0x07, 0x60, 0x25, 0xE0,
	0x02, 0x10, 0x83, 0xE2, 0x01, 0x23, 0xA0, 0xE3, 0xA4, 0x31, 0x92, 0xE5,
	0x02, 0x05, 0x13, 0xE3, 0xFC, 0xFF, 0xFF, 0x0A, 0x10, 0x00, 0x89, 0xE5,
	0x01, 0x30, 0xA0, 0xE1, 0x18, 0x50, 0x9D, 0xE5, 0x01, 0x20, 0xD3, 0xE4,
	0x01, 0x00, 0xD1, 0xE5, 0x05, 0x10, 0x2B, 0xE0, 0x04, 0x50, 0x9E, 0xE4,
	0x01, 0xC0, 0xD3, 0xE5, 0x04, 0x10, 0x21, 0xE0, 0x01, 0x30, 0x83, 0xE2,
	0x00, 0x24, 0x82, 0xE1, 0x05, 0x10, 0x21, 0xE0, 0x01, 0x00, 0xD3, 0xE5,
	0x0C, 0x28, 0x82, 0xE1, 0x24, 0x10, 0x8D, 0xE5, 0x00, 0x4C, 0x82, 0xE1,
	0x05, 0xC0, 0x26, 0xE0, 0x02, 0x00, 0x83, 0xE2, 0x01, 0x23, 0xA0, 0xE3,
	0xA4, 0x31, 0x92, 0xE5, 0x02, 0x05, 0x13, 0xE3, 0xFC, 0xFF, 0xFF, 0x0A,
	0x10, 0x40, 0x89, 0xE5, 0x00, 0x30, 0xA0, 0xE1, 0x01, 0x20, 0xD3, 0xE4,
	0x01, 0x10, 0xD0, 0xE5, 0x01, 0x00, 0xD3, 0xE5, 0x01, 0x30, 0x83, 0xE2,
	0x04, 0x40, 0x9E, 0xE4, 0x01, 0x24, 0x82, 0xE1, 0x01, 0x10, 0xD3, 0xE5,
	0x00, 0x28, 0x82, 0xE1, 0x01, 0x1C, 0x82, 0xE1, 0x02, 0x60, 0x83, 0xE2,
	0x0E, 0xB0, 0xA0, 0xE1, 0x04, 0xC0, 0x2C, 0xE0, 0x04, 0x80, 0x28, 0xE0,
	0x01, 0x23, 0xA0, 0xE3, 0xA4, 0x31, 0x92, 0xE5, 0x02, 0x05, 0x13, 0xE3,
	0xFC, 0xFF, 0xFF, 0x0A, 0x10, 0x10, 0x89, 0xE5, 0x00, 0x00, 0x9B, 0xE5,
	0x10, 0xE0, 0x9D, 0xE5, 0x00, 0xC0, 0x2C, 0xE0, 0x0E, 0x20, 0x27, 0xE0,
	0x2C, 0x38, 0x2C, 0xE0, 0x05, 0x20, 0x22, 0xE0, 0x23, 0x34, 0x23, 0xE0,
	0x04, 0x20, 0x22, 0xE0, 0x23, 0x32, 0x23, 0xE0, 0x06, 0x10, 0xA0, 0xE1,
	0x00, 0x20, 0x22, 0xE0, 0x23, 0x31, 0x23, 0xE0, 0x01, 0x70, 0xD1, 0xE4,
	0x1C, 0x50, 0x9D, 0xE5, 0x10, 0x20, 0x8D, 0xE5, 0x03, 0x30, 0x03, 0xE2,
	0x24, 0x20, 0x9D, 0xE5, 0x01, 0x30, 0x43, 0xE2, 0x01, 0xE0, 0x81, 0xE2,
	0x00, 0x20, 0x22, 0xE0, 0x01, 0x00, 0x53, 0xE3, 0x00, 0x80, 0x28, 0xE0,
	0x0C, 0x50, 0x25, 0xE0, 0x01, 0x40, 0xD1, 0xE5, 0x01, 0x30, 0xD6, 0xE5,
	0x01, 0x10, 0xDE, 0xE5, 0x18, 0x20, 0x8D, 0xE5, 0x14, 0x80, 0x8D, 0xE5,
	0x1C, 0x50, 0x8D, 0xE5, 0x01, 0x20, 0x8E, 0xE2, 0x0A, 0x00, 0x00, 0x9A,
	0x08, 0x50, 0x9D, 0xE5, 0x01, 0x50, 0x85, 0xE2, 0x0F, 0x00, 0x55, 0xE3,
	0x08, 0x50, 0x8D, 0xE5, 0x11, 0x00, 0x00, 0x8A, 0x03, 0x34, 0x87, 0xE1,
	0x04, 0x38, 0x83, 0xE1, 0x01, 0x1C, 0x83, 0xE1, 0x01, 0xE0, 0x82, 0xE2,
	0x04, 0x00, 0x8B, 0xE2, 0x4E, 0xFF, 0xFF, 0xEA, 0x08, 0x50, 0x8D, 0xE2,
	0x20, 0x10, 0x95, 0xE8, 0x08, 0xE0, 0x9D, 0xE5, 0x20, 0x00, 0x9D, 0xE5,
	0x01, 0x50, 0x85, 0xE2, 0x0E, 0xC0, 0x2C, 0xE0, 0x01, 0x00, 0x20, 0xE2,
	0x0F, 0x00, 0x55, 0xE3, 0x0C, 0xC0, 0x8D, 0xE5, 0x20, 0x00, 0x8D, 0xE5,
	0x08, 0x50, 0x8D, 0xE5, 0xED, 0xFF, 0xFF, 0x9A, 0x1C, 0xC0, 0x9D, 0xE5,
	0x1C, 0x20, 0x9D, 0xE5, 0x10, 0xE0, 0x9D, 0xE5, 0x14, 0x00, 0x8D, 0xE2,
	0x21, 0x00, 0x90, 0xE8, 0x0F, 0x44, 0xCC, 0xE3, 0x33, 0x34, 0xCC, 0xE3,
	0x2E, 0x18, 0x2E, 0xE0, 0x20, 0xC8, 0x20, 0xE0, 0x0F, 0x48, 0xC4, 0xE3,
	0x55, 0x04, 0xC2, 0xE3, 0x25, 0xE8, 0x25, 0xE0, 0x01, 0x14, 0x21, 0xE0,
	0x2C, 0xC4, 0x2C, 0xE0, 0x0F, 0x4C, 0xC4, 0xE3, 0x55, 0x08, 0xC0, 0xE3,
	0xFF, 0x68, 0xC2, 0xE3, 0x33, 0x38, 0xC3, 0xE3, 0x21, 0x12, 0x21, 0xE0,
	0x0C, 0xC2, 0x2C, 0xE0, 0x2E, 0xE4, 0x2E, 0xE0, 0x0F, 0x40, 0xC4, 0xE3,
	0x55, 0x0C, 0xC0, 0xE3, 0x1C, 0x50, 0x9D, 0xE5, 0xFF, 0x60, 0xC6, 0xE3,
	0x33, 0x3C, 0xC3, 0xE3, 0x21, 0x11, 0x21, 0xE0, 0x0C, 0xC1, 0x2C, 0xE0,
	0x0E, 0xE2, 0x2E, 0xE0, 0x04, 0x48, 0x24, 0xE0, 0x55, 0x00, 0xC0, 0xE3,
	0x26, 0x68, 0x26, 0xE0, 0x33, 0x30, 0xC3, 0xE3, 0x22, 0x2C, 0xA0, 0xE1,
	0x81, 0x10, 0x21, 0xE0, 0x8C, 0xC0, 0x2C, 0xE0, 0x2E, 0xE1, 0x2E, 0xE0,
	0x24, 0x44, 0x24, 0xE0, 0x00, 0x08, 0x20, 0xE0, 0x25, 0x28, 0x22, 0xE0,
	0x80, 0xC0, 0x0C, 0xE2, 0x03, 0x38, 0x23, 0xE0, 0x26, 0x56, 0xA0, 0xE1,
	0x02, 0x1C, 0x01, 0xE2, 0x8E, 0xE0, 0x2E, 0xE0, 0x04, 0x41, 0x24, 0xE0,
	0x20, 0x04, 0x20, 0xE0, 0x0C, 0x10, 0x81, 0xE1, 0x20, 0xE0, 0x0E, 0xE2,
	0x26, 0x54, 0x25, 0xE0, 0x22, 0x22, 0x22, 0xE0, 0x23, 0x34, 0x23, 0xE0,
	0x84, 0x40, 0x24, 0xE0, 0x20, 0x02, 0x20, 0xE0, 0x0C, 0xC0, 0x9D, 0xE5,
	0x0E, 0x10, 0x81, 0xE1, 0x02, 0x21, 0x22, 0xE0, 0x25, 0x51, 0x25, 0xE0,
	0x03, 0x32, 0x23, 0xE0, 0x02, 0x45, 0x04, 0xE2, 0x00, 0x01, 0x20, 0xE0,
	0x02, 0x07, 0x00, 0xE2, 0x82, 0x20, 0x22, 0xE0, 0x85, 0x50, 0x25, 0xE0,
	0x23, 0x31, 0xA0, 0xE1, 0x04, 0x10, 0x81, 0xE1, 0x02, 0x50, 0x05, 0xE2,
	0x00, 0x10, 0x81, 0xE1, 0x08, 0x20, 0x02, 0xE2, 0x02, 0x00, 0x0C, 0xE2,
	0x83, 0x30, 0x23, 0xE0, 0x0C, 0xE0, 0x9D, 0xE5, 0x05, 0x20, 0x82, 0xE1,
	0x02, 0x36, 0x03, 0xE2, 0x00, 0x16, 0x81, 0xE1, 0x20, 0x00, 0x9D, 0xE5,
	0x03, 0x20, 0x82, 0xE1, 0x01, 0x30, 0x0C, 0xE2, 0x00, 0x00, 0x50, 0xE3,
	0x83, 0x25, 0x82, 0xE1, 0x04, 0x30, 0x0E, 0xE2, 0x83, 0x26, 0x82, 0xE1,
	0x08, 0xC0, 0x0C, 0xE2, 0xAA, 0x38, 0xA0, 0x13, 0xAA, 0x3C, 0x83, 0x12,
	0x0C, 0x17, 0x81, 0xE1, 0x01, 0x00, 0x82, 0xE1, 0xAA, 0x30, 0x83, 0x12,
	0x03, 0x30, 0x20, 0x10, 0xA3, 0x00, 0x80, 0x11, 0xA0, 0x00, 0x80, 0x01,
	0x00, 0x30, 0xE0, 0xE1, 0x04, 0x50, 0x9D, 0xE5, 0x23, 0x28, 0xA0, 0xE1,
	0x23, 0x14, 0xA0, 0xE1, 0x00, 0x30, 0xC5, 0xE5, 0x02, 0x20, 0xC5, 0xE5,
	0x01, 0x10, 0xC5, 0xE5, 0x2C, 0xD0, 0x8D, 0xE2, 0xF0, 0x4F, 0xBD, 0xE8,
	0x1E, 0xFF, 0x2F, 0xE1, 0x80, 0x00, 0xA0, 0xE3, 0x84, 0xFC, 0xFF, 0xEB,
	0x04, 0x00, 0xA0, 0xE1, 0xA1, 0xFC, 0xFF, 0xEB, 0xB6, 0xFE, 0xFF, 0xEA,
	0x2C, 0x3E, 0x00, 0x00, 0xC4, 0x00, 0x00, 0x00, 0x01, 0x00, 0xA0, 0xE3,
	0x1E, 0xFF, 0x2F, 0xE1, 0x01, 0x00, 0xA0, 0xE3, 0x1E, 0xFF, 0x2F, 0xE1,
	0x01, 0x00, 0xA0, 0xE3, 0x1E, 0xFF, 0x2F, 0xE1, 0x04, 0xE0, 0x2D, 0xE5,
	0x81, 0x34, 0xA0, 0xE1, 0x04, 0xD0, 0x4D, 0xE2, 0x02, 0x10, 0xA0, 0xE1,
	0x80, 0x04, 0xA0, 0xE1, 0x03, 0x20, 0xA0, 0xE1, 0x83, 0x0D, 0x00, 0xEB,
	0x01, 0x00, 0xA0, 0xE3, 0x04, 0xD0, 0x8D, 0xE2, 0x04, 0xE0, 0x9D, 0xE4,
	0x1E, 0xFF, 0x2F, 0xE1, 0x04, 0xE0, 0x2D, 0xE5, 0x81, 0x34, 0xA0, 0xE1,
	0x04, 0xD0, 0x4D, 0xE2, 0x02, 0x10, 0xA0, 0xE1, 0x80, 0x04, 0xA0, 0xE1,
	0x03, 0x20, 0xA0, 0xE1, 0x55, 0x07, 0x00, 0xEB, 0x01, 0x00, 0xA0, 0xE3,
	0x04, 0xD0, 0x8D, 0xE2, 0x04, 0xE0, 0x9D, 0xE4, 0x1E, 0xFF, 0x2F, 0xE1,
	0x04, 0xE0, 0x2D, 0xE5, 0x00, 0x00, 0xA0, 0xE3, 0x04, 0xD0, 0x4D, 0xE2,
	0x4D, 0x08, 0x00, 0xEB, 0x01, 0x00, 0xA0, 0xE3, 0x04, 0xD0, 0x8D, 0xE2,
	0x04, 0xE0, 0x9D, 0xE4, 0x1E, 0xFF, 0x2F, 0xE1, 0x03, 0x00, 0x10, 0xE3,
	0x1E, 0xFF, 0x2F, 0x01, 0xFE, 0xFF, 0xFF, 0xEA, 0x00, 0x00, 0x50, 0xE3,
	0x1E, 0xFF, 0x2F, 0x01, 0x00, 0x20, 0xA0, 0xE3, 0x01, 0x00, 0x10, 0xE3,
	0x01, 0x30, 0x82, 0xE2, 0xFF, 0x20, 0x03, 0x12, 0xA0, 0x00, 0xB0, 0xE1,
	0xFA, 0xFF, 0xFF, 0x1A, 0x02, 0x00, 0xA0, 0xE1, 0x1E, 0xFF, 0x2F, 0xE1,
	0xF0, 0x40, 0x2D, 0xE9, 0x00, 0x60, 0xD0, 0xE5, 0x01, 0x50, 0xD0, 0xE5,
	0x00, 0x40, 0xD1, 0xE5, 0x01, 0xC0, 0xD1, 0xE5, 0x02, 0x30, 0xD1, 0xE5,
	0x02, 0xE0, 0xD0, 0xE5, 0x04, 0x40, 0x26, 0xE0, 0x0C, 0xC0, 0x25, 0xE0,
	0x03, 0xE0, 0x2E, 0xE0, 0xFF, 0x10, 0x04, 0xE2, 0xFF, 0x50, 0x0C, 0xE2,
	0xFF, 0x60, 0x0E, 0xE2, 0x05, 0x30, 0x81, 0xE1, 0x03, 0x00, 0x96, 0xE1,
	0x04, 0xD0, 0x4D, 0xE2, 0x02, 0x70, 0xA0, 0xE1, 0x10, 0x00, 0x00, 0x0A,
	0xA1, 0x30, 0x21, 0xE0, 0x55, 0x30, 0x03, 0xE2, 0x55, 0x00, 0x53, 0xE3,
	0x0F, 0x00, 0x00, 0x0A, 0x01, 0x00, 0xA0, 0xE1, 0xDD, 0xFF, 0xFF, 0xEB,
	0x00, 0x40, 0xA0, 0xE1, 0x05, 0x00, 0xA0, 0xE1, 0xDA, 0xFF, 0xFF, 0xEB,
	0x00, 0x50, 0xA0, 0xE1, 0x06, 0x00, 0xA0, 0xE1, 0xD7, 0xFF, 0xFF, 0xEB,
	0x05, 0x40, 0x84, 0xE0, 0x00, 0x40, 0x84, 0xE0, 0x01, 0x00, 0x54, 0xE3,
	0x03, 0x00, 0xA0, 0x13, 0x02, 0x00, 0xA0, 0x03, 0x04, 0xD0, 0x8D, 0xE2,
	0xF0, 0x40, 0xBD, 0xE8, 0x1E, 0xFF, 0x2F, 0xE1, 0xA5, 0x30, 0x25, 0xE0,
	0x55, 0x30, 0x03, 0xE2, 0x55, 0x00, 0x53, 0xE3, 0xEB, 0xFF, 0xFF, 0x1A,
	0xA6, 0x30, 0x26, 0xE0, 0x55, 0x30, 0x03, 0xE2, 0x55, 0x00, 0x53, 0xE3,
	0xE7, 0xFF, 0xFF, 0x1A, 0x20, 0x00, 0x1C, 0xE3, 0x80, 0x50, 0x05, 0xE2,
	0x02, 0x00, 0x00, 0x0A, 0x00, 0x00, 0x55, 0xE3, 0xC0, 0x50, 0xA0, 0x13,
	0x40, 0x50, 0xA0, 0x03, 0x08, 0x00, 0x1C, 0xE3, 0x20, 0x50, 0x85, 0x13,
	0x02, 0x00, 0x1C, 0xE3, 0x10, 0x50, 0x85, 0x13, 0x80, 0x00, 0x11, 0xE3,
	0x08, 0x50, 0x85, 0x13, 0x20, 0x00, 0x14, 0xE3, 0x04, 0x50, 0x85, 0x13,
	0x08, 0x00, 0x14, 0xE3, 0x02, 0x50, 0x85, 0x13, 0x02, 0x00, 0x14, 0xE3,
	0x01, 0x50, 0x85, 0x13, 0x80, 0x00, 0x16, 0xE3, 0x00, 0x10, 0xA0, 0x03,
	0x04, 0x10, 0xA0, 0x13, 0x20, 0x00, 0x1E, 0xE3, 0x02, 0x00, 0x00, 0x0A,
	0x00, 0x00, 0x51, 0xE3, 0x06, 0x10, 0xA0, 0x13, 0x02, 0x10, 0xA0, 0x03,
	0x08, 0x00, 0x1E, 0xE3, 0x01, 0x10, 0x81, 0x13, 0x02, 0x00, 0x16, 0xE3,
	0x01, 0x5C, 0x85, 0x13, 0x07, 0x30, 0xD5, 0xE7, 0x01, 0x20, 0xA0, 0xE3,
	0x12, 0x31, 0x23, 0xE0, 0x02, 0x00, 0xA0, 0xE1, 0x07, 0x30, 0xC5, 0xE7,
	0xD0, 0xFF, 0xFF, 0xEA, 0x04, 0xA0, 0x2D, 0xE5, 0x2C, 0xA0, 0x9F, 0xE5,
	0x2C, 0x30, 0x9F, 0xE5, 0x0A, 0xA0, 0x8F, 0xE0, 0x03, 0x00, 0x9A, 0xE7,
	0x00, 0x20, 0xA0, 0xE3, 0x00, 0x10, 0xE0, 0xE3, 0x00, 0x30, 0x90, 0xE5,
	0x02, 0x10, 0xC3, 0xE7, 0x01, 0x20, 0x82, 0xE2, 0x3E, 0x00, 0x52, 0xE3,
	0xFA, 0xFF, 0xFF, 0x1A, 0x00, 0x04, 0xBD, 0xE8, 0x1E, 0xFF, 0x2F, 0xE1,
	0xB4, 0x36, 0x00, 0x00, 0xB8, 0x00, 0x00, 0x00, 0x04, 0xA0, 0x2D, 0xE5,
	0x2C, 0xA0, 0x9F, 0xE5, 0x2C, 0x30, 0x9F, 0xE5, 0x0A, 0xA0, 0x8F, 0xE0,
	0x03, 0x00, 0x9A, 0xE7, 0x00, 0x20, 0xA0, 0xE3, 0x00, 0x10, 0xE0, 0xE3,
	0x00, 0x30, 0x90, 0xE5, 0x02, 0x10, 0xC3, 0xE7, 0x01, 0x20, 0x82, 0xE2,
	0x40, 0x00, 0x52, 0xE3, 0xFA, 0xFF, 0xFF, 0x1A, 0x00, 0x04, 0xBD, 0xE8,
	0x1E, 0xFF, 0x2F, 0xE1, 0x74, 0x36, 0x00, 0x00, 0x54, 0x00, 0x00, 0x00,
	0x04, 0xA0, 0x2D, 0xE5, 0x14, 0xA0, 0x9F, 0xE5, 0x14, 0x30, 0x9F, 0xE5,
	0x0A, 0xA0, 0x8F, 0xE0, 0x03, 0x20, 0x9A, 0xE7, 0x00, 0x00, 0x82, 0xE5,
	0x00, 0x04, 0xBD, 0xE8, 0x1E, 0xFF, 0x2F, 0xE1, 0x34, 0x36, 0x00, 0x00,
	0xC4, 0x00, 0x00, 0x00, 0x00, 0x44, 0x2D, 0xE9, 0x44, 0xA0, 0x9F, 0xE5,
	0x44, 0x30, 0x9F, 0xE5, 0x0A, 0xA0, 0x8F, 0xE0, 0x03, 0x20, 0x9A, 0xE7,
	0x3C, 0x30, 0x9F, 0xE5, 0x00, 0xC0, 0x92, 0xE5, 0x03, 0x20, 0x9A, 0xE7,
	0x00, 0xE1, 0x9C, 0xE7, 0x00, 0x00, 0xD2, 0xE5, 0x9E, 0x10, 0x2C, 0xE0,
	0x28, 0x30, 0x9F, 0xE5, 0x03, 0x20, 0x9A, 0xE7, 0x24, 0x30, 0x9F, 0xE5,
	0x00, 0x10, 0x92, 0xE5, 0x03, 0x20, 0x9A, 0xE7, 0x8C, 0x15, 0x81, 0xE0,
	0x00, 0x10, 0x82, 0xE5, 0x00, 0x44, 0xBD, 0xE8, 0x1E, 0xFF, 0x2F, 0xE1,
	0x0C, 0x36, 0x00, 0x00, 0x28, 0x00, 0x00, 0x00, 0x68, 0x00, 0x00, 0x00,
	0x58, 0x00, 0x00, 0x00, 0xC4, 0x00, 0x00, 0x00, 0x04, 0xA0, 0x2D, 0xE5,
	0x34, 0xA0, 0x9F, 0xE5, 0x34, 0x20, 0x9F, 0xE5, 0x0A, 0xA0, 0x8F, 0xE0,
	0x02, 0x30, 0x9A, 0xE7, 0x0B, 0x00, 0xD3, 0xE5, 0x55, 0x20, 0xA0, 0xE3,
	0x55, 0x10, 0xE0, 0xE3, 0x07, 0x00, 0xC3, 0xE5, 0x02, 0x20, 0xC3, 0xE5,
	0x03, 0x10, 0xC3, 0xE5, 0x00, 0x20, 0xC3, 0xE5, 0x01, 0x10, 0xC3, 0xE5,
	0x0F, 0x00, 0xC3, 0xE5, 0x00, 0x04, 0xBD, 0xE8, 0x1E, 0xFF, 0x2F, 0xE1,
	0xA8, 0x35, 0x00, 0x00, 0x74, 0x00, 0x00, 0x00, 0xF0, 0x4F, 0x2D, 0xE9,
	0x6C, 0xA1, 0x9F, 0xE5, 0x6C, 0x01, 0x9F, 0xE5, 0x0A, 0xA0, 0x8F, 0xE0,
	0x00, 0x20, 0x9A, 0xE7, 0x00, 0x30, 0xD2, 0xE5, 0xFF, 0x00, 0x53, 0xE3,
	0x0C, 0xD0, 0x4D, 0xE2, 0x45, 0x00, 0x00, 0x0A, 0x55, 0x00, 0x53, 0xE3,
	0x07, 0x00, 0x00, 0x0A, 0x00, 0x30, 0x9A, 0xE7, 0x02, 0x20, 0xD3, 0xE5,
	0x55, 0x00, 0x52, 0xE3, 0x03, 0x00, 0x00, 0x0A, 0xFE, 0x00, 0xA0, 0xE3,
	0x0C, 0xD0, 0x8D, 0xE2, 0xF0, 0x4F, 0xBD, 0xE8, 0x1E, 0xFF, 0x2F, 0xE1,
	0x00, 0x20, 0x9A, 0xE7, 0x01, 0x30, 0xD2, 0xE5, 0xAA, 0x00, 0x53, 0xE3,
	0x02, 0x00, 0x00, 0x0A, 0x03, 0x30, 0xD2, 0xE5, 0xAA, 0x00, 0x53, 0xE3,
	0xF4, 0xFF, 0xFF, 0x1A, 0x0F, 0x10, 0xD2, 0xE5, 0x0B, 0x30, 0xD2, 0xE5,
	0x01, 0x00, 0x53, 0xE1, 0x02, 0x00, 0x00, 0x0A, 0x07, 0x30, 0xD2, 0xE5,
	0x01, 0x00, 0x53, 0xE1, 0x0B, 0x30, 0xC2, 0x05, 0x00, 0x20, 0x9A, 0xE7,
	0x0B, 0x30, 0xD2, 0xE5, 0xFF, 0x00, 0x53, 0xE3, 0xE9, 0xFF, 0xFF, 0x0A,
	0x02, 0x80, 0xA0, 0xE1, 0x02, 0x70, 0xA0, 0xE1, 0x00, 0x10, 0xA0, 0xE3,
	0x02, 0x90, 0xA0, 0xE1, 0x0A, 0x00, 0x81, 0xE3, 0x10, 0x30, 0x81, 0xE2,
	0x08, 0xE0, 0x81, 0xE3, 0x0C, 0x20, 0x81, 0xE3, 0x09, 0x50, 0x81, 0xE3,
	0x04, 0x00, 0x8D, 0xE5, 0x0D, 0xC0, 0x81, 0xE3, 0x0E, 0x60, 0x81, 0xE3,
	0x04, 0x00, 0x81, 0xE3, 0x05, 0x40, 0x81, 0xE3, 0x06, 0xB0, 0x81, 0xE3,
	0x02, 0x20, 0xD8, 0xE7, 0xFF, 0x10, 0x03, 0xE2, 0x0E, 0x30, 0xD8, 0xE7,
	0x02, 0x00, 0x53, 0xE1, 0x02, 0x00, 0x00, 0x0A, 0x00, 0x30, 0xD8, 0xE7,
	0x02, 0x00, 0x53, 0xE1, 0x0E, 0x30, 0xC8, 0x07, 0x0C, 0x20, 0xD7, 0xE7,
	0x05, 0x30, 0xD7, 0xE7, 0x02, 0x00, 0x53, 0xE1, 0x02, 0x00, 0x00, 0x0A,
	0x04, 0x30, 0xD7, 0xE7, 0x02, 0x00, 0x53, 0xE1, 0x05, 0x30, 0xC7, 0x07,
	0x04, 0x00, 0x9D, 0xE5, 0x06, 0x20, 0xD9, 0xE7, 0x00, 0x30, 0xD9, 0xE7,
	0x02, 0x00, 0x53, 0xE1, 0x02, 0x00, 0x00, 0x0A, 0x0B, 0x30, 0xD9, 0xE7,
	0x02, 0x00, 0x53, 0xE1, 0x00, 0x30, 0xC9, 0x07, 0x40, 0x00, 0x51, 0xE3,
	0xDB, 0xFF, 0xFF, 0x1A, 0x00, 0x00, 0xA0, 0xE3, 0xC0, 0xFF, 0xFF, 0xEA,
	0x02, 0x30, 0xD2, 0xE5, 0xFF, 0x00, 0x53, 0xE3, 0xB8, 0xFF, 0xFF, 0x1A,
	0x0F, 0x10, 0xD2, 0xE5, 0x0B, 0x30, 0xD2, 0xE5, 0x01, 0x00, 0x53, 0xE1,
	0x02, 0x00, 0x00, 0x0A, 0x07, 0x30, 0xD2, 0xE5, 0x01, 0x00, 0x53, 0xE1,
	0x0B, 0x30, 0xC2, 0x05, 0x00, 0x30, 0x9A, 0xE7, 0x0B, 0x00, 0xD3, 0xE5,
	0xFF, 0x00, 0x50, 0xE3, 0xB1, 0xFF, 0xFF, 0x1A, 0xB1, 0xFF, 0xFF, 0xEA,
	0x60, 0x35, 0x00, 0x00, 0x74, 0x00, 0x00, 0x00, 0x04, 0xA0, 0x2D, 0xE5,
	0x58, 0xA0, 0x9F, 0xE5, 0x58, 0x30, 0x9F, 0xE5, 0x0A, 0xA0, 0x8F, 0xE0,
	0x03, 0x20, 0x9A, 0xE7, 0x50, 0x30, 0x9F, 0xE5, 0xB0, 0x10, 0xD2, 0xE1,
	0x03, 0x20, 0x9A, 0xE7, 0x48, 0x30, 0x9F, 0xE5, 0x01, 0xC0, 0xD2, 0xE7,
	0x03, 0x20, 0x9A, 0xE7, 0x00, 0x20, 0x92, 0xE5, 0x0C, 0x00, 0xA0, 0xE1,
	0x02, 0x30, 0xD0, 0xE7, 0xFF, 0x00, 0x53, 0xE3, 0x01, 0x10, 0x80, 0xE2,
	0x05, 0x00, 0x00, 0x0A, 0xFF, 0x00, 0x01, 0xE2, 0x3F, 0x00, 0x50, 0xE3,
	0x00, 0x00, 0xA0, 0x83, 0x0C, 0x00, 0x50, 0xE1, 0xF6, 0xFF, 0xFF, 0x1A,
	0x00, 0x00, 0xA0, 0xE3, 0x00, 0x04, 0xBD, 0xE8, 0x1E, 0xFF, 0x2F, 0xE1,
	0xE0, 0x33, 0x00, 0x00, 0x40, 0x00, 0x00, 0x00, 0x6C, 0x00, 0x00, 0x00,
	0x54, 0x00, 0x00, 0x00, 0x10, 0x44, 0x2D, 0xE9, 0x6C, 0xA0, 0x9F, 0xE5,
	0x6C, 0x30, 0x9F, 0xE5, 0x6C, 0x20, 0x9F, 0xE5, 0x0A, 0xA0, 0x8F, 0xE0,
	0x03, 0xC0, 0x9A, 0xE7, 0x02, 0x30, 0x9A, 0xE7, 0x00, 0x20, 0xDC, 0xE5,
	0x00, 0x10, 0x93, 0xE5, 0x00, 0x40, 0xA0, 0xE3, 0x01, 0x40, 0xC2, 0xE7,
	0x50, 0x30, 0x9F, 0xE5, 0x50, 0x20, 0x9F, 0xE5, 0x03, 0xE0, 0x9A, 0xE7,
	0x02, 0x30, 0x9A, 0xE7, 0x00, 0x20, 0xDE, 0xE5, 0x00, 0x00, 0x93, 0xE5,
	0x00, 0x30, 0xDC, 0xE5, 0x00, 0x30, 0xC2, 0xE7, 0x38, 0x30, 0x9F, 0xE5,
	0x03, 0x20, 0x9A, 0xE7, 0x34, 0x30, 0x9F, 0xE5, 0x00, 0x40, 0xC2, 0xE5,
	0x03, 0x20, 0x9A, 0xE7, 0x00, 0x10, 0xE0, 0xE3, 0x00, 0x10, 0xCE, 0xE5,
	0x00, 0x10, 0xCC, 0xE5, 0x00, 0x10, 0xC2, 0xE5, 0x10, 0x44, 0xBD, 0xE8,
	0x1E, 0xFF, 0x2F, 0xE1, 0x68, 0x33, 0x00, 0x00, 0xE4, 0x00, 0x00, 0x00,
	0x54, 0x00, 0x00, 0x00, 0xEC, 0x00, 0x00, 0x00, 0xB8, 0x00, 0x00, 0x00,
	0x4C, 0x00, 0x00, 0x00, 0x44, 0x00, 0x00, 0x00, 0x04, 0xE0, 0x2D, 0xE5,
	0x04, 0xD0, 0x4D, 0xE2, 0x41, 0xFB, 0xFF, 0xEB, 0x40, 0x00, 0x10, 0xE3,
	0x08, 0x00, 0x00, 0x0A, 0x80, 0x00, 0x10, 0xE3, 0x03, 0x30, 0xA0, 0xE3,
	0x03, 0x00, 0x00, 0x1A, 0x03, 0x00, 0xA0, 0xE1, 0x04, 0xD0, 0x8D, 0xE2,
	0x04, 0xE0, 0x9D, 0xE4, 0x1E, 0xFF, 0x2F, 0xE1, 0x01, 0x30, 0x10, 0xE2,
	0xF9, 0xFF, 0xFF, 0x0A, 0x02, 0x30, 0xA0, 0xE3, 0xF7, 0xFF, 0xFF, 0xEA,
	0xF0, 0x4F, 0x2D, 0xE9, 0x38, 0xA3, 0x9F, 0xE5, 0x01, 0x00, 0x40, 0xE2,
	0x0A, 0xA0, 0x8F, 0xE0, 0x0C, 0xD0, 0x4D, 0xE2, 0x0A, 0x00, 0x50, 0xE3,
	0x00, 0xF1, 0x8F, 0x90, 0x2C, 0x00, 0x00, 0xEA, 0x48, 0x00, 0x00, 0xEA,
	0x2D, 0x00, 0x00, 0xEA, 0xB2, 0x00, 0x00, 0xEA, 0x96, 0x00, 0x00, 0xEA,
	0x89, 0x00, 0x00, 0xEA, 0x7B, 0x00, 0x00, 0xEA, 0x78, 0x00, 0x00, 0xEA,
	0x45, 0x00, 0x00, 0xEA, 0x01, 0x00, 0x00, 0xEA, 0x3F, 0x00, 0x00, 0xEA,
	0x36, 0x00, 0x00, 0xEA, 0xF4, 0x02, 0x9F, 0xE5, 0xF4, 0xB2, 0x9F, 0xE5,
	0x00, 0x30, 0x9A, 0xE7, 0x0B, 0x10, 0x9A, 0xE7, 0x00, 0x20, 0xD3, 0xE5,
	0x02, 0x3C, 0x81, 0xE2, 0x82, 0x24, 0xA0, 0xE1, 0x03, 0x30, 0x82, 0xE0,
	0x01, 0x20, 0x82, 0xE0, 0x03, 0x00, 0x52, 0xE1, 0x03, 0x00, 0x00, 0x2A,
	0x00, 0x10, 0xE0, 0xE3, 0x04, 0x10, 0x82, 0xE4, 0x02, 0x00, 0x53, 0xE1,
	0xFC, 0xFF, 0xFF, 0x8A, 0x00, 0x40, 0x9A, 0xE7, 0x0B, 0x00, 0x9A, 0xE7,
	0x00, 0x10, 0xD4, 0xE5, 0x81, 0x04, 0x80, 0xE0, 0xC3, 0xFB, 0xFF, 0xEB,
	0xAC, 0x32, 0x9F, 0xE5, 0x00, 0x10, 0xD4, 0xE5, 0x03, 0x20, 0x9A, 0xE7,
	0x00, 0x30, 0xE0, 0xE3, 0x01, 0x22, 0x82, 0xE0, 0x06, 0x30, 0xC2, 0xE5,
	0x08, 0x30, 0xC2, 0xE5, 0x0C, 0x30, 0xC2, 0xE5, 0x04, 0x30, 0xC2, 0xE5,
	0x09, 0x30, 0xC2, 0xE5, 0x0D, 0x30, 0xC2, 0xE5, 0x05, 0x30, 0xC2, 0xE5,
	0x0A, 0x30, 0xC2, 0xE5, 0x0E, 0x30, 0xC2, 0xE5, 0x0C, 0xD0, 0x8D, 0xE2,
	0xF0, 0x4F, 0xBD, 0xE8, 0x1E, 0xFF, 0x2F, 0xE1, 0x6C, 0x32, 0x9F, 0xE5,
	0x5C, 0x22, 0x9F, 0xE5, 0x03, 0x60, 0x9A, 0xE7, 0x02, 0x40, 0x9A, 0xE7,
	0x04, 0x50, 0x8D, 0xE2, 0x00, 0x00, 0x96, 0xE5, 0x00, 0x10, 0xD4, 0xE5,
	0x05, 0x20, 0xA0, 0xE1, 0xFE, 0xFB, 0xFF, 0xEB, 0x44, 0x02, 0x9F, 0xE5,
	0x00, 0x00, 0x9A, 0xE7, 0x00, 0x30, 0xD4, 0xE5, 0x08, 0x00, 0x80, 0xE2,
	0x03, 0x02, 0x80, 0xE0, 0x05, 0x10, 0xA0, 0xE1, 0x00, 0x20, 0x96, 0xE5,
	0x5D, 0xFE, 0xFF, 0xEB, 0xEA, 0xFF, 0xFF, 0xEA, 0x24, 0x32, 0x9F, 0xE5,
	0x03, 0x20, 0x9A, 0xE7, 0x10, 0x32, 0x9F, 0xE5, 0x00, 0x00, 0x92, 0xE5,
	0x03, 0x20, 0x9A, 0xE7, 0x00, 0x10, 0xD2, 0xE5, 0x0F, 0xFB, 0xFF, 0xEB,
	0xE2, 0xFF, 0xFF, 0xEA, 0x00, 0x32, 0x9F, 0xE5, 0x03, 0x00, 0x9A, 0xE7,
	0xED, 0xFA, 0xFF, 0xEB, 0xDE, 0xFF, 0xFF, 0xEA, 0xEC, 0xB1, 0x9F, 0xE5,
	0x0B, 0x30, 0x9A, 0xE7, 0x02, 0x1C, 0x83, 0xE2, 0x01, 0x00, 0x53, 0xE1,
	0x03, 0x00, 0x00, 0x2A, 0x00, 0x20, 0xE0, 0xE3, 0x04, 0x20, 0x83, 0xE4,
	0x01, 0x00, 0x53, 0xE1, 0xFC, 0xFF, 0xFF, 0x3A, 0xCC, 0x31, 0x9F, 0xE5,
	0x03, 0x90, 0x9A, 0xE7, 0x00, 0x70, 0xA0, 0xE3, 0x00, 0x80, 0xE0, 0xE3,
	0x08, 0x30, 0x87, 0xE3, 0x0C, 0x20, 0x87, 0xE3, 0x04, 0x10, 0x87, 0xE3,
	0x09, 0x00, 0x87, 0xE3, 0x0D, 0xC0, 0x87, 0xE3, 0x05, 0xE0, 0x87, 0xE3,
	0x0A, 0x40, 0x87, 0xE3, 0x0E, 0x50, 0x87, 0xE3, 0x06, 0x60, 0x87, 0xE3,
	0x10, 0x70, 0x87, 0xE2, 0x40, 0x00, 0x57, 0xE3, 0x03, 0x80, 0xC9, 0xE7,
	0x02, 0x80, 0xC9, 0xE7, 0x01, 0x80, 0xC9, 0xE7, 0x00, 0x80, 0xC9, 0xE7,
	0x0C, 0x80, 0xC9, 0xE7, 0x0E, 0x80, 0xC9, 0xE7, 0x04, 0x80, 0xC9, 0xE7,
	0x05, 0x80, 0xC9, 0xE7, 0x06, 0x80, 0xC9, 0xE7, 0xEA, 0xFF, 0xFF, 0x1A,
	0x0B, 0x40, 0x9A, 0xE7, 0x00, 0x10, 0xA0, 0xE3, 0x04, 0x00, 0xA0, 0xE1,
	0x6E, 0xFB, 0xFF, 0xEB, 0x04, 0x00, 0xA0, 0xE1, 0x01, 0x10, 0xA0, 0xE3,
	0x6B, 0xFB, 0xFF, 0xEB, 0x04, 0x00, 0xA0, 0xE1, 0x02, 0x10, 0xA0, 0xE3,
	0x68, 0xFB, 0xFF, 0xEB, 0x04, 0x00, 0xA0, 0xE1, 0x03, 0x10, 0xA0, 0xE3,
	0x65, 0xFB, 0xFF, 0xEB, 0x09, 0x00, 0xA0, 0xE1, 0x2F, 0xFB, 0xFF, 0xEB,
	0xAC, 0xFF, 0xFF, 0xEA, 0xA1, 0xFB, 0xFF, 0xEB, 0xAA, 0xFF, 0xFF, 0xEA,
	0x18, 0x31, 0x9F, 0xE5, 0x1C, 0x21, 0x9F, 0xE5, 0x03, 0x10, 0x9A, 0xE7,
	0x10, 0x31, 0x9F, 0xE5, 0x02, 0x20, 0x9A, 0xE7, 0x00, 0xC0, 0xD1, 0xE5,
	0x03, 0x00, 0x9A, 0xE7, 0x08, 0x20, 0x82, 0xE2, 0x0C, 0x10, 0xA0, 0xE1,
	0x8C, 0x04, 0x80, 0xE0, 0x0C, 0x22, 0x82, 0xE0, 0x84, 0xFC, 0xFF, 0xEB,
	0x9D, 0xFF, 0xFF, 0xEA, 0xE4, 0x30, 0x9F, 0xE5, 0xE8, 0x20, 0x9F, 0xE5,
	0x03, 0x00, 0x9A, 0xE7, 0xE8, 0x30, 0x9F, 0xE5, 0x02, 0x20, 0x9A, 0xE7,
	0x00, 0x10, 0xD0, 0xE5, 0x03, 0xC0, 0x9A, 0xE7, 0x08, 0x20, 0x82, 0xE2,
	0x00, 0x00, 0x9C, 0xE5, 0x01, 0x22, 0x82, 0xE0, 0x78, 0xFC, 0xFF, 0xEB,
	0x91, 0xFF, 0xFF, 0xEA, 0xBC, 0x30, 0x9F, 0xE5, 0x03, 0xE0, 0x9A, 0xE7,
	0x00, 0xC0, 0xA0, 0xE3, 0x08, 0x30, 0x8C, 0xE3, 0x03, 0x00, 0xDE, 0xE7,
	0x0C, 0x20, 0x8C, 0xE3, 0x04, 0x10, 0x8C, 0xE3, 0x02, 0x00, 0xCE, 0xE7,
	0x01, 0x00, 0xCE, 0xE7, 0x09, 0x30, 0x8C, 0xE3, 0x03, 0x00, 0xDE, 0xE7,
	0x0D, 0x20, 0x8C, 0xE3, 0x05, 0x10, 0x8C, 0xE3, 0x02, 0x00, 0xCE, 0xE7,
	0x01, 0x00, 0xCE, 0xE7, 0x0A, 0x30, 0x8C, 0xE3, 0x03, 0x20, 0xDE, 0xE7,
	0x0E, 0x10, 0x8C, 0xE3, 0x06, 0x30, 0x8C, 0xE3, 0x10, 0xC0, 0x8C, 0xE2,
	0x40, 0x00, 0x5C, 0xE3, 0x01, 0x20, 0xCE, 0xE7, 0x03, 0x20, 0xCE, 0xE7,
	0xEA, 0xFF, 0xFF, 0x1A, 0x0E, 0x00, 0xA0, 0xE1, 0xF9, 0xFA, 0xFF, 0xEB,
	0x76, 0xFF, 0xFF, 0xEA, 0x48, 0x30, 0x9F, 0xE5, 0x48, 0x20, 0x9F, 0xE5,
	0x03, 0x40, 0x9A, 0xE7, 0x02, 0x50, 0x9A, 0xE7, 0x00, 0x00, 0xD4, 0xE5,
	0x04, 0x60, 0x8D, 0xE2, 0x00, 0x10, 0xA0, 0xE1, 0x06, 0x20, 0xA0, 0xE1,
	0x80, 0x04, 0x85, 0xE0, 0x77, 0xFB, 0xFF, 0xEB, 0x28, 0x00, 0x9F, 0xE5,
	0x00, 0x00, 0x9A, 0xE7, 0x00, 0x30, 0xD4, 0xE5, 0x08, 0x00, 0x80, 0xE2,
	0x83, 0x24, 0x85, 0xE0, 0x03, 0x02, 0x80, 0xE0, 0x06, 0x10, 0xA0, 0xE1,
	0xD6, 0xFD, 0xFF, 0xEB, 0x63, 0xFF, 0xFF, 0xEA, 0x98, 0x32, 0x00, 0x00,
	0xD4, 0x00, 0x00, 0x00, 0xAC, 0x00, 0x00, 0x00, 0x74, 0x00, 0x00, 0x00,
	0xA4, 0x00, 0x00, 0x00, 0x18, 0x00, 0x00, 0x00, 0xF0, 0x47, 0x2D, 0xE9,
	0xDC, 0xA0, 0x9F, 0xE5, 0xDC, 0x30, 0x9F, 0xE5, 0x0A, 0xA0, 0x8F, 0xE0,
	0x03, 0x40, 0x9A, 0xE7, 0xD4, 0x30, 0x9F, 0xE5, 0x03, 0x20, 0x9A, 0xE7,
	0xB0, 0x00, 0xD4, 0xE1, 0x00, 0x10, 0x92, 0xE5, 0x20, 0x02, 0xA0, 0xE1,
	0x80, 0x05, 0x81, 0xE0, 0x35, 0xFE, 0xFF, 0xEB, 0x01, 0x00, 0xA0, 0xE3,
	0x1A, 0xFF, 0xFF, 0xEB, 0x67, 0xFE, 0xFF, 0xEB, 0x00, 0x90, 0x50, 0xE2,
	0x04, 0x00, 0x00, 0x1A, 0xA8, 0x30, 0x9F, 0xE5, 0x03, 0x20, 0x9A, 0xE7,
	0x0B, 0x10, 0xD2, 0xE5, 0xAB, 0x00, 0x51, 0xE3, 0x01, 0x00, 0x00, 0x0A,
	0xF0, 0x47, 0xBD, 0xE8, 0x1E, 0xFF, 0x2F, 0xE1, 0xB0, 0x30, 0xD4, 0xE1,
	0x8C, 0x20, 0x9F, 0xE5, 0x0F, 0x30, 0x03, 0xE2, 0x02, 0x10, 0x9A, 0xE7,
	0x43, 0x31, 0xA0, 0xE1, 0x00, 0x30, 0xC1, 0xE5, 0x03, 0x00, 0x80, 0xE2,
	0x08, 0xFF, 0xFF, 0xEB, 0x74, 0x30, 0x9F, 0xE5, 0x03, 0x20, 0x9A, 0xE7,
	0x70, 0x30, 0x9F, 0xE5, 0x00, 0x80, 0x92, 0xE5, 0x03, 0x70, 0x9A, 0xE7,
	0x68, 0x20, 0x9F, 0xE5, 0x68, 0x30, 0x9F, 0xE5, 0xB0, 0x10, 0xD4, 0xE1,
	0x02, 0x60, 0x9A, 0xE7, 0x03, 0x20, 0x9A, 0xE7, 0x0F, 0x10, 0x01, 0xE2,
	0x81, 0x53, 0x82, 0xE0, 0x09, 0x40, 0xA0, 0xE1, 0xB5, 0x30, 0x94, 0xE1,
	0x00, 0x20, 0x97, 0xE5, 0x03, 0x04, 0xA0, 0xE1, 0x00, 0x10, 0xD6, 0xE5,
	0x23, 0x04, 0x80, 0xE1, 0x00, 0x08, 0x62, 0xE0, 0x81, 0x15, 0xA0, 0xE1,
	0x3B, 0x0B, 0x00, 0xEB, 0x84, 0x00, 0x88, 0xE7, 0x02, 0x40, 0x84, 0xE2,
	0x80, 0x00, 0x54, 0xE3, 0xF3, 0xFF, 0xFF, 0x1A, 0xDB, 0xFF, 0xFF, 0xEA,
	0x3C, 0x2F, 0x00, 0x00, 0x40, 0x00, 0x00, 0x00, 0xF8, 0x00, 0x00, 0x00,
	0x74, 0x00, 0x00, 0x00, 0xD4, 0x00, 0x00, 0x00, 0x28, 0x00, 0x00, 0x00,
	0x58, 0x00, 0x00, 0x00, 0x68, 0x00, 0x00, 0x00, 0xAC, 0x00, 0x00, 0x00,
	0xF0, 0x44, 0x2D, 0xE9, 0x84, 0xA0, 0x9F, 0xE5, 0x84, 0x60, 0x9F, 0xE5,
	0x0A, 0xA0, 0x8F, 0xE0, 0x06, 0x30, 0x9A, 0xE7, 0x00, 0x10, 0x93, 0xE5,
	0x78, 0x20, 0x9F, 0xE5, 0x78, 0x30, 0x9F, 0xE5, 0x02, 0x50, 0x9A, 0xE7,
	0x03, 0x70, 0x9A, 0xE7, 0x01, 0x46, 0x41, 0xE2, 0x0A, 0x00, 0x00, 0xEA,
	0xF1, 0xFD, 0xFF, 0xEB, 0x0A, 0x00, 0xA0, 0xE3, 0xD6, 0xFE, 0xFF, 0xEB,
	0x23, 0xFE, 0xFF, 0xEB, 0x00, 0x00, 0x50, 0xE3, 0x02, 0x00, 0x00, 0x1A,
	0x0B, 0x30, 0xD7, 0xE5, 0xAB, 0x00, 0x53, 0xE3, 0x09, 0x00, 0x00, 0x0A,
	0x00, 0x30, 0xD5, 0xE5, 0x83, 0x45, 0x84, 0xE0, 0x06, 0x30, 0x9A, 0xE7,
	0x00, 0x20, 0x93, 0xE5, 0x02, 0x00, 0x54, 0xE1, 0x04, 0x00, 0xA0, 0xE1,
	0xEF, 0xFF, 0xFF, 0x1A, 0x00, 0x00, 0xA0, 0xE3, 0xF0, 0x44, 0xBD, 0xE8,
	0x1E, 0xFF, 0x2F, 0xE1, 0x1C, 0x30, 0x9F, 0xE5, 0x03, 0x20, 0x9A, 0xE7,
	0x01, 0x00, 0xA0, 0xE3, 0x00, 0x40, 0x82, 0xE5, 0xF8, 0xFF, 0xFF, 0xEA,
	0x30, 0x2E, 0x00, 0x00, 0x58, 0x00, 0x00, 0x00, 0x68, 0x00, 0x00, 0x00,
	0x74, 0x00, 0x00, 0x00, 0xF8, 0x00, 0x00, 0x00, 0x00, 0x44, 0x2D, 0xE9,
	0x44, 0xA0, 0x9F, 0xE5, 0x44, 0x30, 0x9F, 0xE5, 0x0A, 0xA0, 0x8F, 0xE0,
	0x03, 0x20, 0x9A, 0xE7, 0x3C, 0x30, 0x9F, 0xE5, 0x00, 0xC0, 0xD2, 0xE5,
	0x03, 0x20, 0x9A, 0xE7, 0x34, 0x30, 0x9F, 0xE5, 0x00, 0x10, 0xA0, 0xE1,
	0x00, 0x00, 0xD2, 0xE5, 0x03, 0x20, 0x9A, 0xE7, 0x0B, 0xC0, 0xC2, 0xE5,
	0xD1, 0xFD, 0xFF, 0xEB, 0xE9, 0xFD, 0xFF, 0xEB, 0x08, 0x00, 0xA0, 0xE3,
	0xAB, 0xFE, 0xFF, 0xEB, 0x9A, 0xFE, 0xFF, 0xEB, 0x00, 0x44, 0xBD, 0xE8,
	0x1E, 0xFF, 0x2F, 0xE1, 0x8C, 0x2D, 0x00, 0x00, 0xEC, 0x00, 0x00, 0x00,
	0xE4, 0x00, 0x00, 0x00, 0x74, 0x00, 0x00, 0x00, 0xF0, 0x4F, 0x2D, 0xE9,
	0x20, 0xA1, 0x9F, 0xE5, 0xFF, 0x00, 0x50, 0xE3, 0x0A, 0xA0, 0x8F, 0xE0,
	0x01, 0x80, 0xA0, 0xE1, 0x0C, 0xD0, 0x4D, 0xE2, 0x00, 0x70, 0xA0, 0xE1,
	0x02, 0x10, 0xA0, 0xE1, 0x3D, 0x00, 0x00, 0x0A, 0x03, 0x00, 0x52, 0xE1,
	0x3B, 0x00, 0x00, 0x2A, 0xFC, 0x20, 0x9F, 0xE5, 0x04, 0x20, 0x8D, 0xE5,
	0x03, 0x20, 0x61, 0xE0, 0x04, 0x30, 0x9D, 0xE5, 0x03, 0xB0, 0x9A, 0xE7,
	0xEC, 0x30, 0x9F, 0xE5, 0x02, 0x20, 0x81, 0xE0, 0x03, 0x90, 0x9A, 0xE7,
	0x00, 0xB0, 0x8D, 0xE5, 0x01, 0x50, 0xA0, 0xE1, 0xFF, 0x60, 0x02, 0xE2,
	0x05, 0x10, 0xA0, 0xE1, 0x07, 0x00, 0xA0, 0xE1, 0xAE, 0xFD, 0xFF, 0xEB,
	0x01, 0x00, 0xA0, 0xE3, 0x89, 0xFE, 0xFF, 0xEB, 0xD6, 0xFD, 0xFF, 0xEB,
	0xFF, 0x00, 0x50, 0xE3, 0x24, 0x00, 0x00, 0x0A, 0x04, 0x30, 0x9D, 0xE5,
	0x03, 0x20, 0x9A, 0xE7, 0x00, 0x30, 0xA0, 0xE3, 0x00, 0x30, 0xC2, 0xE5,
	0x0B, 0x40, 0xA0, 0xE1, 0x03, 0x00, 0xA0, 0xE3, 0x7F, 0xFE, 0xFF, 0xEB,
	0x00, 0x30, 0xD4, 0xE5, 0x01, 0x30, 0x83, 0xE2, 0xFF, 0x30, 0x03, 0xE2,
	0x03, 0x00, 0x53, 0xE3, 0x00, 0x30, 0xC4, 0xE5, 0xF7, 0xFF, 0xFF, 0x9A,
	0x08, 0x00, 0xA0, 0xE1, 0x05, 0x10, 0xA0, 0xE1, 0x99, 0xFD, 0xFF, 0xEB,
	0x00, 0x30, 0xA0, 0xE3, 0x00, 0x30, 0xC4, 0xE5, 0x00, 0x40, 0x9D, 0xE5,
	0x06, 0x00, 0xA0, 0xE3, 0x71, 0xFE, 0xFF, 0xEB, 0x00, 0x30, 0xD4, 0xE5,
	0x01, 0x30, 0x83, 0xE2, 0xFF, 0x30, 0x03, 0xE2, 0x03, 0x00, 0x53, 0xE3,
	0x00, 0x30, 0xC4, 0xE5, 0xF7, 0xFF, 0xFF, 0x9A, 0x4C, 0x30, 0x9F, 0xE5,
	0x03, 0x20, 0x9A, 0xE7, 0x00, 0x10, 0xD2, 0xE5, 0x0B, 0x10, 0xC9, 0xE5,
	0xA2, 0xFD, 0xFF, 0xEB, 0x04, 0x00, 0xA0, 0xE3, 0x64, 0xFE, 0xFF, 0xEB,
	0x53, 0xFE, 0xFF, 0xEB, 0x00, 0x00, 0x50, 0xE3, 0x04, 0x00, 0x00, 0x1A,
	0x01, 0x30, 0x85, 0xE2, 0xFF, 0x50, 0x03, 0xE2, 0x06, 0x00, 0x55, 0xE1,
	0xCE, 0xFF, 0xFF, 0x1A, 0x00, 0x00, 0xA0, 0xE3, 0x0C, 0xD0, 0x8D, 0xE2,
	0xF0, 0x4F, 0xBD, 0xE8, 0x1E, 0xFF, 0x2F, 0xE1, 0x2C, 0x2D, 0x00, 0x00,
	0xD4, 0x00, 0x00, 0x00, 0x74, 0x00, 0x00, 0x00, 0xEC, 0x00, 0x00, 0x00,
	0xF0, 0x44, 0x2D, 0xE9, 0xA8, 0xA0, 0x9F, 0xE5, 0xA8, 0x30, 0x9F, 0xE5,
	0x0A, 0xA0, 0x8F, 0xE0, 0x03, 0x00, 0x9A, 0xE7, 0xA0, 0x20, 0x9F, 0xE5,
	0xB0, 0x30, 0xD0, 0xE1, 0x02, 0x10, 0x9A, 0xE7, 0x98, 0x20, 0x9F, 0xE5,
	0x03, 0x40, 0xD1, 0xE7, 0x02, 0x50, 0x9A, 0xE7, 0x01, 0x70, 0xA0, 0xE1,
	0x00, 0x60, 0xA0, 0xE1, 0x00, 0x30, 0x95, 0xE5, 0x03, 0x20, 0xD4, 0xE7,
	0xFF, 0x00, 0x52, 0xE3, 0x04, 0x00, 0xA0, 0xE1, 0x00, 0x10, 0xA0, 0xE3,
	0x0A, 0x00, 0x00, 0x0A, 0x01, 0x20, 0x84, 0xE2, 0xB0, 0x30, 0xD6, 0xE1,
	0xFF, 0x40, 0x02, 0xE2, 0x3F, 0x00, 0x54, 0xE3, 0x03, 0x20, 0xD7, 0xE7,
	0x00, 0x40, 0xA0, 0x83, 0x04, 0x00, 0x52, 0xE1, 0xF1, 0xFF, 0xFF, 0x1A,
	0xFF, 0x00, 0xA0, 0xE3, 0xF0, 0x44, 0xBD, 0xE8, 0x1E, 0xFF, 0x2F, 0xE1,
	0x59, 0xFD, 0xFF, 0xEB, 0x07, 0x00, 0xA0, 0xE3, 0x34, 0xFE, 0xFF, 0xEB,
	0x23, 0xFE, 0xFF, 0xEB, 0x00, 0x00, 0x50, 0xE3, 0x00, 0x20, 0x95, 0x15,
	0x01, 0x30, 0xE0, 0x13, 0x02, 0x30, 0xC4, 0x17, 0xEB, 0xFF, 0xFF, 0x1A,
	0x00, 0x30, 0x95, 0xE5, 0x03, 0x00, 0xC4, 0xE7, 0xB0, 0x20, 0xD6, 0xE1,
	0x04, 0x00, 0xA0, 0xE1, 0x02, 0x40, 0xC7, 0xE7, 0xEE, 0xFF, 0xFF, 0xEA,
	0xF0, 0x2B, 0x00, 0x00, 0x40, 0x00, 0x00, 0x00, 0x6C, 0x00, 0x00, 0x00,
	0x54, 0x00, 0x00, 0x00, 0x30, 0x40, 0x2D, 0xE9, 0x00, 0x50, 0xA0, 0xE1,
	0x04, 0xD0, 0x4D, 0xE2, 0x02, 0x40, 0xA0, 0xE3, 0x00, 0x10, 0xA0, 0xE3,
	0x05, 0x00, 0xA0, 0xE1, 0x40, 0xFD, 0xFF, 0xEB, 0x07, 0x00, 0xA0, 0xE3,
	0x1B, 0xFE, 0xFF, 0xEB, 0x0A, 0xFE, 0xFF, 0xEB, 0x01, 0x30, 0x44, 0xE2,
	0x00, 0x00, 0x50, 0xE3, 0xFF, 0x40, 0x03, 0xE2, 0x01, 0x00, 0x00, 0x0A,
	0xFF, 0x00, 0x54, 0xE3, 0xF3, 0xFF, 0xFF, 0x1A, 0x04, 0xD0, 0x8D, 0xE2,
	0x30, 0x40, 0xBD, 0xE8, 0x1E, 0xFF, 0x2F, 0xE1, 0xF0, 0x47, 0x2D, 0xE9,
	0xF0, 0xA0, 0x9F, 0xE5, 0xF0, 0x30, 0x9F, 0xE5, 0x0A, 0xA0, 0x8F, 0xE0,
	0x03, 0x70, 0x9A, 0xE7, 0xE8, 0x20, 0x9F, 0xE5, 0xE8, 0x30, 0x9F, 0xE5,
	0x02, 0x80, 0x9A, 0xE7, 0x03, 0x60, 0x9A, 0xE7, 0x00, 0x50, 0xA0, 0xE1,
	0x02, 0x40, 0xA0, 0xE3, 0x00, 0x10, 0xA0, 0xE3, 0x05, 0x00, 0xA0, 0xE1,
	0x26, 0xFD, 0xFF, 0xEB, 0x0A, 0x00, 0xA0, 0xE3, 0x01, 0xFE, 0xFF, 0xEB,
	0x4E, 0xFD, 0xFF, 0xEB, 0xFE, 0x00, 0x50, 0xE3, 0x05, 0x00, 0xA0, 0xE1,
	0x06, 0x00, 0x00, 0x1A, 0x01, 0x30, 0x44, 0xE2, 0xFF, 0x40, 0x03, 0xE2,
	0xFF, 0x00, 0x54, 0xE3, 0xF2, 0xFF, 0xFF, 0x1A, 0xFE, 0x00, 0xA0, 0xE3,
	0xF0, 0x47, 0xBD, 0xE8, 0x1E, 0xFF, 0x2F, 0xE1, 0x00, 0x10, 0xD6, 0xE5,
	0x0B, 0x90, 0xD7, 0xE5, 0x16, 0xFD, 0xFF, 0xEB, 0x0A, 0x00, 0xA0, 0xE3,
	0xF1, 0xFD, 0xFF, 0xEB, 0x3E, 0xFD, 0xFF, 0xEB, 0xFE, 0x00, 0x50, 0xE3,
	0xF0, 0xFF, 0xFF, 0x0A, 0x0B, 0x30, 0xD7, 0xE5, 0x03, 0x00, 0x59, 0xE1,
	0x0A, 0x00, 0x00, 0x0A, 0xFF, 0x00, 0x53, 0xE3, 0xEF, 0xFF, 0xFF, 0x1A,
	0x00, 0x30, 0xD8, 0xE5, 0xFF, 0x00, 0x53, 0xE3, 0x0D, 0x00, 0x00, 0x0A,
	0x05, 0x00, 0xA0, 0xE1, 0xBF, 0xFF, 0xFF, 0xEB, 0x00, 0x00, 0x50, 0xE3,
	0xE8, 0xFF, 0xFF, 0x1A, 0xFF, 0x00, 0xA0, 0xE3, 0xE7, 0xFF, 0xFF, 0xEA,
	0xFF, 0x00, 0x59, 0xE3, 0xFB, 0xFF, 0xFF, 0x0A, 0x38, 0x30, 0x9F, 0xE5,
	0x03, 0x20, 0x9A, 0xE7, 0x00, 0x10, 0x92, 0xE5, 0x00, 0x00, 0xA0, 0xE3,
	0x01, 0x50, 0xC9, 0xE7, 0xDF, 0xFF, 0xFF, 0xEA, 0x24, 0x30, 0x9F, 0xE5,
	0x03, 0x20, 0x9A, 0xE7, 0xFA, 0x00, 0xA0, 0xE3, 0x00, 0x90, 0xC2, 0xE5,
	0x00, 0x50, 0xC8, 0xE5, 0xD9, 0xFF, 0xFF, 0xEA, 0xE0, 0x2A, 0x00, 0x00,
	0x74, 0x00, 0x00, 0x00, 0xE4, 0x00, 0x00, 0x00, 0xBC, 0x00, 0x00, 0x00,
	0xB8, 0x00, 0x00, 0x00, 0xEC, 0x00, 0x00, 0x00, 0xF0, 0x4F, 0x2D, 0xE9,
	0x94, 0xAC, 0x9F, 0xE5, 0x94, 0x3C, 0x9F, 0xE5, 0x0A, 0xA0, 0x8F, 0xE0,
	0x03, 0x90, 0x9A, 0xE7, 0x00, 0x20, 0xD9, 0xE5, 0x00, 0x00, 0x52, 0xE3,
	0x5C, 0xD0, 0x4D, 0xE2, 0x0B, 0x01, 0x00, 0x1A, 0x7C, 0x3C, 0x9F, 0xE5,
	0x03, 0x20, 0x9A, 0xE7, 0xB0, 0xB0, 0xD2, 0xE1, 0x00, 0x00, 0x5B, 0xE3,
	0xB7, 0x00, 0x00, 0x0A, 0x6C, 0xCC, 0x9F, 0xE5, 0x0C, 0x30, 0x9A, 0xE7,
	0xB0, 0x20, 0xD3, 0xE1, 0x0B, 0x00, 0x52, 0xE1, 0x0C, 0xC0, 0x8D, 0xE5,
	0x51, 0x02, 0x00, 0x0A, 0x58, 0xEC, 0x9F, 0xE5, 0x0E, 0x30, 0x9A, 0xE7,
	0xB0, 0x20, 0xD3, 0xE1, 0x0B, 0x00, 0x52, 0xE1, 0x08, 0xE0, 0x8D, 0xE5,
	0x95, 0x01, 0x00, 0x0A, 0x44, 0xCC, 0x9F, 0xE5, 0x14, 0xC0, 0x8D, 0xE5,
	0x0C, 0x30, 0x9A, 0xE7, 0x00, 0x20, 0xD3, 0xE5, 0x00, 0x00, 0x52, 0xE3,
	0xEA, 0x01, 0x00, 0x1A, 0x30, 0x2C, 0x9F, 0xE5, 0x30, 0x3C, 0x9F, 0xE5,
	0x30, 0xEC, 0x9F, 0xE5, 0x30, 0x0C, 0x9F, 0xE5, 0x30, 0x1C, 0x9F, 0xE5,
	0x18, 0x20, 0x8D, 0xE5, 0x1C, 0x30, 0x8D, 0xE5, 0x10, 0xE0, 0x8D, 0xE5,
	0x04, 0x00, 0x8D, 0xE5, 0x00, 0x10, 0x8D, 0xE5, 0x18, 0xC0, 0x9D, 0xE5,
	0x0E, 0x30, 0x9A, 0xE7, 0x1C, 0xE0, 0x9D, 0xE5, 0x00, 0x20, 0x9A, 0xE7,
	0x0C, 0x00, 0x9A, 0xE7, 0x0E, 0xC0, 0x9A, 0xE7, 0x00, 0xE0, 0xD3, 0xE5,
	0x00, 0x3C, 0x9F, 0xE5, 0x01, 0x10, 0x9A, 0xE7, 0x00, 0x40, 0xD2, 0xE5,
	0x03, 0x20, 0x9A, 0xE7, 0xF4, 0x3B, 0x9F, 0xE5, 0x00, 0x50, 0xD1, 0xE5,
	0x00, 0x40, 0xC2, 0xE5, 0x03, 0x20, 0x9A, 0xE7, 0xE8, 0x3B, 0x9F, 0xE5,
	0x00, 0x60, 0xD0, 0xE5, 0x00, 0x50, 0xC2, 0xE5, 0x03, 0x20, 0x9A, 0xE7,
	0xDC, 0x3B, 0x9F, 0xE5, 0x00, 0x10, 0xDC, 0xE5, 0x00, 0x60, 0xC2, 0xE5,
	0x03, 0x20, 0x9A, 0xE7, 0x00, 0x00, 0x5E, 0xE3, 0x00, 0x10, 0xC2, 0xE5,
	0xE9, 0x01, 0x00, 0x1A, 0xC4, 0x3B, 0x9F, 0xE5, 0xC4, 0x2B, 0x9F, 0xE5,
	0x03, 0x60, 0x9A, 0xE7, 0xC0, 0x3B, 0x9F, 0xE5, 0x20, 0x20, 0x8D, 0xE5,
	0x03, 0x20, 0x9A, 0xE7, 0xB8, 0x3B, 0x9F, 0xE5, 0x00, 0x70, 0xD2, 0xE5,
	0x03, 0x20, 0x9A, 0xE7, 0xB0, 0x3B, 0x9F, 0xE5, 0x00, 0x80, 0xD2, 0xE5,
	0x03, 0x20, 0x9A, 0xE7, 0xA8, 0x3B, 0x9F, 0xE5, 0x00, 0x20, 0xD2, 0xE5,
	0x30, 0x20, 0x8D, 0xE5, 0x03, 0x20, 0x9A, 0xE7, 0x08, 0x30, 0x9D, 0xE5,
	0x00, 0x20, 0xD2, 0xE5, 0x03, 0x30, 0x9A, 0xE7, 0x10, 0xC0, 0x9D, 0xE5,
	0x20, 0xE0, 0x9D, 0xE5, 0x0C, 0xC0, 0x9A, 0xE7, 0x04, 0x10, 0x9D, 0xE5,
	0x2C, 0x20, 0x8D, 0xE5, 0x28, 0x30, 0x8D, 0xE5, 0x00, 0x20, 0x9D, 0xE5,
	0x18, 0x30, 0x9D, 0xE5, 0x0E, 0x00, 0x9A, 0xE7, 0x03, 0x40, 0x9A, 0xE7,
	0x02, 0xE0, 0x9A, 0xE7, 0x24, 0xC0, 0x8D, 0xE5, 0x60, 0x3B, 0x9F, 0xE5,
	0x01, 0xC0, 0x9A, 0xE7, 0x5C, 0x2B, 0x9F, 0xE5, 0x1C, 0x10, 0x9D, 0xE5,
	0x01, 0x50, 0x9A, 0xE7, 0x03, 0x10, 0x9A, 0xE7, 0x02, 0x30, 0x9A, 0xE7,
	0x4C, 0x2B, 0x9F, 0xE5, 0x00, 0x10, 0x83, 0xE5, 0x02, 0x30, 0x9A, 0xE7,
	0x44, 0x2B, 0x9F, 0xE5, 0x00, 0x30, 0x80, 0xE5, 0x02, 0x30, 0x9A, 0xE7,
	0x00, 0x30, 0x86, 0xE5, 0x00, 0x70, 0xCC, 0xE5, 0x00, 0x80, 0xCE, 0xE5,
	0x30, 0x20, 0x9D, 0xE5, 0x00, 0x20, 0xC4, 0xE5, 0x2C, 0x30, 0x9D, 0xE5,
	0x00, 0x30, 0xC5, 0xE5, 0x28, 0xC0, 0x9D, 0xE5, 0x24, 0xE0, 0x9D, 0xE5,
	0x01, 0x30, 0xA0, 0xE3, 0xB0, 0xB0, 0xCC, 0xE1, 0x00, 0x30, 0xCE, 0xE5,
	0x48, 0xFC, 0xFF, 0xEB, 0x04, 0x10, 0x9D, 0xE5, 0x00, 0x20, 0x9D, 0xE5,
	0x18, 0x30, 0x8D, 0xE2, 0x08, 0x40, 0x93, 0xE8, 0x01, 0x00, 0x9A, 0xE7,
	0x02, 0xC0, 0x9A, 0xE7, 0x0E, 0x10, 0x9A, 0xE7, 0x03, 0x20, 0x9A, 0xE7,
	0x00, 0x40, 0xA0, 0xE3, 0x00, 0x30, 0xE0, 0xE3, 0x00, 0x30, 0xC2, 0xE5,
	0x00, 0x30, 0xC0, 0xE5, 0x00, 0x30, 0xCC, 0xE5, 0x00, 0x40, 0xC1, 0xE5,
	0x17, 0xFE, 0xFF, 0xEB, 0xA4, 0x3A, 0x9F, 0xE5, 0x03, 0x60, 0x9A, 0xE7,
	0x04, 0x50, 0xA0, 0xE1, 0xFF, 0x00, 0x05, 0xE2, 0x00, 0x40, 0x96, 0xE5,
	0x28, 0xFF, 0xFF, 0xEB, 0x04, 0x00, 0xC5, 0xE7, 0x01, 0x50, 0x85, 0xE2,
	0x40, 0x00, 0x55, 0xE3, 0xF8, 0xFF, 0xFF, 0x1A, 0x04, 0x00, 0x9D, 0xE5,
	0x00, 0x30, 0x9A, 0xE7, 0x00, 0x20, 0xD3, 0xE5, 0xFF, 0x00, 0x52, 0xE3,
	0x23, 0x00, 0x00, 0x0A, 0x18, 0x10, 0x9D, 0xE5, 0x20, 0x30, 0x9D, 0xE5,
	0x01, 0x20, 0x9A, 0xE7, 0x03, 0x10, 0x9A, 0xE7, 0x80, 0x5A, 0x9F, 0xE5,
	0x00, 0xC0, 0xD2, 0xE5, 0x00, 0x30, 0x91, 0xE5, 0x05, 0x00, 0x9A, 0xE7,
	0x03, 0x10, 0xDC, 0xE7, 0x00, 0xC0, 0x9D, 0xE5, 0x00, 0xE0, 0xD0, 0xE5,
	0x0C, 0x20, 0x9A, 0xE7, 0x00, 0x00, 0x5E, 0xE3, 0x00, 0x10, 0xC2, 0xE5,
	0x14, 0x00, 0x00, 0x0A, 0x00, 0x40, 0xA0, 0xE3, 0x04, 0xE0, 0x9D, 0xE5,
	0x0E, 0x30, 0x9A, 0xE7, 0x04, 0x10, 0xA0, 0xE1, 0x00, 0x00, 0xD3, 0xE5,
	0x3F, 0xFC, 0xFF, 0xEB, 0x0A, 0x00, 0xA0, 0xE3, 0x1A, 0xFD, 0xFF, 0xEB,
	0x67, 0xFC, 0xFF, 0xEB, 0x00, 0x00, 0x50, 0xE3, 0x1C, 0x00, 0x9D, 0x05,
	0x01, 0x30, 0x84, 0xE2, 0x01, 0x10, 0x84, 0xE2, 0x00, 0x30, 0x9A, 0x07,
	0xFF, 0x40, 0x01, 0x02, 0xFF, 0x40, 0x03, 0x12, 0x00, 0x40, 0xC3, 0x05,
	0x05, 0x30, 0x9A, 0xE7, 0x00, 0x20, 0xD3, 0xE5, 0x04, 0x00, 0x52, 0xE1,
	0xEB, 0xFF, 0xFF, 0x8A, 0x14, 0x10, 0x9D, 0xE5, 0x01, 0x20, 0x9A, 0xE7,
	0x01, 0x30, 0xA0, 0xE3, 0x00, 0x30, 0xC2, 0xE5, 0x5C, 0xD0, 0x8D, 0xE2,
	0xF0, 0x4F, 0xBD, 0xE8, 0x1E, 0xFF, 0x2F, 0xE1, 0x94, 0x39, 0x9F, 0xE5,
	0x03, 0x00, 0x9A, 0xE7, 0x00, 0x20, 0xD0, 0xE5, 0x00, 0x00, 0x52, 0xE3,
	0xF7, 0xFF, 0xFF, 0x0A, 0x8C, 0x39, 0x9F, 0xE5, 0x03, 0x20, 0x9A, 0xE7,
	0x00, 0x10, 0xD2, 0xE5, 0x00, 0x00, 0x51, 0xE3, 0x00, 0xB0, 0xC0, 0xE5,
	0xC0, 0x00, 0x00, 0x0A, 0x7C, 0xC9, 0x9F, 0xE5, 0x68, 0xE9, 0x9F, 0xE5,
	0x70, 0x39, 0x9F, 0xE5, 0x64, 0x09, 0x9F, 0xE5, 0x04, 0x30, 0x8D, 0xE5,
	0x1C, 0x00, 0x8D, 0xE5, 0x00, 0xC0, 0x8D, 0xE5, 0x18, 0xE0, 0x8D, 0xE5,
	0x03, 0x30, 0x9A, 0xE7, 0x0C, 0x20, 0x9A, 0xE7, 0x00, 0xC0, 0xD3, 0xE5,
	0x6C, 0x39, 0x9F, 0xE5, 0x0E, 0x10, 0x9A, 0xE7, 0x00, 0xE0, 0xD2, 0xE5,
	0x03, 0x20, 0x9A, 0xE7, 0x60, 0x39, 0x9F, 0xE5, 0x00, 0xC0, 0xC2, 0xE5,
	0x03, 0x20, 0x9A, 0xE7, 0x58, 0x39, 0x9F, 0xE5, 0x00, 0x40, 0xD1, 0xE5,
	0x00, 0xE0, 0xC2, 0xE5, 0x00, 0x00, 0x9A, 0xE7, 0x03, 0x20, 0x9A, 0xE7,
	0x48, 0x39, 0x9F, 0xE5, 0x00, 0x40, 0xC2, 0xE5, 0x00, 0x50, 0xD0, 0xE5,
	0x03, 0x20, 0x9A, 0xE7, 0x00, 0x50, 0xC2, 0xE5, 0x10, 0x39, 0x9F, 0xE5,
	0x03, 0x20, 0x9A, 0xE7, 0x0C, 0x39, 0x9F, 0xE5, 0x00, 0x40, 0xD2, 0xE5,
	0x03, 0x20, 0x9A, 0xE7, 0x04, 0x39, 0x9F, 0xE5, 0x00, 0x60, 0xD2, 0xE5,
	0x18, 0x20, 0x9D, 0xE5, 0x02, 0x70, 0x9A, 0xE7, 0x03, 0x20, 0x9A, 0xE7,
	0x1C, 0x30, 0x9D, 0xE5, 0x03, 0xE0, 0x9A, 0xE7, 0xEC, 0x38, 0x9F, 0xE5,
	0x04, 0x00, 0x9D, 0xE5, 0x00, 0xC0, 0xD2, 0xE5, 0x03, 0x20, 0x9A, 0xE7,
	0x00, 0x10, 0x9D, 0xE5, 0x00, 0x80, 0x9A, 0xE7, 0x04, 0x39, 0x9F, 0xE5,
	0x00, 0x00, 0xD2, 0xE5, 0xEC, 0x28, 0x9F, 0xE5, 0x01, 0x50, 0x9A, 0xE7,
	0x03, 0x10, 0x9A, 0xE7, 0x02, 0x30, 0x9A, 0xE7, 0xF0, 0x28, 0x9F, 0xE5,
	0x00, 0x10, 0x83, 0xE5, 0xBC, 0x38, 0x9F, 0xE5, 0x02, 0x10, 0x9A, 0xE7,
	0x03, 0x20, 0x9A, 0xE7, 0xE0, 0x38, 0x9F, 0xE5, 0x00, 0x10, 0x82, 0xE5,
	0xA4, 0x28, 0x9F, 0xE5, 0x03, 0x10, 0x9A, 0xE7, 0x02, 0x30, 0x9A, 0xE7,
	0x00, 0x40, 0xC8, 0xE5, 0x00, 0x10, 0x83, 0xE5, 0x00, 0x60, 0xC5, 0xE5,
	0x00, 0xC0, 0xC7, 0xE5, 0x00, 0x00, 0xCE, 0xE5, 0xAD, 0xFF, 0xFF, 0xEA,
	0x80, 0x38, 0x9F, 0xE5, 0x03, 0x30, 0x9A, 0xE7, 0x60, 0x18, 0x9F, 0xE5,
	0x54, 0x30, 0x8D, 0xE5, 0x74, 0x08, 0x9F, 0xE5, 0x58, 0x28, 0x9F, 0xE5,
	0x44, 0xC8, 0x9F, 0xE5, 0x44, 0xE8, 0x9F, 0xE5, 0x50, 0x38, 0x9F, 0xE5,
	0x20, 0x00, 0x8D, 0xE5, 0x00, 0x20, 0x8D, 0xE5, 0x04, 0x10, 0x8D, 0xE5,
	0x18, 0xC0, 0x8D, 0xE5, 0x1C, 0xE0, 0x8D, 0xE5, 0x03, 0x20, 0x9A, 0xE7,
	0x38, 0x38, 0x9F, 0xE5, 0x00, 0xE0, 0xD2, 0xE5, 0x03, 0x20, 0x9A, 0xE7,
	0x30, 0x38, 0x9F, 0xE5, 0x00, 0xB0, 0xD2, 0xE5, 0x03, 0x20, 0x9A, 0xE7,
	0x28, 0x38, 0x9F, 0xE5, 0x00, 0xC0, 0xD2, 0xE5, 0x03, 0x20, 0x9A, 0xE7,
	0x1C, 0x30, 0x9D, 0xE5, 0x00, 0x20, 0xD2, 0xE5, 0x00, 0x00, 0x9D, 0xE5,
	0x03, 0x60, 0x9A, 0xE7, 0x50, 0x20, 0x8D, 0xE5, 0xF0, 0x37, 0x9F, 0xE5,
	0x20, 0x20, 0x9D, 0xE5, 0x01, 0x70, 0x9A, 0xE7, 0x18, 0x10, 0x9D, 0xE5,
	0x00, 0x80, 0x9A, 0xE7, 0x02, 0x00, 0x9A, 0xE7, 0x03, 0x20, 0x9A, 0xE7,
	0x01, 0x50, 0x9A, 0xE7, 0x01, 0x10, 0xA0, 0xE3, 0x00, 0x10, 0xC2, 0xE5,
	0x10, 0x38, 0x9F, 0xE5, 0xFC, 0x27, 0x9F, 0xE5, 0x03, 0x10, 0x9A, 0xE7,
	0x02, 0x30, 0x9A, 0xE7, 0x04, 0x28, 0x9F, 0xE5, 0x00, 0x10, 0x83, 0xE5,
	0x02, 0x30, 0x9A, 0xE7, 0x00, 0x30, 0x80, 0xE5, 0x9C, 0x37, 0x9F, 0xE5,
	0x03, 0x20, 0x9A, 0xE7, 0x8C, 0x37, 0x9F, 0xE5, 0x00, 0x40, 0xA0, 0xE3,
	0x00, 0x40, 0xC9, 0xE5, 0x00, 0x40, 0xC2, 0xE5, 0x03, 0x20, 0x9A, 0xE7,
	0x7C, 0x37, 0x9F, 0xE5, 0xB0, 0x40, 0xC2, 0xE1, 0x03, 0x20, 0x9A, 0xE7,
	0xD0, 0x37, 0x9F, 0xE5, 0x54, 0x00, 0x9D, 0xE5, 0x00, 0xC0, 0xC5, 0xE5,
	0x00, 0xE0, 0xC7, 0xE5, 0x00, 0xB0, 0xC8, 0xE5, 0x50, 0x10, 0x9D, 0xE5,
	0xB0, 0x40, 0xC2, 0xE1, 0x03, 0x20, 0x9A, 0xE7, 0x00, 0x10, 0xC6, 0xE5,
	0x00, 0x20, 0x80, 0xE5, 0x6C, 0xFB, 0xFF, 0xEB, 0x00, 0x30, 0xE0, 0xE3,
	0x00, 0x30, 0xC5, 0xE5, 0x00, 0x40, 0xC6, 0xE5, 0x00, 0x30, 0xC7, 0xE5,
	0x00, 0x30, 0xC8, 0xE5, 0x44, 0xFD, 0xFF, 0xEB, 0x54, 0x60, 0x9D, 0xE5,
	0x04, 0x50, 0xA0, 0xE1, 0xFF, 0x00, 0x05, 0xE2, 0x00, 0x40, 0x96, 0xE5,
	0x56, 0xFE, 0xFF, 0xEB, 0x04, 0x00, 0xC5, 0xE7, 0x01, 0x50, 0x85, 0xE2,
	0x40, 0x00, 0x55, 0xE3, 0xF8, 0xFF, 0xFF, 0x1A, 0x04, 0x20, 0x9D, 0xE5,
	0x02, 0x30, 0x9A, 0xE7, 0x00, 0x20, 0xD3, 0xE5, 0xFF, 0x00, 0x52, 0xE3,
	0x55, 0xFF, 0xFF, 0x0A, 0x18, 0x30, 0x9D, 0xE5, 0x20, 0xC0, 0x9D, 0xE5,
	0x40, 0x57, 0x9F, 0xE5, 0x03, 0x20, 0x9A, 0xE7, 0x0C, 0x10, 0x9A, 0xE7,
	0x05, 0x00, 0x9A, 0xE7, 0x00, 0xC0, 0xD2, 0xE5, 0x00, 0xE0, 0xD0, 0xE5,
	0x00, 0x30, 0x91, 0xE5, 0x00, 0x00, 0x9D, 0xE5, 0x03, 0x10, 0xDC, 0xE7,
	0x00, 0x20, 0x9A, 0xE7, 0x00, 0x00, 0x5E, 0xE3, 0x00, 0x10, 0xC2, 0xE5,
	0x46, 0xFF, 0xFF, 0x0A, 0x00, 0x40, 0xA0, 0xE3, 0x04, 0x10, 0x9D, 0xE5,
	0x01, 0x30, 0x9A, 0xE7, 0x04, 0x10, 0xA0, 0xE1, 0x00, 0x00, 0xD3, 0xE5,
	0x6D, 0xFB, 0xFF, 0xEB, 0x0A, 0x00, 0xA0, 0xE3, 0x48, 0xFC, 0xFF, 0xEB,
	0x95, 0xFB, 0xFF, 0xEB, 0x00, 0x00, 0x50, 0xE3, 0x1C, 0x20, 0x9D, 0x05,
	0x01, 0x30, 0x84, 0xE2, 0x01, 0x10, 0x84, 0xE2, 0x02, 0x30, 0x9A, 0x07,
	0xFF, 0x40, 0x01, 0x02, 0xFF, 0x40, 0x03, 0x12, 0x00, 0x40, 0xC3, 0x05,
	0x05, 0x30, 0x9A, 0xE7, 0x00, 0x20, 0xD3, 0xE5, 0x04, 0x00, 0x52, 0xE1,
	0xEB, 0xFF, 0xFF, 0x8A, 0x30, 0xFF, 0xFF, 0xEA, 0x74, 0x16, 0x9F, 0xE5,
	0x68, 0xC6, 0x9F, 0xE5, 0x70, 0x26, 0x9F, 0xE5, 0x5C, 0x36, 0x9F, 0xE5,
	0x04, 0x10, 0x8D, 0xE5, 0x18, 0x30, 0x8D, 0xE5, 0x00, 0x20, 0x8D, 0xE5,
	0x1C, 0xC0, 0x8D, 0xE5, 0x01, 0x30, 0x9A, 0xE7, 0x18, 0xE0, 0x9D, 0xE5,
	0x02, 0x20, 0x9A, 0xE7, 0x0C, 0x00, 0x9A, 0xE7, 0x00, 0xC0, 0xD3, 0xE5,
	0x90, 0x36, 0x9F, 0xE5, 0x0E, 0x10, 0x9A, 0xE7, 0x00, 0xE0, 0xD2, 0xE5,
	0x03, 0x20, 0x9A, 0xE7, 0x84, 0x36, 0x9F, 0xE5, 0x00, 0xC0, 0xC2, 0xE5,
	0x03, 0x20, 0x9A, 0xE7, 0x7C, 0x36, 0x9F, 0xE5, 0x00, 0x40, 0xD1, 0xE5,
	0x00, 0xE0, 0xC2, 0xE5, 0x03, 0x20, 0x9A, 0xE7, 0x70, 0x36, 0x9F, 0xE5,
	0x00, 0x40, 0xC2, 0xE5, 0x00, 0x50, 0xD0, 0xE5, 0x03, 0x20, 0x9A, 0xE7,
	0x00, 0x50, 0xC2, 0xE5, 0x3C, 0xFF, 0xFF, 0xEA, 0xF8, 0x05, 0x9F, 0xE5,
	0x10, 0x00, 0x8D, 0xE5, 0x00, 0x30, 0x9A, 0xE7, 0x00, 0x20, 0xD3, 0xE5,
	0x00, 0x00, 0x52, 0xE3, 0x4D, 0x01, 0x00, 0x0A, 0xD4, 0x15, 0x9F, 0xE5,
	0x14, 0x10, 0x8D, 0xE5, 0x01, 0x30, 0x9A, 0xE7, 0x00, 0x20, 0xD3, 0xE5,
	0x00, 0x00, 0x52, 0xE3, 0x06, 0xFF, 0xFF, 0x1A, 0xD0, 0xC5, 0x9F, 0xE5,
	0xBC, 0xE5, 0x9F, 0xE5, 0xC4, 0x35, 0x9F, 0xE5, 0xB8, 0x05, 0x9F, 0xE5,
	0x04, 0x30, 0x8D, 0xE5, 0x1C, 0x00, 0x8D, 0xE5, 0x00, 0xC0, 0x8D, 0xE5,
	0x18, 0xE0, 0x8D, 0xE5, 0x03, 0x30, 0x9A, 0xE7, 0x0C, 0x20, 0x9A, 0xE7,
	0x00, 0xC0, 0xD3, 0xE5, 0xA8, 0x35, 0x9F, 0xE5, 0x0E, 0x10, 0x9A, 0xE7,
	0x00, 0xE0, 0xD2, 0xE5, 0x03, 0x20, 0x9A, 0xE7, 0x9C, 0x35, 0x9F, 0xE5,
	0x00, 0xC0, 0xC2, 0xE5, 0x03, 0x20, 0x9A, 0xE7, 0x94, 0x35, 0x9F, 0xE5,
	0x00, 0x40, 0xD1, 0xE5, 0x00, 0xE0, 0xC2, 0xE5, 0x00, 0x00, 0x9A, 0xE7,
	0x03, 0x20, 0x9A, 0xE7, 0x84, 0x35, 0x9F, 0xE5, 0x00, 0x40, 0xC2, 0xE5,
	0x00, 0x50, 0xD0, 0xE5, 0x03, 0x20, 0x9A, 0xE7, 0x00, 0x50, 0xC2, 0xE5,
	0x04, 0x00, 0x9D, 0xE5, 0x00, 0x10, 0x9D, 0xE5, 0x00, 0x00, 0x9A, 0xE7,
	0x70, 0x35, 0x9F, 0xE5, 0x48, 0x00, 0x8D, 0xE5, 0x03, 0x20, 0x9A, 0xE7,
	0x01, 0x10, 0x9A, 0xE7, 0x64, 0x35, 0x9F, 0xE5, 0x00, 0xB0, 0xD2, 0xE5,
	0x44, 0x10, 0x8D, 0xE5, 0x03, 0x20, 0x9A, 0xE7, 0x58, 0x35, 0x9F, 0xE5,
	0x00, 0xC0, 0xD2, 0xE5, 0x18, 0x20, 0x9D, 0xE5, 0x02, 0xE0, 0x9A, 0xE7,
	0x03, 0x20, 0x9A, 0xE7, 0x1C, 0x30, 0x9D, 0xE5, 0x03, 0x50, 0x9A, 0xE7,
	0x40, 0x35, 0x9F, 0xE5, 0x00, 0x40, 0xD2, 0xE5, 0x03, 0x20, 0x9A, 0xE7,
	0x14, 0x10, 0x9D, 0xE5, 0x00, 0x60, 0xD2, 0xE5, 0x30, 0x35, 0x9F, 0xE5,
	0x30, 0x25, 0x9F, 0xE5, 0x01, 0x80, 0x9A, 0xE7, 0x03, 0x10, 0x9A, 0xE7,
	0x02, 0x30, 0x9A, 0xE7, 0x24, 0x25, 0x9F, 0xE5, 0x00, 0x10, 0x83, 0xE5,
	0x00, 0x35, 0x9F, 0xE5, 0x02, 0x10, 0x9A, 0xE7, 0x03, 0x20, 0x9A, 0xE7,
	0x14, 0x35, 0x9F, 0xE5, 0x00, 0x10, 0x82, 0xE5, 0xE8, 0x24, 0x9F, 0xE5,
	0x03, 0x10, 0x9A, 0xE7, 0x02, 0x30, 0x9A, 0xE7, 0x48, 0x20, 0x9D, 0xE5,
	0x10, 0x00, 0x9D, 0xE5, 0x00, 0xB0, 0xC2, 0xE5, 0x00, 0x70, 0x9A, 0xE7,
	0x00, 0x10, 0x83, 0xE5, 0x44, 0x30, 0x9D, 0xE5, 0x01, 0x00, 0xA0, 0xE3,
	0x00, 0xC0, 0xC3, 0xE5, 0x00, 0x40, 0xCE, 0xE5, 0x00, 0x60, 0xC5, 0xE5,
	0x00, 0x00, 0xC8, 0xE5, 0x00, 0x00, 0xC7, 0xE5, 0xB7, 0xFE, 0xFF, 0xEA,
	0x8C, 0x04, 0x9F, 0xE5, 0x10, 0x00, 0x8D, 0xE5, 0x00, 0x30, 0x9A, 0xE7,
	0x00, 0x20, 0xD3, 0xE5, 0x00, 0x00, 0x52, 0xE3, 0xD3, 0x00, 0x00, 0x0A,
	0x78, 0x14, 0x9F, 0xE5, 0x6C, 0xC4, 0x9F, 0xE5, 0x74, 0x24, 0x9F, 0xE5,
	0x60, 0x34, 0x9F, 0xE5, 0x04, 0x10, 0x8D, 0xE5, 0x18, 0x30, 0x8D, 0xE5,
	0x00, 0x20, 0x8D, 0xE5, 0x1C, 0xC0, 0x8D, 0xE5, 0x01, 0x30, 0x9A, 0xE7,
	0x18, 0xE0, 0x9D, 0xE5, 0x02, 0x20, 0x9A, 0xE7, 0x0C, 0x00, 0x9A, 0xE7,
	0x00, 0xC0, 0xD3, 0xE5, 0x64, 0x34, 0x9F, 0xE5, 0x0E, 0x10, 0x9A, 0xE7,
	0x00, 0xE0, 0xD2, 0xE5, 0x03, 0x20, 0x9A, 0xE7, 0x58, 0x34, 0x9F, 0xE5,
	0x00, 0xC0, 0xC2, 0xE5, 0x03, 0x20, 0x9A, 0xE7, 0x50, 0x34, 0x9F, 0xE5,
	0x00, 0x40, 0xD1, 0xE5, 0x00, 0xE0, 0xC2, 0xE5, 0x03, 0x20, 0x9A, 0xE7,
	0x44, 0x34, 0x9F, 0xE5, 0x00, 0x50, 0xD0, 0xE5, 0x00, 0x40, 0xC2, 0xE5,
	0x03, 0x20, 0x9A, 0xE7, 0x00, 0x50, 0xC2, 0xE5, 0x1C, 0x34, 0x9F, 0xE5,
	0x1C, 0x04, 0x9F, 0xE5, 0x03, 0x60, 0x9A, 0xE7, 0x48, 0x34, 0x9F, 0xE5,
	0x20, 0x00, 0x8D, 0xE5, 0x03, 0x20, 0x9A, 0xE7, 0x40, 0x34, 0x9F, 0xE5,
	0x00, 0x70, 0xD2, 0xE5, 0x03, 0x20, 0x9A, 0xE7, 0x38, 0x34, 0x9F, 0xE5,
	0x00, 0x80, 0xD2, 0xE5, 0x03, 0x20, 0x9A, 0xE7, 0x30, 0x34, 0x9F, 0xE5,
	0x00, 0x20, 0xD2, 0xE5, 0x40, 0x20, 0x8D, 0xE5, 0x03, 0x20, 0x9A, 0xE7,
	0x00, 0x20, 0xD2, 0xE5, 0x3C, 0x20, 0x8D, 0xE5, 0x10, 0x20, 0x9D, 0xE5,
	0x04, 0x30, 0x9D, 0xE5, 0x02, 0x20, 0x9A, 0xE7, 0x0C, 0x10, 0x9D, 0xE5,
	0x03, 0xC0, 0x9A, 0xE7, 0x01, 0x10, 0x9A, 0xE7, 0x1C, 0x30, 0x9D, 0xE5,
	0x34, 0x20, 0x8D, 0xE5, 0x18, 0x20, 0x9D, 0xE5, 0x03, 0x50, 0x9A, 0xE7,
	0x02, 0x40, 0x9A, 0xE7, 0x38, 0x10, 0x8D, 0xE5, 0xEC, 0x33, 0x9F, 0xE5,
	0x00, 0x10, 0x9D, 0xE5, 0xB8, 0x23, 0x9F, 0xE5, 0x01, 0xE0, 0x9A, 0xE7,
	0x03, 0x10, 0x9A, 0xE7, 0x02, 0x30, 0x9A, 0xE7, 0xD8, 0x23, 0x9F, 0xE5,
	0x00, 0x00, 0x9A, 0xE7, 0x00, 0x10, 0x83, 0xE5, 0x02, 0x30, 0x9A, 0xE7,
	0xCC, 0x23, 0x9F, 0xE5, 0x00, 0x30, 0x80, 0xE5, 0x02, 0x30, 0x9A, 0xE7,
	0x00, 0x30, 0x86, 0xE5, 0x00, 0x70, 0xCC, 0xE5, 0x00, 0x80, 0xCE, 0xE5,
	0x40, 0xC0, 0x9D, 0xE5, 0x00, 0xC0, 0xC4, 0xE5, 0x3C, 0xE0, 0x9D, 0xE5,
	0x00, 0xE0, 0xC5, 0xE5, 0x38, 0x00, 0x9D, 0xE5, 0x34, 0x10, 0x9D, 0xE5,
	0x00, 0x30, 0xA0, 0xE3, 0xB0, 0xB0, 0xC0, 0xE1, 0x00, 0x30, 0xC1, 0xE5,
	0x15, 0xFE, 0xFF, 0xEA, 0x20, 0xE3, 0x9F, 0xE5, 0x10, 0xE0, 0x8D, 0xE5,
	0x0E, 0x30, 0x9A, 0xE7, 0x00, 0x20, 0xD3, 0xE5, 0x00, 0x00, 0x52, 0xE3,
	0x54, 0x00, 0x00, 0x1A, 0xFC, 0x02, 0x9F, 0xE5, 0x14, 0x00, 0x8D, 0xE5,
	0x00, 0x30, 0x9A, 0xE7, 0x00, 0x20, 0xD3, 0xE5, 0x00, 0x00, 0x52, 0xE3,
	0x50, 0xFE, 0xFF, 0x1A, 0xF8, 0x32, 0x9F, 0xE5, 0xF0, 0x22, 0x9F, 0xE5,
	0xE0, 0xC2, 0x9F, 0xE5, 0xE0, 0xE2, 0x9F, 0xE5, 0x00, 0x30, 0x8D, 0xE5,
	0x04, 0x20, 0x8D, 0xE5, 0x18, 0xC0, 0x8D, 0xE5, 0x1C, 0xE0, 0x8D, 0xE5,
	0x00, 0x00, 0x9D, 0xE5, 0x02, 0x30, 0x9A, 0xE7, 0x0C, 0x10, 0x9A, 0xE7,
	0x00, 0x20, 0x9A, 0xE7, 0x00, 0xC0, 0xD3, 0xE5, 0xC8, 0x32, 0x9F, 0xE5,
	0x0E, 0x00, 0x9A, 0xE7, 0x00, 0xE0, 0xD2, 0xE5, 0x03, 0x20, 0x9A, 0xE7,
	0xBC, 0x32, 0x9F, 0xE5, 0x00, 0xC0, 0xC2, 0xE5, 0x03, 0x20, 0x9A, 0xE7,
	0xB4, 0x32, 0x9F, 0xE5, 0x00, 0x40, 0xD1, 0xE5, 0x00, 0xE0, 0xC2, 0xE5,
	0x03, 0x20, 0x9A, 0xE7, 0xA8, 0x32, 0x9F, 0xE5, 0x00, 0x40, 0xC2, 0xE5,
	0x00, 0x50, 0xD0, 0xE5, 0x03, 0x20, 0x9A, 0xE7, 0x00, 0x50, 0xC2, 0xE5,
	0xD0, 0x32, 0x9F, 0xE5, 0x03, 0x20, 0x9A, 0xE7, 0xCC, 0x32, 0x9F, 0xE5,
	0x00, 0xC0, 0xD2, 0xE5, 0x00, 0x20, 0x9D, 0xE5, 0x02, 0xE0, 0x9A, 0xE7,
	0x03, 0x20, 0x9A, 0xE7, 0x18, 0x30, 0x9D, 0xE5, 0x03, 0x50, 0x9A, 0xE7,
	0xB4, 0x32, 0x9F, 0xE5, 0x00, 0x40, 0xD2, 0xE5, 0x03, 0x20, 0x9A, 0xE7,
	0xAC, 0x32, 0x9F, 0xE5, 0x00, 0x60, 0xD2, 0xE5, 0x03, 0x20, 0x9A, 0xE7,
	0x14, 0x30, 0x9D, 0xE5, 0x04, 0x10, 0x9D, 0xE5, 0x00, 0x80, 0xD2, 0xE5,
	0x03, 0x30, 0x9A, 0xE7, 0x10, 0x20, 0x9D, 0xE5, 0x4C, 0x30, 0x8D, 0xE5,
	0x01, 0x00, 0x9A, 0xE7, 0x02, 0xB0, 0x9A, 0xE7, 0x1C, 0x10, 0x9D, 0xE5,
	0x80, 0x32, 0x9F, 0xE5, 0x50, 0x22, 0x9F, 0xE5, 0x01, 0x70, 0x9A, 0xE7,
	0x03, 0x10, 0x9A, 0xE7, 0x02, 0x30, 0x9A, 0xE7, 0x70, 0x22, 0x9F, 0xE5,
	0x00, 0x10, 0x83, 0xE5, 0x20, 0x32, 0x9F, 0xE5, 0x02, 0x10, 0x9A, 0xE7,
	0x03, 0x20, 0x9A, 0xE7, 0x60, 0x32, 0x9F, 0xE5, 0x00, 0x10, 0x82, 0xE5,
	0x08, 0x22, 0x9F, 0xE5, 0x03, 0x10, 0x9A, 0xE7, 0x02, 0x30, 0x9A, 0xE7,
	0x00, 0x10, 0x83, 0xE5, 0x00, 0x30, 0xA0, 0xE3, 0x00, 0xC0, 0xC0, 0xE5,
	0x00, 0x40, 0xCE, 0xE5, 0x00, 0x60, 0xC5, 0xE5, 0x00, 0x80, 0xC7, 0xE5,
	0x00, 0x30, 0xCB, 0xE5, 0x4C, 0xC0, 0x9D, 0xE5, 0x01, 0x20, 0xA0, 0xE3,
	0x00, 0x20, 0xCC, 0xE5, 0x01, 0xFE, 0xFF, 0xEA, 0xA8, 0x11, 0x9F, 0xE5,
	0x14, 0x10, 0x8D, 0xE5, 0x01, 0x30, 0x9A, 0xE7, 0x00, 0x20, 0xD3, 0xE5,
	0x00, 0x00, 0x52, 0xE3, 0xAA, 0xFF, 0xFF, 0x0A, 0xA0, 0x11, 0x9F, 0xE5,
	0x94, 0xC1, 0x9F, 0xE5, 0x9C, 0x21, 0x9F, 0xE5, 0x88, 0x31, 0x9F, 0xE5,
	0x04, 0x10, 0x8D, 0xE5, 0x18, 0x30, 0x8D, 0xE5, 0x00, 0x20, 0x8D, 0xE5,
	0x1C, 0xC0, 0x8D, 0xE5, 0x01, 0x30, 0x9A, 0xE7, 0x18, 0xE0, 0x9D, 0xE5,
	0x02, 0x20, 0x9A, 0xE7, 0x0C, 0x00, 0x9A, 0xE7, 0x00, 0xC0, 0xD3, 0xE5,
	0x8C, 0x31, 0x9F, 0xE5, 0x0E, 0x10, 0x9A, 0xE7, 0x00, 0xE0, 0xD2, 0xE5,
	0x03, 0x20, 0x9A, 0xE7, 0x80, 0x31, 0x9F, 0xE5, 0x00, 0xC0, 0xC2, 0xE5,
	0x03, 0x20, 0x9A, 0xE7, 0x78, 0x31, 0x9F, 0xE5, 0x00, 0x40, 0xD1, 0xE5,
	0x00, 0xE0, 0xC2, 0xE5, 0x03, 0x20, 0x9A, 0xE7, 0x6C, 0x31, 0x9F, 0xE5,
	0x00, 0x40, 0xC2, 0xE5, 0x00, 0x50, 0xD0, 0xE5, 0x03, 0x20, 0x9A, 0xE7,
	0x00, 0x50, 0xC2, 0xE5, 0xA9, 0xFF, 0xFF, 0xEA, 0x1C, 0x21, 0x9F, 0xE5,
	0x24, 0x01, 0x9F, 0xE5, 0x24, 0x11, 0x9F, 0xE5, 0x14, 0x31, 0x9F, 0xE5,
	0x18, 0x20, 0x8D, 0xE5, 0x1C, 0x30, 0x8D, 0xE5, 0x04, 0x00, 0x8D, 0xE5,
	0x00, 0x10, 0x8D, 0xE5, 0x18, 0xC0, 0x9D, 0xE5, 0x00, 0x30, 0x9A, 0xE7,
	0x1C, 0xE0, 0x9D, 0xE5, 0x01, 0x20, 0x9A, 0xE7, 0x0C, 0x10, 0x9A, 0xE7,
	0x00, 0xC0, 0xD3, 0xE5, 0x40, 0x31, 0x9F, 0xE5, 0x0E, 0x00, 0x9A, 0xE7,
	0x00, 0xE0, 0xD2, 0xE5, 0x03, 0x20, 0x9A, 0xE7, 0x34, 0x31, 0x9F, 0xE5,
	0x00, 0xC0, 0xC2, 0xE5, 0x03, 0x20, 0x9A, 0xE7, 0x2C, 0x31, 0x9F, 0xE5,
	0x00, 0x40, 0xD1, 0xE5, 0x00, 0xE0, 0xC2, 0xE5, 0x03, 0x20, 0x9A, 0xE7,
	0x20, 0x31, 0x9F, 0xE5, 0x00, 0x50, 0xD0, 0xE5, 0x00, 0x40, 0xC2, 0xE5,
	0x03, 0x20, 0x9A, 0xE7, 0x00, 0x50, 0xC2, 0xE5, 0x3F, 0xFD, 0xFF, 0xEA,
	0x9C, 0x20, 0x9F, 0xE5, 0x14, 0x20, 0x8D, 0xE5, 0x02, 0x30, 0x9A, 0xE7,
	0x00, 0x20, 0xD3, 0xE5, 0x00, 0x00, 0x52, 0xE3, 0xB1, 0xFE, 0xFF, 0x0A,
	0x94, 0x10, 0x9F, 0xE5, 0x88, 0xC0, 0x9F, 0xE5, 0x90, 0x20, 0x9F, 0xE5,
	0x7C, 0x30, 0x9F, 0xE5, 0x04, 0x10, 0x8D, 0xE5, 0x18, 0x30, 0x8D, 0xE5,
	0x00, 0x20, 0x8D, 0xE5, 0x1C, 0xC0, 0x8D, 0xE5, 0x01, 0x30, 0x9A, 0xE7,
	0x18, 0xE0, 0x9D, 0xE5, 0x02, 0x20, 0x9A, 0xE7, 0x0C, 0x00, 0x9A, 0xE7,
	0x00, 0xC0, 0xD3, 0xE5, 0xB0, 0x30, 0x9F, 0xE5, 0x0E, 0x10, 0x9A, 0xE7,
	0x00, 0xE0, 0xD2, 0xE5, 0x03, 0x20, 0x9A, 0xE7, 0xA4, 0x30, 0x9F, 0xE5,
	0x00, 0xC0, 0xC2, 0xE5, 0x03, 0x20, 0x9A, 0xE7, 0x9C, 0x30, 0x9F, 0xE5,
	0x00, 0x40, 0xD1, 0xE5, 0x00, 0xE0, 0xC2, 0xE5, 0x03, 0x20, 0x9A, 0xE7,
	0x90, 0x30, 0x9F, 0xE5, 0x00, 0x40, 0xC2, 0xE5, 0x00, 0x50, 0xD0, 0xE5,
	0x03, 0x20, 0x9A, 0xE7, 0x00, 0x50, 0xC2, 0xE5, 0xAF, 0xFE, 0xFF, 0xEA,
	0xCC, 0x29, 0x00, 0x00, 0x60, 0x00, 0x00, 0x00, 0x40, 0x00, 0x00, 0x00,
	0x34, 0x00, 0x00, 0x00, 0xC0, 0x00, 0x00, 0x00, 0x78, 0x00, 0x00, 0x00,
	0xEC, 0x00, 0x00, 0x00, 0x4C, 0x00, 0x00, 0x00, 0xF0, 0x00, 0x00, 0x00,
	0xE4, 0x00, 0x00, 0x00, 0x44, 0x00, 0x00, 0x00, 0x90, 0x00, 0x00, 0x00,
	0xD0, 0x00, 0x00, 0x00, 0x10, 0x00, 0x00, 0x00, 0x50, 0x00, 0x00, 0x00,
	0x54, 0x00, 0x00, 0x00, 0xB8, 0x00, 0x00, 0x00, 0xC8, 0x00, 0x00, 0x00,
	0x98, 0x00, 0x00, 0x00, 0x30, 0x00, 0x00, 0x00, 0x8C, 0x00, 0x00, 0x00,
	0x94, 0x00, 0x00, 0x00, 0x28, 0x00, 0x00, 0x00, 0x48, 0x00, 0x00, 0x00,
	0xA8, 0x00, 0x00, 0x00, 0x68, 0x00, 0x00, 0x00, 0x88, 0x00, 0x00, 0x00,
	0xCC, 0x00, 0x00, 0x00, 0xD8, 0x00, 0x00, 0x00, 0xF4, 0x00, 0x00, 0x00,
	0x5C, 0x00, 0x00, 0x00, 0x38, 0x00, 0x00, 0x00, 0xE8, 0x00, 0x00, 0x00,
	0x70, 0x00, 0x00, 0x00, 0xB0, 0x00, 0x00, 0x00, 0x1C, 0x00, 0x00, 0x00,
	0x70, 0x44, 0x2D, 0xE9, 0x54, 0xA1, 0x9F, 0xE5, 0x54, 0x31, 0x9F, 0xE5,
	0x54, 0x21, 0x9F, 0xE5, 0x0A, 0xA0, 0x8F, 0xE0, 0x03, 0x50, 0x9A, 0xE7,
	0x02, 0x30, 0x9A, 0xE7, 0x00, 0x00, 0x93, 0xE5, 0x44, 0x31, 0x9F, 0xE5,
	0x03, 0x20, 0x9A, 0xE7, 0x00, 0xC0, 0x95, 0xE5, 0x00, 0x10, 0x92, 0xE5,
	0x20, 0xE1, 0xA0, 0xE1, 0x0C, 0x00, 0x5E, 0xE1, 0x04, 0xD0, 0x4D, 0xE2,
	0x01, 0x60, 0x80, 0xE0, 0x2A, 0x00, 0x00, 0x0A, 0x24, 0x31, 0x9F, 0xE5,
	0x03, 0x20, 0x9A, 0xE7, 0x20, 0x31, 0x9F, 0xE5, 0x00, 0x40, 0xD2, 0xE5,
	0x03, 0x20, 0x9A, 0xE7, 0x26, 0xC1, 0xA0, 0xE1, 0x0C, 0x00, 0xA0, 0xE1,
	0x00, 0x10, 0xD2, 0xE5, 0x00, 0xE0, 0x85, 0xE5, 0x04, 0x50, 0x0C, 0xE0,
	0xAC, 0x06, 0x00, 0xEB, 0xE1, 0x33, 0xA0, 0xE3, 0x21, 0x38, 0x83, 0xE2,
	0xA0, 0x10, 0xA0, 0xE1, 0x21, 0x3D, 0x83, 0xE2, 0x93, 0xC1, 0x82, 0xE0,
	0xEC, 0xC0, 0x9F, 0xE5, 0x0C, 0xC0, 0x9A, 0xE7, 0x22, 0x22, 0xA0, 0xE1,
	0x02, 0x38, 0xA0, 0xE1, 0xB0, 0x10, 0xDC, 0xE1, 0x23, 0x38, 0xA0, 0xE1,
	0x82, 0x22, 0x62, 0xE0, 0x82, 0x00, 0x40, 0xE0, 0x03, 0x00, 0x51, 0xE1,
	0xFF, 0x40, 0x00, 0xE2, 0xB0, 0x30, 0xCC, 0x11, 0x86, 0xFC, 0xFF, 0x1B,
	0xC0, 0x30, 0x9F, 0xE5, 0x03, 0x20, 0x9A, 0xE7, 0xBC, 0x30, 0x9F, 0xE5,
	0x00, 0x00, 0xD2, 0xE5, 0x03, 0x20, 0x9A, 0xE7, 0x00, 0x10, 0x92, 0xE5,
	0x04, 0x00, 0x50, 0xE1, 0x01, 0x00, 0xD4, 0xE7, 0x0D, 0x00, 0x00, 0x0A,
	0xFF, 0x00, 0x50, 0xE3, 0x15, 0x00, 0x00, 0x0A, 0x05, 0x10, 0xA0, 0xE1,
	0x69, 0xF9, 0xFF, 0xEB, 0x01, 0x00, 0xA0, 0xE3, 0x44, 0xFA, 0xFF, 0xEB,
	0x8C, 0x20, 0x9F, 0xE5, 0x02, 0x10, 0x9A, 0xE7, 0x03, 0x30, 0x06, 0xE2,
	0x0B, 0x00, 0xA0, 0xE3, 0x00, 0x30, 0xC1, 0xE5, 0x04, 0xD0, 0x8D, 0xE2,
	0x70, 0x44, 0xBD, 0xE8, 0x3C, 0xFA, 0xFF, 0xEA, 0x70, 0x30, 0x9F, 0xE5,
	0x03, 0x20, 0x9A, 0xE7, 0x00, 0x10, 0xD2, 0xE5, 0x05, 0x00, 0x51, 0xE1,
	0x08, 0x00, 0x00, 0x8A, 0x60, 0x30, 0x9F, 0xE5, 0x03, 0x20, 0x9A, 0xE7,
	0x00, 0x00, 0xD2, 0xE5, 0xFF, 0x00, 0x50, 0xE3, 0xE9, 0xFF, 0xFF, 0x1A,
	0xDF, 0xF9, 0xFF, 0xEB, 0x00, 0x10, 0xA0, 0xE3, 0x52, 0xF9, 0xFF, 0xEB,
	0xE7, 0xFF, 0xFF, 0xEA, 0x40, 0x30, 0x9F, 0xE5, 0x03, 0x20, 0x9A, 0xE7,
	0x05, 0x10, 0xA0, 0xE1, 0x00, 0x00, 0xD2, 0xE5, 0x4C, 0xF9, 0xFF, 0xEB,
	0xE1, 0xFF, 0xFF, 0xEA, 0x98, 0x1C, 0x00, 0x00, 0x64, 0x00, 0x00, 0x00,
	0x7C, 0x00, 0x00, 0x00, 0xA0, 0x00, 0x00, 0x00, 0xBC, 0x00, 0x00, 0x00,
	0x68, 0x00, 0x00, 0x00, 0x40, 0x00, 0x00, 0x00, 0xEC, 0x00, 0x00, 0x00,
	0xB8, 0x00, 0x00, 0x00, 0xD4, 0x00, 0x00, 0x00, 0x4C, 0x00, 0x00, 0x00,
	0x44, 0x00, 0x00, 0x00, 0xE4, 0x00, 0x00, 0x00, 0xF0, 0x45, 0x2D, 0xE9,
	0x98, 0xA0, 0x9F, 0xE5, 0x98, 0x30, 0x9F, 0xE5, 0x0A, 0xA0, 0x8F, 0xE0,
	0x03, 0xC0, 0x9A, 0xE7, 0x90, 0x30, 0x9F, 0xE5, 0x03, 0x50, 0x9A, 0xE7,
	0x8C, 0x30, 0x9F, 0xE5, 0xA0, 0x04, 0xA0, 0xE1, 0x00, 0xE0, 0x9C, 0xE5,
	0xA2, 0x64, 0xA0, 0xE1, 0x01, 0xC0, 0x80, 0xE2, 0x03, 0x20, 0x9A, 0xE7,
	0x78, 0x30, 0x9F, 0xE5, 0x0E, 0x00, 0x5C, 0xE1, 0x01, 0xC0, 0xA0, 0xE3,
	0x00, 0xC0, 0xC2, 0xE5, 0x03, 0x20, 0x9A, 0xE7, 0x04, 0xD0, 0x4D, 0xE2,
	0x00, 0x60, 0x82, 0xE5, 0x01, 0x40, 0xA0, 0xE1, 0x00, 0x00, 0x85, 0xE5,
	0x0E, 0x00, 0x00, 0x8A, 0x00, 0x00, 0x56, 0xE3, 0x0C, 0x00, 0x00, 0x0A,
	0x4C, 0x30, 0x9F, 0xE5, 0x03, 0x80, 0x9A, 0xE7, 0x05, 0x70, 0xA0, 0xE1,
	0x00, 0x50, 0xA0, 0xE3, 0x00, 0x40, 0x88, 0xE5, 0x7B, 0xFF, 0xFF, 0xEB,
	0x00, 0x30, 0x97, 0xE5, 0x01, 0x50, 0x85, 0xE2, 0x01, 0x30, 0x83, 0xE2,
	0x05, 0x00, 0x56, 0xE1, 0x00, 0x30, 0x87, 0xE5, 0x02, 0x4C, 0x84, 0xE2,
	0xF6, 0xFF, 0xFF, 0x1A, 0x04, 0xD0, 0x8D, 0xE2, 0xF0, 0x45, 0xBD, 0xE8,
	0x1E, 0xFF, 0x2F, 0xE1, 0x08, 0x1B, 0x00, 0x00, 0x20, 0x00, 0x00, 0x00,
	0x7C, 0x00, 0x00, 0x00, 0x24, 0x00, 0x00, 0x00, 0xDC, 0x00, 0x00, 0x00,
	0xA4, 0x00, 0x00, 0x00, 0xF0, 0x4F, 0x2D, 0xE9, 0xB4, 0xA2, 0x9F, 0xE5,
	0x01, 0x80, 0xA0, 0xE1, 0xB0, 0x32, 0x9F, 0xE5, 0xB0, 0x12, 0x9F, 0xE5,
	0x0A, 0xA0, 0x8F, 0xE0, 0x2C, 0xD0, 0x4D, 0xE2, 0x00, 0x40, 0xA0, 0xE1,
	0x01, 0x10, 0x8A, 0xE0, 0x03, 0x00, 0x9A, 0xE7, 0x24, 0x20, 0x8D, 0xE5,
	0x7A, 0xF8, 0xFF, 0xEB, 0x94, 0x32, 0x9F, 0xE5, 0x94, 0x12, 0x9F, 0xE5,
	0x94, 0x22, 0x9F, 0xE5, 0x03, 0x00, 0x9A, 0xE7, 0x01, 0x10, 0x8A, 0xE0,
	0x04, 0x20, 0x8D, 0xE5, 0x73, 0xF8, 0xFF, 0xEB, 0x04, 0x20, 0x9D, 0xE5,
	0x80, 0x12, 0x9F, 0xE5, 0x02, 0x30, 0x9A, 0xE7, 0x7C, 0x22, 0x9F, 0xE5,
	0x00, 0x00, 0x93, 0xE5, 0x01, 0x10, 0x8A, 0xE0, 0x0C, 0x20, 0x8D, 0xE5,
	0x6B, 0xF8, 0xFF, 0xEB, 0x0C, 0x20, 0x9D, 0xE5, 0x68, 0x12, 0x9F, 0xE5,
	0x02, 0x30, 0x9A, 0xE7, 0x01, 0x10, 0x8A, 0xE0, 0x00, 0x00, 0x93, 0xE5,
	0x65, 0xF8, 0xFF, 0xEB, 0x58, 0x32, 0x9F, 0xE5, 0x58, 0x12, 0x9F, 0xE5,
	0x03, 0xB0, 0x9A, 0xE7, 0xA4, 0x45, 0xA0, 0xE1, 0xFF, 0x40, 0x04, 0xE2,
	0x01, 0x10, 0x8A, 0xE0, 0x0B, 0x00, 0xA0, 0xE1, 0x5D, 0xF8, 0xFF, 0xEB,
	0x24, 0xE3, 0xA0, 0xE1, 0x05, 0xE0, 0x8E, 0xE2, 0x3E, 0x00, 0xA0, 0xE3,
	0x10, 0x0E, 0xA0, 0xE1, 0x30, 0x32, 0x9F, 0xE5, 0x30, 0x22, 0x9F, 0xE5,
	0x00, 0x30, 0x8D, 0xE5, 0x2C, 0x32, 0x9F, 0xE5, 0x14, 0x20, 0x8D, 0xE5,
	0x10, 0x30, 0x8D, 0xE5, 0x24, 0x22, 0x9F, 0xE5, 0x00, 0x30, 0x9D, 0xE5,
	0x08, 0x20, 0x8D, 0xE5, 0x03, 0x90, 0x9A, 0xE7, 0x14, 0x20, 0x9D, 0xE5,
	0x10, 0x30, 0x9D, 0xE5, 0x02, 0x50, 0x9A, 0xE7, 0x03, 0x60, 0x9A, 0xE7,
	0x08, 0x20, 0x9D, 0xE5, 0x04, 0x32, 0x9F, 0xE5, 0x02, 0x70, 0x9A, 0xE7,
	0x03, 0x20, 0x9A, 0xE7, 0xFC, 0x31, 0x9F, 0xE5, 0x01, 0xC0, 0x44, 0xE2,
	0x00, 0xC0, 0xC2, 0xE5, 0x03, 0x20, 0x9A, 0xE7, 0x24, 0x30, 0x9D, 0xE5,
	0x00, 0x30, 0x82, 0xE5, 0xE8, 0x31, 0x9F, 0xE5, 0x08, 0x18, 0xA0, 0xE1,
	0x03, 0x20, 0x9A, 0xE7, 0x21, 0x1B, 0xA0, 0xE1, 0xB0, 0x80, 0xC5, 0xE1,
	0xB0, 0x10, 0xC6, 0xE1, 0x00, 0xE0, 0xC9, 0xE5, 0x00, 0x00, 0x87, 0xE5,
	0x00, 0x40, 0xC2, 0xE5, 0x0B, 0x00, 0xA0, 0xE1, 0x00, 0x20, 0xA0, 0xE3,
	0x01, 0x3C, 0x8B, 0xE2, 0x01, 0x20, 0xC0, 0xE4, 0x03, 0x00, 0x50, 0xE1,
	0xFC, 0xFF, 0xFF, 0x1A, 0xB0, 0x31, 0x9F, 0xE5, 0xB0, 0x21, 0x9F, 0xE5,
	0x03, 0x30, 0x9A, 0xE7, 0x02, 0x20, 0x9A, 0xE7, 0x00, 0x20, 0x83, 0xE5,
	0x20, 0x30, 0x8D, 0xE5, 0x1C, 0x20, 0x8D, 0xE5, 0xAA, 0xFA, 0xFF, 0xEB,
	0x00, 0x00, 0x50, 0xE3, 0x00, 0x00, 0x00, 0x1A, 0xFE, 0xFF, 0xFF, 0xEA,
	0x8C, 0x31, 0x9F, 0xE5, 0x03, 0x40, 0x9A, 0xE7, 0xFE, 0x2C, 0xE0, 0xE3,
	0xB0, 0x20, 0xC4, 0xE1, 0x5F, 0xFA, 0xFF, 0xEB, 0x20, 0x20, 0x9D, 0xE5,
	0x00, 0x30, 0x92, 0xE5, 0xFC, 0x50, 0x93, 0xE5, 0x00, 0x30, 0x9D, 0xE5,
	0x03, 0x20, 0x9A, 0xE7, 0x08, 0x30, 0x9D, 0xE5, 0x05, 0xC8, 0xA0, 0xE1,
	0x03, 0x00, 0x9A, 0xE7, 0x2C, 0xCB, 0xA0, 0xE1, 0x00, 0x10, 0xD2, 0xE5,
	0x8C, 0x32, 0x6C, 0xE0, 0x00, 0xE0, 0x90, 0xE5, 0x83, 0x30, 0xA0, 0xE1,
	0x02, 0x10, 0x81, 0xE2, 0x13, 0xE1, 0x6E, 0xE0, 0x40, 0x21, 0x9F, 0xE5,
	0x02, 0x30, 0x9A, 0xE7, 0x3C, 0x21, 0x9F, 0xE5, 0x00, 0x00, 0xD3, 0xE5,
	0x02, 0x30, 0x9A, 0xE7, 0x00, 0x60, 0xD3, 0xE5, 0x10, 0x30, 0x9D, 0xE5,
	0x03, 0x70, 0x9A, 0xE7, 0x0C, 0x30, 0x9D, 0xE5, 0x14, 0x20, 0x9D, 0xE5,
	0x03, 0x30, 0x9A, 0xE7, 0x02, 0x10, 0x9A, 0xE7, 0x18, 0x30, 0x8D, 0xE5,
	0x04, 0x20, 0x9D, 0xE5, 0x10, 0x31, 0x9F, 0xE5, 0x02, 0x80, 0x9A, 0xE7,
	0x03, 0x20, 0x9A, 0xE7, 0x08, 0x31, 0x9F, 0xE5, 0x00, 0xB0, 0xD2, 0xE5,
	0x03, 0x20, 0x9A, 0xE7, 0x00, 0x31, 0x9F, 0xE5, 0x00, 0xE0, 0x82, 0xE5,
	0x03, 0x20, 0x9A, 0xE7, 0xF8, 0x30, 0x9F, 0xE5, 0xB0, 0x50, 0xC1, 0xE1,
	0x01, 0x10, 0xA0, 0xE3, 0x00, 0x10, 0xC2, 0xE5, 0x03, 0x20, 0x9A, 0xE7,
	0xE8, 0x30, 0x9F, 0xE5, 0x00, 0x20, 0x88, 0xE5, 0x03, 0x20, 0x9A, 0xE7,
	0x18, 0x30, 0x9D, 0xE5, 0x00, 0x20, 0x83, 0xE5, 0xD8, 0x30, 0x9F, 0xE5,
	0x03, 0x20, 0x9A, 0xE7, 0xD4, 0x30, 0x9F, 0xE5, 0x00, 0x00, 0xC2, 0xE5,
	0x03, 0x20, 0x9A, 0xE7, 0x00, 0x60, 0xC2, 0xE5, 0x1C, 0x30, 0x9D, 0xE5,
	0x20, 0x20, 0x9D, 0xE5, 0x00, 0x30, 0x82, 0xE5, 0xBC, 0x30, 0x9F, 0xE5,
	0x00, 0x20, 0xA0, 0xE3, 0xB0, 0x20, 0xC4, 0xE1, 0x03, 0x20, 0x9A, 0xE7,
	0xB0, 0x30, 0x9F, 0xE5, 0x00, 0xB0, 0xC2, 0xE5, 0x03, 0x20, 0x9A, 0xE7,
	0xA8, 0x30, 0x9F, 0xE5, 0x00, 0x10, 0xD2, 0xE5, 0x03, 0x20, 0x9A, 0xE7,
	0xB0, 0xC0, 0xC7, 0xE1, 0x00, 0x10, 0xC2, 0xE5, 0x3B, 0xF8, 0xFF, 0xEB,
	0x4A, 0xF8, 0xFF, 0xEB, 0x73, 0xFB, 0xFF, 0xEB, 0x00, 0x00, 0xA0, 0xE3,
	0x2C, 0xD0, 0x8D, 0xE2, 0xF0, 0x4F, 0xBD, 0xE8, 0x1E, 0xFF, 0x2F, 0xE1,
	0x44, 0x1A, 0x00, 0x00, 0xAC, 0x00, 0x00, 0x00, 0xA4, 0xFF, 0xFF, 0xFF,
	0x74, 0x00, 0x00, 0x00, 0xB4, 0xFF, 0xFF, 0xFF, 0xB8, 0x00, 0x00, 0x00,
	0xC0, 0xFF, 0xFF, 0xFF, 0x54, 0x00, 0x00, 0x00, 0xD0, 0xFF, 0xFF, 0xFF,
	0x6C, 0x00, 0x00, 0x00, 0xE0, 0xFF, 0xFF, 0xFF, 0xE0, 0x00, 0x00, 0x00,
	0x0C, 0x00, 0x00, 0x00, 0x3C, 0x00, 0x00, 0x00, 0xA0, 0x00, 0x00, 0x00,
	0xBC, 0x00, 0x00, 0x00, 0x58, 0x00, 0x00, 0x00, 0x68, 0x00, 0x00, 0x00,
	0x28, 0x00, 0x00, 0x00, 0x88, 0x00, 0x00, 0x00, 0x40, 0x00, 0x00, 0x00,
	0x90, 0x00, 0x00, 0x00, 0xD0, 0x00, 0x00, 0x00, 0x10, 0x00, 0x00, 0x00,
	0x20, 0x00, 0x00, 0x00, 0x60, 0x00, 0x00, 0x00, 0xCC, 0x00, 0x00, 0x00,
	0xD8, 0x00, 0x00, 0x00, 0xE4, 0x00, 0x00, 0x00, 0x44, 0x00, 0x00, 0x00,
	0xEC, 0x00, 0x00, 0x00, 0x50, 0x00, 0x00, 0x00, 0x4C, 0x00, 0x00, 0x00,
	0x10, 0x40, 0x2D, 0xE9, 0x08, 0xD0, 0x4D, 0xE2, 0x00, 0x40, 0xA0, 0xE1,
	0x04, 0x00, 0x8D, 0xE2, 0xA3, 0xF3, 0xFF, 0xEB, 0x04, 0x30, 0xDD, 0xE5,
	0xEC, 0x00, 0x53, 0xE3, 0xAD, 0x00, 0x53, 0x13, 0x04, 0x00, 0x00, 0x0A,
	0x2C, 0x00, 0x53, 0xE3, 0x02, 0x00, 0x00, 0x0A, 0x98, 0x00, 0x53, 0xE3,
	0x00, 0x00, 0x00, 0x0A, 0xFE, 0xFF, 0xFF, 0xEA, 0x05, 0x30, 0xDD, 0xE5,
	0x71, 0x30, 0x43, 0xE2, 0x80, 0x00, 0x53, 0xE3, 0x03, 0xF1, 0x8F, 0x90,
	0x9D, 0x00, 0x00, 0xEA, 0x93, 0x00, 0x00, 0xEA, 0x9B, 0x00, 0x00, 0xEA,
	0x9A, 0x00, 0x00, 0xEA, 0xA3, 0x00, 0x00, 0xEA, 0x98, 0x00, 0x00, 0xEA,
	0x97, 0x00, 0x00, 0xEA, 0x96, 0x00, 0x00, 0xEA, 0x95, 0x00, 0x00, 0xEA,
	0x9E, 0x00, 0x00, 0xEA, 0x93, 0x00, 0x00, 0xEA, 0x92, 0x00, 0x00, 0xEA,
	0x91, 0x00, 0x00, 0xEA, 0x90, 0x00, 0x00, 0xEA, 0x8F, 0x00, 0x00, 0xEA,
	0x8E, 0x00, 0x00, 0xEA, 0x8D, 0x00, 0x00, 0xEA, 0x8C, 0x00, 0x00, 0xEA,
	0x8B, 0x00, 0x00, 0xEA, 0x8A, 0x00, 0x00, 0xEA, 0x89, 0x00, 0x00, 0xEA,
	0x88, 0x00, 0x00, 0xEA, 0x87, 0x00, 0x00, 0xEA, 0x86, 0x00, 0x00, 0xEA,
	0x85, 0x00, 0x00, 0xEA, 0x84, 0x00, 0x00, 0xEA, 0x83, 0x00, 0x00, 0xEA,
	0x82, 0x00, 0x00, 0xEA, 0x81, 0x00, 0x00, 0xEA, 0x80, 0x00, 0x00, 0xEA,
	0x7F, 0x00, 0x00, 0xEA, 0x7E, 0x00, 0x00, 0xEA, 0x7D, 0x00, 0x00, 0xEA,
	0x7C, 0x00, 0x00, 0xEA, 0x7B, 0x00, 0x00, 0xEA, 0x7A, 0x00, 0x00, 0xEA,
	0x79, 0x00, 0x00, 0xEA, 0x78, 0x00, 0x00, 0xEA, 0x77, 0x00, 0x00, 0xEA,
	0x76, 0x00, 0x00, 0xEA, 0x75, 0x00, 0x00, 0xEA, 0x74, 0x00, 0x00, 0xEA,
	0x73, 0x00, 0x00, 0xEA, 0x72, 0x00, 0x00, 0xEA, 0x71, 0x00, 0x00, 0xEA,
	0x70, 0x00, 0x00, 0xEA, 0x6F, 0x00, 0x00, 0xEA, 0x6E, 0x00, 0x00, 0xEA,
	0x6D, 0x00, 0x00, 0xEA, 0x6C, 0x00, 0x00, 0xEA, 0x6B, 0x00, 0x00, 0xEA,
	0x6A, 0x00, 0x00, 0xEA, 0x69, 0x00, 0x00, 0xEA, 0x68, 0x00, 0x00, 0xEA,
	0x67, 0x00, 0x00, 0xEA, 0x66, 0x00, 0x00, 0xEA, 0x65, 0x00, 0x00, 0xEA,
	0x64, 0x00, 0x00, 0xEA, 0x63, 0x00, 0x00, 0xEA, 0x62, 0x00, 0x00, 0xEA,
	0x61, 0x00, 0x00, 0xEA, 0x60, 0x00, 0x00, 0xEA, 0x5F, 0x00, 0x00, 0xEA,
	0x5E, 0x00, 0x00, 0xEA, 0x5D, 0x00, 0x00, 0xEA, 0x5C, 0x00, 0x00, 0xEA,
	0x5B, 0x00, 0x00, 0xEA, 0x5A, 0x00, 0x00, 0xEA, 0x59, 0x00, 0x00, 0xEA,
	0x58, 0x00, 0x00, 0xEA, 0x57, 0x00, 0x00, 0xEA, 0x56, 0x00, 0x00, 0xEA,
	0x55, 0x00, 0x00, 0xEA, 0x54, 0x00, 0x00, 0xEA, 0x53, 0x00, 0x00, 0xEA,
	0x52, 0x00, 0x00, 0xEA, 0x51, 0x00, 0x00, 0xEA, 0x50, 0x00, 0x00, 0xEA,
	0x4F, 0x00, 0x00, 0xEA, 0x4E, 0x00, 0x00, 0xEA, 0x4D, 0x00, 0x00, 0xEA,
	0x56, 0x00, 0x00, 0xEA, 0x4B, 0x00, 0x00, 0xEA, 0x2D, 0x00, 0x00, 0xEA,
	0x49, 0x00, 0x00, 0xEA, 0x36, 0x00, 0x00, 0xEA, 0x47, 0x00, 0x00, 0xEA,
	0x46, 0x00, 0x00, 0xEA, 0x45, 0x00, 0x00, 0xEA, 0x44, 0x00, 0x00, 0xEA,
	0x3A, 0x00, 0x00, 0xEA, 0x42, 0x00, 0x00, 0xEA, 0x42, 0x00, 0x00, 0xEA,
	0x40, 0x00, 0x00, 0xEA, 0x3F, 0x00, 0x00, 0xEA, 0x3E, 0x00, 0x00, 0xEA,
	0x3D, 0x00, 0x00, 0xEA, 0x3C, 0x00, 0x00, 0xEA, 0x3B, 0x00, 0x00, 0xEA,
	0x1D, 0x00, 0x00, 0xEA, 0x39, 0x00, 0x00, 0xEA, 0x26, 0x00, 0x00, 0xEA,
	0x37, 0x00, 0x00, 0xEA, 0x36, 0x00, 0x00, 0xEA, 0x35, 0x00, 0x00, 0xEA,
	0x34, 0x00, 0x00, 0xEA, 0x2A, 0x00, 0x00, 0xEA, 0x32, 0x00, 0x00, 0xEA,
	0x32, 0x00, 0x00, 0xEA, 0x30, 0x00, 0x00, 0xEA, 0x2F, 0x00, 0x00, 0xEA,
	0x2E, 0x00, 0x00, 0xEA, 0x2D, 0x00, 0x00, 0xEA, 0x2C, 0x00, 0x00, 0xEA,
	0x2B, 0x00, 0x00, 0xEA, 0x2A, 0x00, 0x00, 0xEA, 0x29, 0x00, 0x00, 0xEA,
	0x28, 0x00, 0x00, 0xEA, 0x27, 0x00, 0x00, 0xEA, 0x26, 0x00, 0x00, 0xEA,
	0x25, 0x00, 0x00, 0xEA, 0x24, 0x00, 0x00, 0xEA, 0x23, 0x00, 0x00, 0xEA,
	0x22, 0x00, 0x00, 0xEA, 0x21, 0x00, 0x00, 0xEA, 0x20, 0x00, 0x00, 0xEA,
	0x1F, 0x00, 0x00, 0xEA, 0x1E, 0x00, 0x00, 0xEA, 0x1D, 0x00, 0x00, 0xEA,
	0x26, 0x00, 0x00, 0xEA, 0x07, 0x30, 0xDD, 0xE5, 0x20, 0x00, 0x13, 0xE3,
	0x2C, 0x00, 0x00, 0x0A, 0x04, 0x30, 0xA0, 0xE1, 0x3F, 0x1D, 0xA0, 0xE3,
	0x01, 0x24, 0xA0, 0xE3, 0x01, 0x07, 0xA0, 0xE3, 0x92, 0xFE, 0xFF, 0xEB,
	0x08, 0xD0, 0x8D, 0xE2, 0x10, 0x40, 0xBD, 0xE8, 0x1E, 0xFF, 0x2F, 0xE1,
	0x07, 0x30, 0xDD, 0xE5, 0x20, 0x00, 0x13, 0xE3, 0x33, 0x00, 0x00, 0x0A,
	0x04, 0x30, 0xA0, 0xE1, 0x7F, 0x1D, 0xA0, 0xE3, 0x01, 0x24, 0xA0, 0xE3,
	0x01, 0x07, 0xA0, 0xE3, 0x87, 0xFE, 0xFF, 0xEB, 0xF3, 0xFF, 0xFF, 0xEA,
	0x07, 0x30, 0xDD, 0xE5, 0x20, 0x00, 0x13, 0xE3, 0x1E, 0x00, 0x00, 0x0A,
	0x04, 0x30, 0xA0, 0xE1, 0x0F, 0x1D, 0xA0, 0xE3, 0x01, 0x24, 0xA0, 0xE3,
	0x01, 0x07, 0xA0, 0xE3, 0x7E, 0xFE, 0xFF, 0xEB, 0xEA, 0xFF, 0xFF, 0xEA,
	0xFE, 0xFF, 0xFF, 0xEA, 0x07, 0x30, 0xDD, 0xE5, 0x20, 0x00, 0x13, 0xE3,
	0x1A, 0x00, 0x00, 0x0A, 0x04, 0x30, 0xA0, 0xE1, 0x1F, 0x1D, 0xA0, 0xE3,
	0x01, 0x24, 0xA0, 0xE3, 0x01, 0x07, 0xA0, 0xE3, 0x74, 0xFE, 0xFF, 0xEB,
	0xE0, 0xFF, 0xFF, 0xEA, 0x07, 0x30, 0xDD, 0xE5, 0x20, 0x00, 0x13, 0xE3,
	0x1D, 0x00, 0x00, 0x0A, 0x04, 0x30, 0xA0, 0xE1, 0x07, 0x1D, 0xA0, 0xE3,
	0x01, 0x24, 0xA0, 0xE3, 0x01, 0x07, 0xA0, 0xE3, 0x6B, 0xFE, 0xFF, 0xEB,
	0xD7, 0xFF, 0xFF, 0xEA, 0x04, 0x30, 0xA0, 0xE1, 0x7F, 0x1D, 0xA0, 0xE3,
	0x02, 0x25, 0xA0, 0xE3, 0x02, 0x08, 0xA0, 0xE3, 0x65, 0xFE, 0xFF, 0xEB,
	0xD1, 0xFF, 0xFF, 0xEA, 0x04, 0x30, 0xA0, 0xE1, 0x1F, 0x1D, 0xA0, 0xE3,
	0x02, 0x25, 0xA0, 0xE3, 0x02, 0x08, 0xA0, 0xE3, 0x5F, 0xFE, 0xFF, 0xEB,
	0xCB, 0xFF, 0xFF, 0xEA, 0x04, 0x30, 0xA0, 0xE1, 0x3F, 0x1D, 0xA0, 0xE3,
	0x02, 0x25, 0xA0, 0xE3, 0x02, 0x08, 0xA0, 0xE3, 0x59, 0xFE, 0xFF, 0xEB,
	0xC5, 0xFF, 0xFF, 0xEA, 0x04, 0x30, 0xA0, 0xE1, 0xFF, 0x1D, 0xA0, 0xE3,
	0x02, 0x25, 0xA0, 0xE3, 0x02, 0x08, 0xA0, 0xE3, 0x53, 0xFE, 0xFF, 0xEB,
	0xBF, 0xFF, 0xFF, 0xEA, 0x04, 0x30, 0xA0, 0xE1, 0x0F, 0x1D, 0xA0, 0xE3,
	0x02, 0x25, 0xA0, 0xE3, 0x02, 0x08, 0xA0, 0xE3, 0x4D, 0xFE, 0xFF, 0xEB,
	0xB9, 0xFF, 0xFF, 0xEA, 0xF0, 0x4F, 0x2D, 0xE9, 0xE8, 0xA2, 0x9F, 0xE5,
	0xE8, 0x92, 0x9F, 0xE5, 0x0A, 0xA0, 0x8F, 0xE0, 0x09, 0x30, 0x9A, 0xE7,
	0x00, 0x20, 0xD3, 0xE5, 0x00, 0x00, 0x52, 0xE3, 0x14, 0xD0, 0x4D, 0xE2,
	0x67, 0x00, 0x00, 0x0A, 0xD0, 0x32, 0x9F, 0xE5, 0x03, 0x20, 0x9A, 0xE7,
	0xCC, 0x32, 0x9F, 0xE5, 0x00, 0xC0, 0x92, 0xE5, 0x03, 0x20, 0x9A, 0xE7,
	0xC4, 0x32, 0x9F, 0xE5, 0x00, 0x10, 0x92, 0xE5, 0x03, 0x20, 0x9A, 0xE7,
	0x01, 0xC0, 0x8C, 0xE0, 0x00, 0xE0, 0xD2, 0xE5, 0x2C, 0x41, 0xA0, 0xE1,
	0x34, 0xEE, 0xA0, 0xE1, 0xE1, 0x33, 0xA0, 0xE3, 0x21, 0x38, 0x83, 0xE2,
	0x21, 0x3D, 0x83, 0xE2, 0xAE, 0x20, 0xA0, 0xE1, 0x93, 0x12, 0x80, 0xE0,
	0x98, 0x22, 0x9F, 0xE5, 0x98, 0x32, 0x9F, 0xE5, 0x08, 0x20, 0x8D, 0xE5,
	0x0C, 0x30, 0x8D, 0xE5, 0x90, 0x32, 0x9F, 0xE5, 0x08, 0x50, 0x9D, 0xE5,
	0x8C, 0x12, 0x9F, 0xE5, 0x20, 0x02, 0xA0, 0xE1, 0x03, 0x20, 0x9A, 0xE7,
	0x00, 0x38, 0xA0, 0xE1, 0x23, 0x78, 0xA0, 0xE1, 0x01, 0x80, 0x9A, 0xE7,
	0x0C, 0x30, 0x9D, 0xE5, 0x05, 0x50, 0x9A, 0xE7, 0x70, 0xB2, 0x9F, 0xE5,
	0x00, 0x60, 0xD2, 0xE5, 0x04, 0x50, 0x8D, 0xE5, 0xB0, 0x20, 0xD8, 0xE1,
	0x03, 0x50, 0x9A, 0xE7, 0x60, 0x32, 0x9F, 0xE5, 0x0B, 0x10, 0x9A, 0xE7,
	0x07, 0x00, 0x52, 0xE1, 0x03, 0xC0, 0x0C, 0xE2, 0x03, 0x20, 0x9A, 0xE7,
	0x50, 0x32, 0x9F, 0xE5, 0x00, 0xC0, 0xC1, 0xE5, 0x04, 0x10, 0x9D, 0xE5,
	0x80, 0x02, 0x60, 0xE0, 0x00, 0xE0, 0x82, 0xE5, 0x03, 0x20, 0x9A, 0xE7,
	0x80, 0x00, 0x4E, 0xE0, 0x06, 0x40, 0x04, 0xE0, 0x00, 0x40, 0xC1, 0xE5,
	0x00, 0x00, 0xC5, 0xE5, 0xB0, 0x70, 0xC2, 0xE1, 0xB0, 0x70, 0xC8, 0x11,
	0x2D, 0xFA, 0xFF, 0x1B, 0x0B, 0x30, 0x9A, 0xE7, 0x00, 0x20, 0xD3, 0xE5,
	0x00, 0x00, 0x52, 0xE3, 0x41, 0x00, 0x00, 0x1A, 0x0C, 0x10, 0x9D, 0xE5,
	0x0C, 0x22, 0x9F, 0xE5, 0x01, 0x30, 0x9A, 0xE7, 0x00, 0xC0, 0xD3, 0xE5,
	0x02, 0x30, 0x9A, 0xE7, 0x00, 0x22, 0x9F, 0xE5, 0x00, 0x00, 0x93, 0xE5,
	0x02, 0x30, 0x9A, 0xE7, 0x00, 0x10, 0xD3, 0xE5, 0xF4, 0x31, 0x9F, 0xE5,
	0x00, 0x00, 0xDC, 0xE7, 0x03, 0x20, 0x9A, 0xE7, 0x0C, 0x00, 0x51, 0xE1,
	0x00, 0x00, 0xC2, 0xE5, 0x37, 0x00, 0x00, 0x0A, 0xFF, 0x00, 0x50, 0xE3,
	0x5E, 0x00, 0x00, 0x0A, 0x08, 0x50, 0x9D, 0xE5, 0x05, 0x30, 0x9A, 0xE7,
	0x00, 0x10, 0xD3, 0xE5, 0x04, 0xF7, 0xFF, 0xEB, 0x01, 0x00, 0xA0, 0xE3,
	0xDF, 0xF7, 0xFF, 0xEB, 0x2C, 0xF7, 0xFF, 0xEB, 0x0B, 0xC0, 0x9A, 0xE7,
	0xB8, 0x31, 0x9F, 0xE5, 0x00, 0x50, 0xDC, 0xE5, 0x03, 0x10, 0x9A, 0xE7,
	0x01, 0x30, 0x85, 0xE2, 0x00, 0x20, 0x91, 0xE5, 0x03, 0x30, 0x03, 0xE2,
	0x00, 0x30, 0xCC, 0xE5, 0xA0, 0x31, 0x9F, 0xE5, 0x01, 0x20, 0x42, 0xE2,
	0x09, 0xE0, 0x9A, 0xE7, 0x00, 0x20, 0x81, 0xE5, 0x03, 0x20, 0x9A, 0xE7,
	0x00, 0x40, 0xA0, 0xE3, 0x02, 0x00, 0xA0, 0xE3, 0x00, 0x40, 0xCE, 0xE5,
	0x00, 0x50, 0xC2, 0xE5, 0xCC, 0xF7, 0xFF, 0xEB, 0x04, 0x00, 0xA0, 0xE1,
	0x14, 0xD0, 0x8D, 0xE2, 0xF0, 0x4F, 0xBD, 0xE8, 0x1E, 0xFF, 0x2F, 0xE1,
	0x4C, 0xB1, 0x9F, 0xE5, 0x0B, 0x30, 0x9A, 0xE7, 0x00, 0x20, 0xD3, 0xE5,
	0x00, 0x00, 0x52, 0xE3, 0xE4, 0xFF, 0xFF, 0x1A, 0x28, 0x21, 0x9F, 0xE5,
	0x08, 0x20, 0x8D, 0xE5, 0x02, 0xC0, 0x9A, 0xE7, 0x24, 0x21, 0x9F, 0xE5,
	0x02, 0x10, 0x9A, 0xE7, 0x00, 0x30, 0xDC, 0xE5, 0x00, 0x00, 0xD1, 0xE5,
	0x01, 0x30, 0x83, 0xE2, 0x00, 0x30, 0x03, 0xE0, 0x00, 0x00, 0x53, 0xE3,
	0x00, 0x30, 0xCC, 0xE5, 0x17, 0x00, 0x00, 0x0A, 0xFC, 0xE0, 0x9F, 0xE5,
	0x0C, 0xE0, 0x8D, 0xE5, 0xBD, 0xFF, 0xFF, 0xEA, 0x09, 0x30, 0x9A, 0xE7,
	0x00, 0x20, 0xD3, 0xE5, 0x00, 0x00, 0x52, 0xE3, 0xB9, 0xFF, 0xFF, 0x1A,
	0xD0, 0xFF, 0xFF, 0xEA, 0x08, 0x20, 0x9D, 0xE5, 0x02, 0x30, 0x9A, 0xE7,
	0x00, 0x21, 0x9F, 0xE5, 0x00, 0xC0, 0xD3, 0xE5, 0x02, 0x30, 0x9A, 0xE7,
	0x00, 0x10, 0xD3, 0xE5, 0x0C, 0x00, 0x51, 0xE1, 0x24, 0x00, 0x00, 0x8A,
	0xEC, 0x30, 0x9F, 0xE5, 0x03, 0x20, 0x9A, 0xE7, 0x00, 0x00, 0xD2, 0xE5,
	0xFF, 0x00, 0x50, 0xE3, 0x1B, 0x00, 0x00, 0x0A, 0x0C, 0x10, 0xA0, 0xE1,
	0xC3, 0xF6, 0xFF, 0xEB, 0xBD, 0xFF, 0xFF, 0xEA, 0x9C, 0x30, 0x9F, 0xE5,
	0x0C, 0x30, 0x8D, 0xE5, 0x03, 0xC0, 0x9A, 0xE7, 0x00, 0x20, 0xDC, 0xE5,
	0xE1, 0x13, 0xA0, 0xE3, 0x01, 0x20, 0x82, 0xE2, 0xFF, 0x20, 0x02, 0xE2,
	0x21, 0x18, 0x81, 0xE2, 0xA2, 0x00, 0xA0, 0xE1, 0x21, 0x1D, 0x81, 0xE2,
	0x91, 0x50, 0x83, 0xE0, 0x23, 0x32, 0xA0, 0xE1, 0x83, 0x32, 0x63, 0xE0,
	0x83, 0x20, 0x42, 0xE0, 0xFF, 0x20, 0x02, 0xE2, 0x00, 0x00, 0x52, 0xE3,
	0x00, 0x20, 0xCC, 0xE5, 0x96, 0xFF, 0xFF, 0x1A, 0x5C, 0x30, 0x9F, 0xE5,
	0x03, 0x10, 0x9A, 0xE7, 0xB0, 0x20, 0xD1, 0xE1, 0x01, 0x20, 0x82, 0xE2,
	0xB0, 0x20, 0xC1, 0xE1, 0xBA, 0xF9, 0xFF, 0xEB, 0x8B, 0xFF, 0xFF, 0xEA,
	0x33, 0xF7, 0xFF, 0xEB, 0x00, 0x10, 0xA0, 0xE3, 0xA6, 0xF6, 0xFF, 0xEB,
	0xA0, 0xFF, 0xFF, 0xEA, 0x5C, 0x30, 0x9F, 0xE5, 0x03, 0x20, 0x9A, 0xE7,
	0x0C, 0x10, 0xA0, 0xE1, 0x00, 0x00, 0xD2, 0xE5, 0xA0, 0xF6, 0xFF, 0xEB,
	0x9A, 0xFF, 0xFF, 0xEA, 0x80, 0x13, 0x00, 0x00, 0x24, 0x00, 0x00, 0x00,
	0x7C, 0x00, 0x00, 0x00, 0xA0, 0x00, 0x00, 0x00, 0xE0, 0x00, 0x00, 0x00,
	0xB4, 0x00, 0x00, 0x00, 0x9C, 0x00, 0x00, 0x00, 0xBC, 0x00, 0x00, 0x00,
	0x40, 0x00, 0x00, 0x00, 0x80, 0x00, 0x00, 0x00, 0x2C, 0x00, 0x00, 0x00,
	0x84, 0x00, 0x00, 0x00, 0xB8, 0x00, 0x00, 0x00, 0xEC, 0x00, 0x00, 0x00,
	0x14, 0x00, 0x00, 0x00, 0xDC, 0x00, 0x00, 0x00, 0xD4, 0x00, 0x00, 0x00,
	0x4C, 0x00, 0x00, 0x00, 0x44, 0x00, 0x00, 0x00, 0xE4, 0x00, 0x00, 0x00,
	0x10, 0x44, 0x2D, 0xE9, 0x64, 0xA0, 0x9F, 0xE5, 0xFF, 0x00, 0x50, 0xE3,
	0x0A, 0xA0, 0x8F, 0xE0, 0x04, 0xD0, 0x4D, 0xE2, 0x00, 0x40, 0xA0, 0xE1,
	0x00, 0xC0, 0xA0, 0xE3, 0x09, 0x00, 0x00, 0x0A, 0x3A, 0xF9, 0xFF, 0xEB,
	0x00, 0x00, 0x50, 0xE3, 0x00, 0xC0, 0xA0, 0xE1, 0x09, 0x00, 0x00, 0x0A,
	0x3C, 0x30, 0x9F, 0xE5, 0x03, 0x20, 0x9A, 0xE7, 0x00, 0x10, 0x92, 0xE5,
	0x01, 0x30, 0xE0, 0xE3, 0x01, 0x30, 0xC4, 0xE7, 0xFE, 0xC0, 0xA0, 0xE3,
	0x0C, 0x00, 0xA0, 0xE1, 0x04, 0xD0, 0x8D, 0xE2, 0x10, 0x44, 0xBD, 0xE8,
	0x1E, 0xFF, 0x2F, 0xE1, 0x14, 0x30, 0x9F, 0xE5, 0x03, 0x20, 0x9A, 0xE7,
	0x00, 0x10, 0x92, 0xE5, 0x00, 0x30, 0xE0, 0xE3, 0x01, 0x30, 0xC4, 0xE7,
	0xF5, 0xFF, 0xFF, 0xEA, 0x3C, 0x10, 0x00, 0x00, 0x54, 0x00, 0x00, 0x00,
	0xF0, 0x47, 0x2D, 0xE9, 0xDC, 0xA0, 0x9F, 0xE5, 0xDC, 0x30, 0x9F, 0xE5,
	0x0A, 0xA0, 0x8F, 0xE0, 0x03, 0x70, 0x9A, 0xE7, 0xD4, 0x20, 0x9F, 0xE5,
	0xD4, 0x30, 0x9F, 0xE5, 0x02, 0x80, 0x9A, 0xE7, 0x03, 0x90, 0x9A, 0xE7,
	0x02, 0x50, 0xA0, 0xE3, 0x00, 0x30, 0xD7, 0xE5, 0xFF, 0x00, 0x53, 0xE3,
	0x1A, 0x00, 0x00, 0x0A, 0x00, 0x30, 0xD8, 0xE5, 0x00, 0x00, 0x53, 0xE3,
	0x17, 0x00, 0x00, 0x0A, 0xE3, 0xF8, 0xFF, 0xEB, 0xFF, 0x00, 0x50, 0xE3,
	0x00, 0x40, 0xA0, 0xE1, 0x00, 0x10, 0xA0, 0xE1, 0x00, 0x20, 0xA0, 0xE3,
	0x13, 0x00, 0x00, 0x0A, 0x00, 0x30, 0xD8, 0xE5, 0x00, 0x00, 0xD7, 0xE5,
	0x8C, 0xF8, 0xFF, 0xEB, 0x00, 0x60, 0x50, 0xE2, 0x04, 0x00, 0xA0, 0xE1,
	0x0F, 0x00, 0x00, 0x0A, 0x00, 0x30, 0x99, 0xE5, 0x01, 0x20, 0xE0, 0xE3,
	0x03, 0x20, 0xC4, 0xE7, 0xC1, 0xFF, 0xFF, 0xEB, 0x01, 0x30, 0x45, 0xE2,
	0xFF, 0x50, 0x03, 0xE2, 0xFF, 0x00, 0x55, 0xE3, 0xE5, 0xFF, 0xFF, 0x1A,
	0x06, 0x20, 0xA0, 0xE1, 0x02, 0x00, 0xA0, 0xE1, 0xF0, 0x47, 0xBD, 0xE8,
	0x1E, 0xFF, 0x2F, 0xE1, 0x00, 0x20, 0xA0, 0xE3, 0xFA, 0xFF, 0xFF, 0xEA,
	0x09, 0x20, 0xA0, 0xE3, 0xF8, 0xFF, 0xFF, 0xEA, 0x00, 0x00, 0xD7, 0xE5,
	0xB3, 0xFF, 0xFF, 0xEB, 0x34, 0x30, 0x9F, 0xE5, 0x03, 0xC0, 0x9A, 0xE7,
	0x00, 0x10, 0xD7, 0xE5, 0x00, 0x20, 0x9C, 0xE5, 0x01, 0x30, 0xE0, 0xE3,
	0x02, 0x30, 0xC1, 0xE7, 0x00, 0x00, 0x9C, 0xE5, 0x04, 0x30, 0x43, 0xE2,
	0x06, 0x20, 0xA0, 0xE1, 0x00, 0x30, 0xC4, 0xE7, 0x00, 0x40, 0xC7, 0xE5,
	0xEA, 0xFF, 0xFF, 0xEA, 0xC4, 0x0F, 0x00, 0x00, 0xE4, 0x00, 0x00, 0x00,
	0x4C, 0x00, 0x00, 0x00, 0x54, 0x00, 0x00, 0x00, 0xF0, 0x47, 0x2D, 0xE9,
	0x10, 0xA1, 0x9F, 0xE5, 0x10, 0x61, 0x9F, 0xE5, 0x0A, 0xA0, 0x8F, 0xE0,
	0x06, 0x30, 0x9A, 0xE7, 0x00, 0x20, 0xD3, 0xE5, 0xFF, 0x00, 0x52, 0xE3,
	0x34, 0x00, 0x00, 0x0A, 0xFC, 0x30, 0x9F, 0xE5, 0x03, 0x30, 0x9A, 0xE7,
	0x00, 0x20, 0xD3, 0xE5, 0xFF, 0x00, 0x52, 0xE3, 0x17, 0x00, 0x00, 0x0A,
	0xEC, 0x90, 0x9F, 0xE5, 0xEC, 0x80, 0x9F, 0xE5, 0x03, 0x70, 0xA0, 0xE1,
	0x02, 0x40, 0xA0, 0xE3, 0x06, 0x30, 0x9A, 0xE7, 0x09, 0x00, 0x9A, 0xE7,
	0x08, 0xC0, 0x9A, 0xE7, 0x00, 0x10, 0xD3, 0xE5, 0x00, 0x20, 0xD0, 0xE5,
	0x00, 0x30, 0xDC, 0xE5, 0x00, 0x00, 0xD7, 0xE5, 0x4E, 0xF8, 0xFF, 0xEB,
	0x00, 0x50, 0x50, 0xE2, 0x23, 0x00, 0x00, 0x0A, 0xA5, 0xFF, 0xFF, 0xEB,
	0x01, 0x30, 0x44, 0xE2, 0x00, 0x00, 0x50, 0xE3, 0xFF, 0x40, 0x03, 0xE2,
	0x02, 0x00, 0x00, 0x1A, 0xFF, 0x00, 0x54, 0xE3, 0xEE, 0xFF, 0xFF, 0x1A,
	0x02, 0x00, 0xA0, 0xE3, 0xF0, 0x47, 0xBD, 0xE8, 0x1E, 0xFF, 0x2F, 0xE1,
	0x8C, 0x30, 0x9F, 0xE5, 0x03, 0x20, 0x9A, 0xE7, 0x88, 0x30, 0x9F, 0xE5,
	0x00, 0x00, 0xD2, 0xE5, 0x03, 0x20, 0x9A, 0xE7, 0x00, 0x10, 0xD2, 0xE5,
	0x01, 0x00, 0x50, 0xE1, 0x0E, 0x00, 0x00, 0x0A, 0x74, 0x60, 0x9F, 0xE5,
	0x02, 0x50, 0xA0, 0xE3, 0x06, 0x30, 0x9A, 0xE7, 0x00, 0x00, 0xD3, 0xE5,
	0x1D, 0xF8, 0xFF, 0xEB, 0x00, 0x40, 0x50, 0xE2, 0x0F, 0x00, 0x00, 0x0A,
	0x8C, 0xFF, 0xFF, 0xEB, 0x01, 0x30, 0x45, 0xE2, 0x00, 0x00, 0x50, 0xE3,
	0xFF, 0x50, 0x03, 0xE2, 0xE9, 0xFF, 0xFF, 0x1A, 0xFF, 0x00, 0x55, 0xE3,
	0xF3, 0xFF, 0xFF, 0x1A, 0xE5, 0xFF, 0xFF, 0xEA, 0x9A, 0xF6, 0xFF, 0xEB,
	0x00, 0x00, 0xA0, 0xE3, 0xE3, 0xFF, 0xFF, 0xEA, 0x00, 0x00, 0xD7, 0xE5,
	0x62, 0xFF, 0xFF, 0xEB, 0x95, 0xF6, 0xFF, 0xEB, 0x05, 0x00, 0xA0, 0xE1,
	0xDE, 0xFF, 0xFF, 0xEA, 0x92, 0xF6, 0xFF, 0xEB, 0x04, 0x00, 0xA0, 0xE1,
	0xDB, 0xFF, 0xFF, 0xEA, 0xCC, 0x0E, 0x00, 0x00, 0xE4, 0x00, 0x00, 0x00,
	0x44, 0x00, 0x00, 0x00, 0x4C, 0x00, 0x00, 0x00, 0x68, 0x00, 0x00, 0x00,
	0xBC, 0x00, 0x00, 0x00, 0xF0, 0x45, 0x2D, 0xE9, 0x2C, 0xA1, 0x9F, 0xE5,
	0x2C, 0x31, 0x9F, 0xE5, 0x0A, 0xA0, 0x8F, 0xE0, 0x03, 0x20, 0x9A, 0xE7,
	0xA0, 0x04, 0xA0, 0xE1, 0x00, 0x10, 0x92, 0xE5, 0x1C, 0x21, 0x9F, 0xE5,
	0x01, 0x30, 0x80, 0xE2, 0x01, 0x00, 0x53, 0xE1, 0x02, 0x30, 0x9A, 0xE7,
	0x04, 0xD0, 0x4D, 0xE2, 0x00, 0x00, 0x83, 0xE5, 0x3B, 0x00, 0x00, 0x8A,
	0x04, 0x31, 0x9F, 0xE5, 0x03, 0x20, 0x9A, 0xE7, 0x00, 0x31, 0x9F, 0xE5,
	0x00, 0x10, 0x92, 0xE5, 0x03, 0x80, 0x9A, 0xE7, 0xF8, 0x30, 0x9F, 0xE5,
	0x01, 0x60, 0x80, 0xE0, 0x03, 0x20, 0x9A, 0xE7, 0x26, 0x51, 0xA0, 0xE1,
	0x00, 0x10, 0xD8, 0xE5, 0x05, 0x00, 0xA0, 0xE1, 0x00, 0x70, 0xD2, 0xE5,
	0xEC, 0x02, 0x00, 0xEB, 0xE1, 0x33, 0xA0, 0xE3, 0x21, 0x38, 0x83, 0xE2,
	0xA0, 0x10, 0xA0, 0xE1, 0x21, 0x3D, 0x83, 0xE2, 0x93, 0xC1, 0x82, 0xE0,
	0xC8, 0xC0, 0x9F, 0xE5, 0x0C, 0xC0, 0x9A, 0xE7, 0x22, 0x22, 0xA0, 0xE1,
	0x02, 0x38, 0xA0, 0xE1, 0xB0, 0x10, 0xDC, 0xE1, 0x23, 0x38, 0xA0, 0xE1,
	0x82, 0x22, 0x62, 0xE0, 0x82, 0x00, 0x40, 0xE0, 0x03, 0x00, 0x51, 0xE1,
	0xFF, 0x40, 0x00, 0xE2, 0xB0, 0x30, 0xCC, 0x11, 0xC6, 0xF8, 0xFF, 0x1B,
	0x9C, 0x30, 0x9F, 0xE5, 0x03, 0x20, 0x9A, 0xE7, 0x00, 0x10, 0xD2, 0xE5,
	0x04, 0x00, 0x51, 0xE1, 0x15, 0x00, 0x00, 0x0A, 0x8C, 0x30, 0x9F, 0xE5,
	0x03, 0x20, 0x9A, 0xE7, 0x00, 0x10, 0x92, 0xE5, 0x01, 0x00, 0xD4, 0xE7,
	0xFF, 0x00, 0x50, 0xE3, 0x14, 0x00, 0x00, 0x0A, 0x78, 0x30, 0x9F, 0xE5,
	0x03, 0x20, 0x9A, 0xE7, 0x00, 0x10, 0x92, 0xE5, 0x00, 0x20, 0xD8, 0xE5,
	0x00, 0x01, 0x91, 0xE7, 0x05, 0x30, 0x07, 0xE0, 0x90, 0x32, 0x2C, 0xE0,
	0x60, 0x30, 0x9F, 0xE5, 0x03, 0x20, 0x9A, 0xE7, 0x03, 0x10, 0x06, 0xE2,
	0x00, 0x00, 0x92, 0xE5, 0x0C, 0x11, 0x81, 0xE0, 0x81, 0x04, 0x80, 0xE0,
	0x04, 0xD0, 0x8D, 0xE2, 0xF0, 0x45, 0xBD, 0xE8, 0x1E, 0xFF, 0x2F, 0xE1,
	0x6A, 0xFF, 0xFF, 0xEB, 0x00, 0x00, 0x50, 0xE3, 0xE6, 0xFF, 0xFF, 0x0A,
	0x00, 0x00, 0xA0, 0xE3, 0xF7, 0xFF, 0xFF, 0xEA, 0x20, 0xF6, 0xFF, 0xEB,
	0xE8, 0xFF, 0xFF, 0xEA, 0x98, 0x0D, 0x00, 0x00, 0x20, 0x00, 0x00, 0x00,
	0x7C, 0x00, 0x00, 0x00, 0xA0, 0x00, 0x00, 0x00, 0x68, 0x00, 0x00, 0x00,
	0xBC, 0x00, 0x00, 0x00, 0x40, 0x00, 0x00, 0x00, 0xEC, 0x00, 0x00, 0x00,
	0xB8, 0x00, 0x00, 0x00, 0x28, 0x00, 0x00, 0x00, 0x58, 0x00, 0x00, 0x00,
	0xF0, 0x4F, 0x2D, 0xE9, 0x54, 0xA9, 0x9F, 0xE5, 0x54, 0x19, 0x9F, 0xE5,
	0x0A, 0xA0, 0x8F, 0xE0, 0x14, 0xD0, 0x4D, 0xE2, 0x0C, 0x10, 0x8D, 0xE5,
	0x01, 0x30, 0x9A, 0xE7, 0x00, 0x20, 0xD3, 0xE5, 0x00, 0x00, 0x52, 0xE3,
	0x8E, 0x00, 0x00, 0x0A, 0x38, 0x39, 0x9F, 0xE5, 0x03, 0x20, 0x9A, 0xE7,
	0x34, 0x39, 0x9F, 0xE5, 0x00, 0xC0, 0x92, 0xE5, 0x03, 0x20, 0x9A, 0xE7,
	0x2C, 0x39, 0x9F, 0xE5, 0x00, 0x10, 0x92, 0xE5, 0x03, 0x20, 0x9A, 0xE7,
	0x01, 0xC0, 0x8C, 0xE0, 0x00, 0xE0, 0xD2, 0xE5, 0x2C, 0x41, 0xA0, 0xE1,
	0x34, 0xEE, 0xA0, 0xE1, 0xE1, 0x33, 0xA0, 0xE3, 0x21, 0x38, 0x83, 0xE2,
	0x21, 0x3D, 0x83, 0xE2, 0xAE, 0x20, 0xA0, 0xE1, 0x93, 0x12, 0x80, 0xE0,
	0x00, 0x29, 0x9F, 0xE5, 0x00, 0x39, 0x9F, 0xE5, 0x20, 0x02, 0xA0, 0xE1,
	0x04, 0x20, 0x8D, 0xE5, 0x03, 0x20, 0x9A, 0xE7, 0x00, 0x38, 0xA0, 0xE1,
	0x23, 0x78, 0xA0, 0xE1, 0xEC, 0x18, 0x9F, 0xE5, 0x04, 0x30, 0x9D, 0xE5,
	0xE8, 0xB8, 0x9F, 0xE5, 0x01, 0x80, 0x9A, 0xE7, 0x03, 0x50, 0x9A, 0xE7,
	0x0B, 0x30, 0x9A, 0xE7, 0x03, 0xC0, 0x0C, 0xE2, 0x00, 0x60, 0xD2, 0xE5,
	0x00, 0xC0, 0xC3, 0xE5, 0xB0, 0x20, 0xD8, 0xE1, 0xCC, 0x38, 0x9F, 0xE5,
	0xCC, 0x98, 0x9F, 0xE5, 0x07, 0x00, 0x52, 0xE1, 0x03, 0x20, 0x9A, 0xE7,
	0xC4, 0x38, 0x9F, 0xE5, 0x09, 0x10, 0x9A, 0xE7, 0x80, 0x02, 0x60, 0xE0,
	0x00, 0xE0, 0x82, 0xE5, 0x03, 0x20, 0x9A, 0xE7, 0x80, 0x00, 0x4E, 0xE0,
	0x06, 0x40, 0x04, 0xE0, 0x00, 0x40, 0xC5, 0xE5, 0x00, 0x00, 0xC1, 0xE5,
	0xB0, 0x70, 0xC2, 0xE1, 0x06, 0x00, 0x00, 0x0A, 0xB0, 0x70, 0xC8, 0xE1,
	0x5C, 0xF8, 0xFF, 0xEB, 0x0C, 0x10, 0x9D, 0xE5, 0x01, 0x30, 0x9A, 0xE7,
	0x00, 0x20, 0xD3, 0xE5, 0x00, 0x00, 0x52, 0xE3, 0x5B, 0x00, 0x00, 0x0A,
	0x80, 0x28, 0x9F, 0xE5, 0x09, 0x40, 0x9A, 0xE7, 0x08, 0x20, 0x8D, 0xE5,
	0x02, 0x60, 0x9A, 0xE7, 0x00, 0x20, 0xD4, 0xE5, 0x00, 0x30, 0xD6, 0xE5,
	0x03, 0x00, 0x52, 0xE1, 0x7D, 0x00, 0x00, 0x0A, 0x0E, 0xFF, 0xFF, 0xEB,
	0x00, 0x00, 0x50, 0xE3, 0x98, 0x01, 0x00, 0x1A, 0xC2, 0xF7, 0xFF, 0xEB,
	0x54, 0x58, 0x9F, 0xE5, 0x05, 0x30, 0x9A, 0xE7, 0xFF, 0x00, 0x50, 0xE3,
	0x00, 0x00, 0xC3, 0xE5, 0x09, 0x40, 0xA0, 0x03, 0x6F, 0x00, 0x00, 0x0A,
	0x40, 0x38, 0x9F, 0xE5, 0x03, 0x20, 0x9A, 0xE7, 0x00, 0x10, 0x92, 0xE5,
	0x05, 0x30, 0xE0, 0xE3, 0x01, 0x30, 0xC0, 0xE7, 0x30, 0x38, 0x9F, 0xE5,
	0x00, 0x00, 0xD4, 0xE5, 0x03, 0x20, 0x9A, 0xE7, 0x00, 0x00, 0xC6, 0xE5,
	0x24, 0x88, 0x9F, 0xE5, 0x00, 0x10, 0x92, 0xE5, 0x08, 0x30, 0x9A, 0xE7,
	0x01, 0x20, 0xD0, 0xE7, 0xE8, 0xE7, 0x9F, 0xE5, 0x04, 0xE0, 0x8D, 0xE5,
	0x00, 0x20, 0xC3, 0xE5, 0x08, 0x30, 0x9A, 0xE7, 0x00, 0x20, 0xD3, 0xE5,
	0xFF, 0x00, 0x52, 0xE3, 0x00, 0xC8, 0x9F, 0xE5, 0x6C, 0x00, 0x00, 0x0A,
	0xF8, 0x37, 0x9F, 0xE5, 0xC4, 0x27, 0x9F, 0xE5, 0x03, 0x70, 0x9A, 0xE7,
	0x02, 0x60, 0x9A, 0xE7, 0xD8, 0x57, 0x9F, 0xE5, 0x02, 0x40, 0xA0, 0xE3,
	0x08, 0x30, 0x9A, 0xE7, 0x05, 0x20, 0x9A, 0xE7, 0x00, 0x00, 0xD3, 0xE5,
	0x00, 0x10, 0xD2, 0xE5, 0x00, 0x30, 0xD6, 0xE5, 0x00, 0x20, 0xD7, 0xE5,
	0x4B, 0xF7, 0xFF, 0xEB, 0x00, 0x00, 0x50, 0xE3, 0xC4, 0x01, 0x00, 0x0A,
	0xA2, 0xFE, 0xFF, 0xEB, 0x01, 0x30, 0x44, 0xE2, 0x00, 0x00, 0x50, 0xE3,
	0xFF, 0x40, 0x03, 0xE2, 0x68, 0x01, 0x00, 0x1A, 0xFF, 0x00, 0x54, 0xE3,
	0xEF, 0xFF, 0xFF, 0x1A, 0x0B, 0x20, 0x9A, 0xE7, 0x00, 0x30, 0xD2, 0xE5,
	0x00, 0x00, 0x53, 0xE3, 0x04, 0x30, 0x63, 0xE2, 0xFF, 0x60, 0x03, 0xE2,
	0x1E, 0x00, 0x00, 0x1A, 0x8C, 0x77, 0x9F, 0xE5, 0x07, 0x40, 0x9A, 0xE7,
	0x00, 0x30, 0x94, 0xE5, 0x03, 0x00, 0x56, 0xE1, 0x1B, 0x01, 0x00, 0x8A,
	0x7C, 0x87, 0x9F, 0xE5, 0x08, 0x10, 0x9D, 0xE5, 0x04, 0x30, 0x9D, 0xE5,
	0x01, 0x20, 0x9A, 0xE7, 0x03, 0xC0, 0x9A, 0xE7, 0x50, 0x37, 0x9F, 0xE5,
	0x00, 0x40, 0xD2, 0xE5, 0x03, 0x20, 0x9A, 0xE7, 0x60, 0x37, 0x9F, 0xE5,
	0x00, 0x00, 0xD2, 0xE5, 0x03, 0x20, 0x9A, 0xE7, 0x00, 0x10, 0xDC, 0xE5,
	0x0B, 0x40, 0xC2, 0xE5, 0xF1, 0xF4, 0xFF, 0xEB, 0x11, 0x00, 0x00, 0xEA,
	0x14, 0xB7, 0x9F, 0xE5, 0x0B, 0x30, 0x9A, 0xE7, 0x00, 0x20, 0xD3, 0xE5,
	0x00, 0x00, 0x52, 0xE3, 0xAD, 0x00, 0x00, 0x0A, 0x0B, 0x30, 0x9A, 0xE7,
	0x00, 0x30, 0xD3, 0xE5, 0x00, 0x00, 0x53, 0xE3, 0x04, 0x30, 0x63, 0x12,
	0xFF, 0x60, 0x03, 0x12, 0x48, 0x00, 0x00, 0x0A, 0x0C, 0x10, 0x9D, 0xE5,
	0x01, 0x30, 0x9A, 0xE7, 0x00, 0x20, 0xD3, 0xE5, 0x00, 0x00, 0x52, 0xE3,
	0x4D, 0x00, 0x00, 0x1A, 0x00, 0x87, 0x9F, 0xE5, 0xF8, 0x76, 0x9F, 0xE5,
	0x0B, 0x40, 0x9A, 0xE7, 0x08, 0x50, 0x9A, 0xE7, 0x00, 0x30, 0xD4, 0xE5,
	0x05, 0x00, 0xA0, 0xE3, 0x00, 0x30, 0xC5, 0xE5, 0xB5, 0xF5, 0xFF, 0xEB,
	0x07, 0x30, 0x9A, 0xE7, 0x00, 0x10, 0x93, 0xE5, 0x01, 0x00, 0x51, 0xE3,
	0xBA, 0x00, 0x00, 0x0A, 0x0B, 0xE0, 0x9A, 0xE7, 0x00, 0x30, 0xDE, 0xE5,
	0x03, 0x00, 0x53, 0xE3, 0x2E, 0x01, 0x00, 0x0A, 0x0C, 0x20, 0x9D, 0xE5,
	0x07, 0x00, 0x9A, 0xE7, 0x02, 0xC0, 0x9A, 0xE7, 0x01, 0x30, 0x83, 0xE2,
	0x00, 0x20, 0xA0, 0xE3, 0x01, 0x10, 0x41, 0xE2, 0x03, 0x30, 0x03, 0xE2,
	0x00, 0x10, 0x80, 0xE5, 0x00, 0x30, 0xCE, 0xE5, 0x00, 0x20, 0xCC, 0xE5,
	0x02, 0x40, 0xA0, 0xE1, 0x04, 0x00, 0xA0, 0xE1, 0x14, 0xD0, 0x8D, 0xE2,
	0xF0, 0x4F, 0xBD, 0xE8, 0x1E, 0xFF, 0x2F, 0xE1, 0x4C, 0x36, 0x9F, 0xE5,
	0x78, 0xC6, 0x9F, 0xE5, 0x04, 0x30, 0x8D, 0xE5, 0x03, 0x20, 0x9A, 0xE7,
	0x0C, 0x10, 0x9A, 0xE7, 0x00, 0x00, 0xD2, 0xE5, 0x00, 0x30, 0xD1, 0xE5,
	0x03, 0x00, 0x50, 0xE1, 0x78, 0xFF, 0xFF, 0x3A, 0x54, 0x86, 0x9F, 0xE5,
	0x08, 0x30, 0x9A, 0xE7, 0x00, 0x20, 0xD3, 0xE5, 0xFF, 0x00, 0x52, 0xE3,
	0x92, 0xFF, 0xFF, 0x1A, 0x0C, 0x10, 0x9A, 0xE7, 0x00, 0x30, 0xD1, 0xE5,
	0x00, 0x00, 0x53, 0xE3, 0x8E, 0xFF, 0xFF, 0x1A, 0x04, 0x20, 0x9D, 0xE5,
	0x02, 0x30, 0x9A, 0xE7, 0x00, 0x20, 0xD3, 0xE5, 0x00, 0x00, 0x52, 0xE3,
	0x89, 0xFF, 0xFF, 0x0A, 0x01, 0x50, 0xA0, 0xE1, 0x02, 0x40, 0xA0, 0xE3,
	0x00, 0x00, 0xA0, 0xE3, 0xC6, 0xF6, 0xFF, 0xEB, 0x00, 0x00, 0x50, 0xE3,
	0x67, 0x01, 0x00, 0x0A, 0x35, 0xFE, 0xFF, 0xEB, 0x01, 0x30, 0x44, 0xE2,
	0x00, 0x00, 0x50, 0xE3, 0xFF, 0x40, 0x03, 0xE2, 0xFB, 0x00, 0x00, 0x1A,
	0xFF, 0x00, 0x54, 0xE3, 0xF4, 0xFF, 0xFF, 0x1A, 0x91, 0xFF, 0xFF, 0xEA,
	0xD4, 0x25, 0x9F, 0xE5, 0xC8, 0x95, 0x9F, 0xE5, 0x08, 0x20, 0x8D, 0xE5,
	0x02, 0x60, 0x9A, 0xE7, 0x09, 0x40, 0x9A, 0xE7, 0x00, 0x30, 0xD6, 0xE5,
	0x00, 0x20, 0xD4, 0xE5, 0x03, 0x00, 0x52, 0xE1, 0x53, 0xFF, 0xFF, 0x1A,
	0xD0, 0xFF, 0xFF, 0xEA, 0xBC, 0x35, 0x9F, 0xE5, 0x03, 0x20, 0x9A, 0xE7,
	0x00, 0x00, 0xD2, 0xE5, 0xFF, 0x00, 0x50, 0xE3, 0x0E, 0x01, 0x00, 0x0A,
	0x7C, 0x25, 0x9F, 0xE5, 0x04, 0x20, 0x8D, 0xE5, 0x02, 0x40, 0x9A, 0xE7,
	0x00, 0x10, 0xD4, 0xE5, 0x88, 0xF4, 0xFF, 0xEB, 0x01, 0x00, 0xA0, 0xE3,
	0x63, 0xF5, 0xFF, 0xEB, 0xB0, 0xF4, 0xFF, 0xEB, 0x00, 0x00, 0x50, 0xE3,
	0xBC, 0x00, 0x00, 0x1A, 0x0B, 0x20, 0x9A, 0xE7, 0x88, 0x85, 0x9F, 0xE5,
	0x00, 0x10, 0xD2, 0xE5, 0x08, 0x30, 0x9A, 0xE7, 0x00, 0x00, 0x51, 0xE3,
	0x00, 0x00, 0xC3, 0xE5, 0x0A, 0x00, 0x00, 0x0A, 0x03, 0x40, 0xA0, 0xE1,
	0x02, 0x50, 0xA0, 0xE1, 0x03, 0x00, 0xA0, 0xE3, 0x55, 0xF5, 0xFF, 0xEB,
	0x00, 0x30, 0xD4, 0xE5, 0x00, 0x10, 0xD5, 0xE5, 0x01, 0x30, 0x83, 0xE2,
	0xFF, 0x30, 0x03, 0xE2, 0x03, 0x00, 0x51, 0xE1, 0x00, 0x30, 0xC4, 0xE5,
	0xF6, 0xFF, 0xFF, 0x8A, 0x40, 0x75, 0x9F, 0xE5, 0x07, 0x30, 0x9A, 0xE7,
	0x00, 0x20, 0x93, 0xE5, 0x02, 0x00, 0x56, 0xE1, 0x0E, 0x00, 0x00, 0x9A,
	0x01, 0x30, 0x81, 0xE2, 0xFF, 0x30, 0x03, 0xE2, 0x08, 0x20, 0x9A, 0xE7,
	0x03, 0x00, 0x53, 0xE3, 0x00, 0x30, 0xC2, 0xE5, 0x08, 0x00, 0x00, 0x8A,
	0x02, 0x40, 0xA0, 0xE1, 0x03, 0x00, 0xA0, 0xE3, 0x40, 0xF5, 0xFF, 0xEB,
	0x00, 0x30, 0xD4, 0xE5, 0x01, 0x30, 0x83, 0xE2, 0xFF, 0x30, 0x03, 0xE2,
	0x03, 0x00, 0x53, 0xE3, 0x00, 0x30, 0xC4, 0xE5, 0xF7, 0xFF, 0xFF, 0x9A,
	0x04, 0x30, 0x9D, 0xE5, 0x03, 0xC0, 0x9A, 0xE7, 0xD0, 0x34, 0x9F, 0xE5,
	0x03, 0x20, 0x9A, 0xE7, 0xCC, 0x34, 0x9F, 0xE5, 0x00, 0x40, 0xD2, 0xE5,
	0x03, 0x20, 0x9A, 0xE7, 0xDC, 0x34, 0x9F, 0xE5, 0x00, 0x00, 0xD2, 0xE5,
	0x03, 0x20, 0x9A, 0xE7, 0x00, 0x10, 0xDC, 0xE5, 0x0B, 0x40, 0xC2, 0xE5,
	0x50, 0xF4, 0xFF, 0xEB, 0x0B, 0x00, 0x9A, 0xE7, 0x00, 0x20, 0xD0, 0xE5,
	0x08, 0x10, 0x9A, 0xE7, 0x00, 0x30, 0xA0, 0xE3, 0x00, 0x00, 0x52, 0xE3,
	0x00, 0x30, 0xC1, 0xE5, 0x6A, 0xFF, 0xFF, 0x0A, 0x01, 0x40, 0xA0, 0xE1,
	0x00, 0x50, 0xA0, 0xE1, 0x06, 0x00, 0xA0, 0xE3, 0x22, 0xF5, 0xFF, 0xEB,
	0x00, 0x30, 0xD4, 0xE5, 0x00, 0x20, 0xD5, 0xE5, 0x01, 0x30, 0x83, 0xE2,
	0xFF, 0x30, 0x03, 0xE2, 0x03, 0x00, 0x52, 0xE1, 0x00, 0x30, 0xC4, 0xE5,
	0xF6, 0xFF, 0xFF, 0x8A, 0x5E, 0xFF, 0xFF, 0xEA, 0x3C, 0xE4, 0x9F, 0xE5,
	0x3C, 0x24, 0x9F, 0xE5, 0x04, 0xE0, 0x8D, 0xE5, 0x0E, 0xC0, 0x9A, 0xE7,
	0x02, 0x10, 0x9A, 0xE7, 0x00, 0x30, 0xDC, 0xE5, 0x00, 0x00, 0xD1, 0xE5,
	0x01, 0x30, 0x83, 0xE2, 0x00, 0x30, 0x03, 0xE0, 0x00, 0x00, 0x53, 0xE3,
	0x00, 0x30, 0xCC, 0xE5, 0x45, 0xFF, 0xFF, 0x1A, 0x20, 0x94, 0x9F, 0xE5,
	0x09, 0xC0, 0x9A, 0xE7, 0x00, 0x20, 0xDC, 0xE5, 0xE1, 0x13, 0xA0, 0xE3,
	0x01, 0x20, 0x82, 0xE2, 0xFF, 0x20, 0x02, 0xE2, 0x21, 0x18, 0x81, 0xE2,
	0xA2, 0x00, 0xA0, 0xE1, 0x21, 0x1D, 0x81, 0xE2, 0x91, 0xE0, 0x83, 0xE0,
	0x23, 0x32, 0xA0, 0xE1, 0x83, 0x32, 0x63, 0xE0, 0x83, 0x20, 0x42, 0xE0,
	0xFF, 0x20, 0x02, 0xE2, 0x00, 0x00, 0x52, 0xE3, 0x00, 0x20, 0xCC, 0xE5,
	0x34, 0xFF, 0xFF, 0x1A, 0xD0, 0x33, 0x9F, 0xE5, 0x03, 0x10, 0x9A, 0xE7,
	0xB0, 0x20, 0xD1, 0xE1, 0x01, 0x20, 0x82, 0xE2, 0xB0, 0x20, 0xC1, 0xE1,
	0x2A, 0xF7, 0xFF, 0xEB, 0xCC, 0xFE, 0xFF, 0xEA, 0x01, 0x00, 0x56, 0xE3,
	0x42, 0xFF, 0xFF, 0x9A, 0xD0, 0x83, 0x9F, 0xE5, 0x08, 0x30, 0x9A, 0xE7,
	0x00, 0x20, 0xD3, 0xE5, 0xFF, 0x00, 0x52, 0xE3, 0xB5, 0x00, 0x00, 0x0A,
	0x00, 0x30, 0xD4, 0xE5, 0x01, 0x30, 0x83, 0xE2, 0xFF, 0x30, 0x03, 0xE2,
	0x03, 0x00, 0x53, 0xE3, 0x00, 0x30, 0xC5, 0xE5, 0x08, 0x00, 0x00, 0x8A,
	0x05, 0x40, 0xA0, 0xE1, 0x06, 0x00, 0xA0, 0xE3, 0xE6, 0xF4, 0xFF, 0xEB,
	0x00, 0x30, 0xD4, 0xE5, 0x01, 0x30, 0x83, 0xE2, 0xFF, 0x30, 0x03, 0xE2,
	0x03, 0x00, 0x53, 0xE3, 0x00, 0x30, 0xC4, 0xE5, 0xF7, 0xFF, 0xFF, 0x9A,
	0x1B, 0xF4, 0xFF, 0xEB, 0x04, 0x00, 0xA0, 0xE3, 0xDD, 0xF4, 0xFF, 0xEB,
	0xCC, 0xF4, 0xFF, 0xEB, 0x00, 0x00, 0x50, 0xE3, 0x56, 0x00, 0x00, 0x1A,
	0x6C, 0x33, 0x9F, 0xE5, 0x03, 0xC0, 0x9A, 0xE7, 0x74, 0x33, 0x9F, 0xE5,
	0x00, 0x20, 0xDC, 0xE5, 0x03, 0x10, 0x9A, 0xE7, 0x01, 0x20, 0x82, 0xE2,
	0x00, 0x00, 0xD1, 0xE5, 0xFF, 0x20, 0x02, 0xE2, 0x02, 0x00, 0x50, 0xE1,
	0x00, 0x20, 0xCC, 0xE5, 0xA8, 0x00, 0x00, 0x0A, 0x0B, 0xC0, 0x9A, 0xE7,
	0x07, 0x00, 0x9A, 0xE7, 0x0C, 0x10, 0x9D, 0xE5, 0x00, 0x30, 0xDC, 0xE5,
	0x00, 0x20, 0x90, 0xE5, 0x01, 0xE0, 0x9A, 0xE7, 0x01, 0x30, 0x83, 0xE2,
	0x00, 0x10, 0xA0, 0xE3, 0x01, 0x20, 0x42, 0xE2, 0x03, 0x30, 0x03, 0xE2,
	0x01, 0x40, 0xA0, 0xE1, 0x00, 0x20, 0x80, 0xE5, 0x00, 0x30, 0xCC, 0xE5,
	0x00, 0x10, 0xCE, 0xE5, 0x1D, 0xFF, 0xFF, 0xEA, 0x08, 0x30, 0x9A, 0xE7,
	0x00, 0x00, 0xD3, 0xE5, 0xFF, 0x00, 0x50, 0xE3, 0xDF, 0xFE, 0xFF, 0x0A,
	0x04, 0xE0, 0x9D, 0xE5, 0x0E, 0x30, 0x9A, 0xE7, 0x00, 0x10, 0xD3, 0xE5,
	0xDB, 0xF3, 0xFF, 0xEB, 0x01, 0x00, 0xA0, 0xE3, 0xB6, 0xF4, 0xFF, 0xEB,
	0x03, 0xF4, 0xFF, 0xEB, 0x00, 0x00, 0x50, 0xE3, 0xD6, 0xFE, 0xFF, 0x1A,
	0xD8, 0x82, 0x9F, 0xE5, 0x00, 0x30, 0xD4, 0xE5, 0x08, 0x20, 0x9A, 0xE7,
	0x03, 0x00, 0x53, 0xE3, 0x00, 0x30, 0xC2, 0xE5, 0xD1, 0xFE, 0xFF, 0x8A,
	0x02, 0x40, 0xA0, 0xE1, 0x03, 0x00, 0xA0, 0xE3, 0xAA, 0xF4, 0xFF, 0xEB,
	0x00, 0x30, 0xD4, 0xE5, 0x01, 0x30, 0x83, 0xE2, 0xFF, 0x30, 0x03, 0xE2,
	0x03, 0x00, 0x53, 0xE3, 0x00, 0x30, 0xC4, 0xE5, 0xF7, 0xFF, 0xFF, 0x9A,
	0xC7, 0xFE, 0xFF, 0xEA, 0x7C, 0x32, 0x9F, 0xE5, 0x03, 0x20, 0x9A, 0xE7,
	0x78, 0x32, 0x9F, 0xE5, 0x00, 0xC0, 0xD2, 0xE5, 0x03, 0x20, 0x9A, 0xE7,
	0x88, 0x32, 0x9F, 0xE5, 0x00, 0x00, 0xD2, 0xE5, 0x03, 0x20, 0x9A, 0xE7,
	0x00, 0x10, 0xD4, 0xE5, 0x0B, 0xC0, 0xC2, 0xE5, 0xBB, 0xF3, 0xFF, 0xEB,
	0x0B, 0x00, 0x9A, 0xE7, 0x68, 0x82, 0x9F, 0xE5, 0x00, 0x20, 0xD0, 0xE5,
	0x08, 0x10, 0x9A, 0xE7, 0x00, 0x30, 0xA0, 0xE3, 0x00, 0x00, 0x52, 0xE3,
	0x00, 0x30, 0xC1, 0xE5, 0x0A, 0x00, 0x00, 0x0A, 0x01, 0x40, 0xA0, 0xE1,
	0x00, 0x50, 0xA0, 0xE1, 0x09, 0x00, 0xA0, 0xE3, 0x8C, 0xF4, 0xFF, 0xEB,
	0x00, 0x30, 0xD4, 0xE5, 0x00, 0x20, 0xD5, 0xE5, 0x01, 0x30, 0x83, 0xE2,
	0xFF, 0x30, 0x03, 0xE2, 0x03, 0x00, 0x52, 0xE1, 0x00, 0x30, 0xC4, 0xE5,
	0xF6, 0xFF, 0xFF, 0x8A, 0x1C, 0x72, 0x9F, 0xE5, 0xC7, 0xFE, 0xFF, 0xEA,
	0x37, 0xFD, 0xFF, 0xEB, 0x00, 0x00, 0x50, 0xE3, 0xA5, 0xFF, 0xFF, 0x0A,
	0x00, 0x40, 0xA0, 0xE1, 0xDB, 0xFE, 0xFF, 0xEA, 0xB9, 0xF3, 0xFF, 0xEB,
	0x04, 0x00, 0xA0, 0xE3, 0x7B, 0xF4, 0xFF, 0xEB, 0x6A, 0xF4, 0xFF, 0xEB,
	0x00, 0x00, 0x50, 0xE3, 0x00, 0x40, 0xA0, 0x01, 0x62, 0x00, 0x00, 0x1A,
	0xE0, 0x31, 0x9F, 0xE5, 0x03, 0xC0, 0x9A, 0xE7, 0xE8, 0x31, 0x9F, 0xE5,
	0x00, 0x20, 0xDC, 0xE5, 0x03, 0x10, 0x9A, 0xE7, 0x01, 0x20, 0x82, 0xE2,
	0x00, 0x00, 0xD1, 0xE5, 0xFF, 0x20, 0x02, 0xE2, 0x02, 0x00, 0x50, 0xE1,
	0x00, 0x20, 0xCC, 0xE5, 0x4B, 0x00, 0x00, 0x0A, 0x0B, 0xE0, 0x9A, 0xE7,
	0x07, 0x00, 0x9A, 0xE7, 0x0C, 0x30, 0x9D, 0xE5, 0x00, 0x10, 0xDE, 0xE5,
	0x00, 0x20, 0x90, 0xE5, 0x03, 0xC0, 0x9A, 0xE7, 0x00, 0x00, 0x54, 0xE3,
	0x01, 0x10, 0x81, 0xE2, 0x01, 0x20, 0x42, 0xE2, 0x03, 0x10, 0x01, 0xE2,
	0x00, 0x30, 0xA0, 0xE3, 0x10, 0x40, 0xA0, 0x13, 0x00, 0x40, 0xA0, 0x03,
	0x00, 0x20, 0x80, 0xE5, 0x00, 0x30, 0xCC, 0xE5, 0x00, 0x10, 0xCE, 0xE5,
	0xB8, 0xFE, 0xFF, 0xEA, 0x5C, 0x31, 0x9F, 0xE5, 0x03, 0x20, 0x9A, 0xE7,
	0x58, 0x31, 0x9F, 0xE5, 0x00, 0xC0, 0xD2, 0xE5, 0x03, 0x20, 0x9A, 0xE7,
	0x2C, 0x31, 0x9F, 0xE5, 0x00, 0x00, 0xD2, 0xE5, 0x03, 0x20, 0x9A, 0xE7,
	0x5C, 0x31, 0x9F, 0xE5, 0x00, 0x10, 0xD2, 0xE5, 0x03, 0x20, 0x9A, 0xE7,
	0x0B, 0xC0, 0xC2, 0xE5, 0x71, 0xF3, 0xFF, 0xEB, 0x0B, 0x00, 0x9A, 0xE7,
	0x40, 0x81, 0x9F, 0xE5, 0x00, 0x20, 0xD0, 0xE5, 0x08, 0x10, 0x9A, 0xE7,
	0x00, 0x30, 0xA0, 0xE3, 0x00, 0x00, 0x52, 0xE3, 0x00, 0x30, 0xC1, 0xE5,
	0xC0, 0xFF, 0xFF, 0x0A, 0x01, 0x40, 0xA0, 0xE1, 0x00, 0x50, 0xA0, 0xE1,
	0x09, 0x00, 0xA0, 0xE3, 0x42, 0xF4, 0xFF, 0xEB, 0x00, 0x30, 0xD4, 0xE5,
	0x00, 0x20, 0xD5, 0xE5, 0x01, 0x30, 0x83, 0xE2, 0xFF, 0x30, 0x03, 0xE2,
	0x03, 0x00, 0x52, 0xE1, 0x00, 0x30, 0xC4, 0xE5, 0xF6, 0xFF, 0xFF, 0x8A,
	0xF4, 0x70, 0x9F, 0xE5, 0x7D, 0xFE, 0xFF, 0xEA, 0x00, 0x30, 0xD4, 0xE5,
	0x01, 0x30, 0x83, 0xE2, 0xFF, 0x30, 0x03, 0xE2, 0x03, 0x00, 0x53, 0xE3,
	0x00, 0x30, 0xC5, 0xE5, 0x52, 0xFF, 0xFF, 0x8A, 0x05, 0x40, 0xA0, 0xE1,
	0x09, 0x00, 0xA0, 0xE3, 0x30, 0xF4, 0xFF, 0xEB, 0x00, 0x30, 0xD4, 0xE5,
	0x01, 0x30, 0x83, 0xE2, 0xFF, 0x30, 0x03, 0xE2, 0x03, 0x00, 0x53, 0xE3,
	0x00, 0x30, 0xC4, 0xE5, 0xF7, 0xFF, 0xFF, 0x9A, 0x48, 0xFF, 0xFF, 0xEA,
	0x00, 0x30, 0xD6, 0xE5, 0x00, 0x30, 0xC7, 0xE5, 0x3E, 0xFE, 0xFF, 0xEA,
	0x08, 0x30, 0x9A, 0xE7, 0x00, 0x00, 0xD3, 0xE5, 0xFF, 0x00, 0x50, 0xE3,
	0xB9, 0xFC, 0xFF, 0x1B, 0xEC, 0xF3, 0xFF, 0xEB, 0x50, 0xFF, 0xFF, 0xEA,
	0x80, 0x30, 0x9F, 0xE5, 0x03, 0x20, 0x9A, 0xE7, 0x00, 0x00, 0xD2, 0xE5,
	0xFF, 0x00, 0x50, 0xE3, 0xB2, 0xFC, 0xFF, 0x1B, 0xE5, 0xF3, 0xFF, 0xEB,
	0xAC, 0xFF, 0xFF, 0xEA, 0x04, 0xE0, 0x9D, 0xE5, 0x0E, 0x30, 0x9A, 0xE7,
	0x00, 0x20, 0xD3, 0xE5, 0x00, 0x20, 0xC5, 0xE5, 0x2C, 0xFE, 0xFF, 0xEA,
	0xC8, 0xFC, 0xFF, 0xEB, 0x00, 0x00, 0x50, 0xE3, 0x01, 0x40, 0xA0, 0x03,
	0x98, 0xFF, 0xFF, 0x0A, 0x00, 0x40, 0xA0, 0xE1, 0x6B, 0xFE, 0xFF, 0xEA,
	0x34, 0x0C, 0x00, 0x00, 0x24, 0x00, 0x00, 0x00, 0x7C, 0x00, 0x00, 0x00,
	0xA0, 0x00, 0x00, 0x00, 0xE0, 0x00, 0x00, 0x00, 0xB4, 0x00, 0x00, 0x00,
	0xBC, 0x00, 0x00, 0x00, 0x40, 0x00, 0x00, 0x00, 0x80, 0x00, 0x00, 0x00,
	0x2C, 0x00, 0x00, 0x00, 0x9C, 0x00, 0x00, 0x00, 0x84, 0x00, 0x00, 0x00,
	0xEC, 0x00, 0x00, 0x00, 0xE4, 0x00, 0x00, 0x00, 0x54, 0x00, 0x00, 0x00,
	0xB8, 0x00, 0x00, 0x00, 0x44, 0x00, 0x00, 0x00, 0x4C, 0x00, 0x00, 0x00,
	0xDC, 0x00, 0x00, 0x00, 0xD4, 0x00, 0x00, 0x00, 0x74, 0x00, 0x00, 0x00,
	0x68, 0x00, 0x00, 0x00, 0xF0, 0x4F, 0x2D, 0xE9, 0xDC, 0xA0, 0x9F, 0xE5,
	0xDC, 0x30, 0x9F, 0xE5, 0x0A, 0xA0, 0x8F, 0xE0, 0x14, 0xD0, 0x4D, 0xE2,
	0xD4, 0xC0, 0x9F, 0xE5, 0x08, 0x30, 0x8D, 0xE5, 0x03, 0x30, 0x9A, 0xE7,
	0x00, 0xE0, 0x93, 0xE5, 0x0C, 0x30, 0x9A, 0xE7, 0x00, 0x40, 0x93, 0xE5,
	0x01, 0xE0, 0x8E, 0xE2, 0x04, 0x00, 0x5E, 0xE1, 0x01, 0xB0, 0xA0, 0xE1,
	0x02, 0xC0, 0xA0, 0xE1, 0x26, 0x00, 0x00, 0x8A, 0xAC, 0x30, 0x9F, 0xE5,
	0x03, 0x20, 0x9A, 0xE7, 0x00, 0x10, 0xE0, 0xE3, 0x00, 0x10, 0x82, 0xE5,
	0xA0, 0x30, 0x9F, 0xE5, 0xA0, 0x20, 0x9F, 0xE5, 0x03, 0x30, 0x9A, 0xE7,
	0x02, 0x20, 0x9A, 0xE7, 0x98, 0x10, 0x9F, 0xE5, 0x0C, 0x30, 0x8D, 0xE5,
	0x00, 0x20, 0x8D, 0xE5, 0x04, 0x10, 0x8D, 0xE5, 0xA0, 0x94, 0xA0, 0xE1,
	0xAC, 0x74, 0xA0, 0xE1, 0x08, 0x20, 0x9D, 0xE5, 0x04, 0xC0, 0x9D, 0xE5,
	0x02, 0x30, 0x9A, 0xE7, 0x0C, 0x10, 0x9D, 0xE5, 0x0C, 0x20, 0x9A, 0xE7,
	0x00, 0x90, 0x83, 0xE5, 0x00, 0x00, 0x57, 0xE3, 0x01, 0x30, 0xA0, 0xE3,
	0x00, 0x70, 0x82, 0xE5, 0x00, 0x30, 0xC1, 0xE5, 0x0D, 0x00, 0x00, 0x0A,
	0x00, 0x60, 0xA0, 0xE3, 0x00, 0x80, 0x9D, 0xE5, 0x0B, 0x40, 0xA0, 0xE1,
	0x06, 0x50, 0xA0, 0xE1, 0x00, 0x40, 0x88, 0xE5, 0x62, 0xFD, 0xFF, 0xEB,
	0x01, 0x50, 0x85, 0xE2, 0x10, 0x00, 0x50, 0xE3, 0x01, 0x60, 0xA0, 0x03,
	0x07, 0x00, 0x55, 0xE1, 0x02, 0x4C, 0x84, 0xE2, 0xF7, 0xFF, 0xFF, 0x1A,
	0x00, 0x00, 0x56, 0xE3, 0xE6, 0xFF, 0xFF, 0x1A, 0x14, 0xD0, 0x8D, 0xE2,
	0xF0, 0x4F, 0xBD, 0xE8, 0x1E, 0xFF, 0x2F, 0xE1, 0x7C, 0x02, 0x00, 0x00,
	0x7C, 0x00, 0x00, 0x00, 0x20, 0x00, 0x00, 0x00, 0x64, 0x00, 0x00, 0x00,
	0x24, 0x00, 0x00, 0x00, 0x18, 0x00, 0x00, 0x00, 0xDC, 0x00, 0x00, 0x00,
	0x01, 0x20, 0x51, 0xE2, 0x1E, 0xFF, 0x2F, 0x01, 0x36, 0x00, 0x00, 0x3A,
	0x01, 0x00, 0x50, 0xE1, 0x22, 0x00, 0x00, 0x9A, 0x02, 0x00, 0x11, 0xE1,
	0x23, 0x00, 0x00, 0x0A, 0x0E, 0x02, 0x11, 0xE3, 0x81, 0x11, 0xA0, 0x01,
	0x08, 0x30, 0xA0, 0x03, 0x01, 0x30, 0xA0, 0x13, 0x01, 0x02, 0x51, 0xE3,
	0x00, 0x00, 0x51, 0x31, 0x01, 0x12, 0xA0, 0x31, 0x03, 0x32, 0xA0, 0x31,
	0xFA, 0xFF, 0xFF, 0x3A, 0x02, 0x01, 0x51, 0xE3, 0x00, 0x00, 0x51, 0x31,
	0x81, 0x10, 0xA0, 0x31, 0x83, 0x30, 0xA0, 0x31, 0xFA, 0xFF, 0xFF, 0x3A,
	0x00, 0x20, 0xA0, 0xE3, 0x01, 0x00, 0x50, 0xE1, 0x01, 0x00, 0x40, 0x20,
	0x03, 0x20, 0x82, 0x21, 0xA1, 0x00, 0x50, 0xE1, 0xA1, 0x00, 0x40, 0x20,
	0xA3, 0x20, 0x82, 0x21, 0x21, 0x01, 0x50, 0xE1, 0x21, 0x01, 0x40, 0x20,
	0x23, 0x21, 0x82, 0x21, 0xA1, 0x01, 0x50, 0xE1, 0xA1, 0x01, 0x40, 0x20,
	0xA3, 0x21, 0x82, 0x21, 0x00, 0x00, 0x50, 0xE3, 0x23, 0x32, 0xB0, 0x11,
	0x21, 0x12, 0xA0, 0x11, 0xEF, 0xFF, 0xFF, 0x1A, 0x02, 0x00, 0xA0, 0xE1,
	0x1E, 0xFF, 0x2F, 0xE1, 0x01, 0x00, 0xA0, 0x03, 0x00, 0x00, 0xA0, 0x13,
	0x1E, 0xFF, 0x2F, 0xE1, 0x01, 0x08, 0x51, 0xE3, 0x21, 0x18, 0xA0, 0x21,
	0x10, 0x20, 0xA0, 0x23, 0x00, 0x20, 0xA0, 0x33, 0x01, 0x0C, 0x51, 0xE3,
	0x21, 0x14, 0xA0, 0x21, 0x08, 0x20, 0x82, 0x22, 0x10, 0x00, 0x51, 0xE3,
	0x21, 0x12, 0xA0, 0x21, 0x04, 0x20, 0x82, 0x22, 0x04, 0x00, 0x51, 0xE3,
	0x03, 0x20, 0x82, 0x82, 0xA1, 0x20, 0x82, 0x90, 0x30, 0x02, 0xA0, 0xE1,
	0x1E, 0xFF, 0x2F, 0xE1, 0x08, 0xE0, 0x2D, 0xE5, 0x08, 0x00, 0x00, 0xEB,
	0x00, 0x00, 0xA0, 0xE3, 0x08, 0xE0, 0x9D, 0xE4, 0x1E, 0xFF, 0x2F, 0xE1,
	0x03, 0x40, 0x2D, 0xE9, 0xBE, 0xFF, 0xFF, 0xEB, 0x06, 0x40, 0xBD, 0xE8,
	0x92, 0x00, 0x03, 0xE0, 0x03, 0x10, 0x41, 0xE0, 0x1E, 0xFF, 0x2F, 0xE1,
	0x1E, 0xFF, 0x2F, 0xE1, 0x0D, 0xC0, 0xA0, 0xE1, 0xF8, 0xDF, 0x2D, 0xE9,
	0x04, 0xB0, 0x4C, 0xE2, 0x28, 0xD0, 0x4B, 0xE2, 0xF0, 0x6F, 0x9D, 0xE8,
	0x1E, 0xFF, 0x2F, 0xE1, 0x6D, 0x66, 0x74, 0x6C, 0x5F, 0x73, 0x65, 0x63,
	0x74, 0x6F, 0x72, 0x73, 0x00, 0x00, 0x00, 0x00, 0x6D, 0x66, 0x74, 0x6C,
	0x5F, 0x73, 0x70, 0x61, 0x72, 0x65, 0x00, 0x00, 0x6D, 0x66, 0x74, 0x6C,
	0x5F, 0x62, 0x6C, 0x6F, 0x63, 0x6B, 0x74, 0x61, 0x62, 0x00, 0x00, 0x00,
	0x6D, 0x66, 0x74, 0x6C, 0x5F, 0x66, 0x72, 0x65, 0x65, 0x74, 0x61, 0x62,
	0x00, 0x00, 0x00, 0x00, 0x6D, 0x66, 0x74, 0x6C, 0x5F, 0x66, 0x72, 0x65,
	0x65, 0x70, 0x74, 0x72, 0x00, 0x00, 0x00, 0x00, 0xDC, 0x00, 0x80, 0xBF,
	0x98, 0x00, 0x80, 0xBF, 0x00, 0x00, 0x00, 0x00, 0x00, 0x00, 0x00, 0x00,
	0x00, 0x00, 0x00, 0x00, 0x00, 0x00, 0x00, 0x00, 0x00, 0x00, 0x00, 0x00,
	0x2C, 0x4D, 0x80, 0xBF, 0x30, 0x4D, 0x80, 0xBF, 0x34, 0x4D, 0x80, 0xBF,
	0x38, 0x4D, 0x80, 0xBF, 0x3C, 0x4D, 0x80, 0xBF, 0x7C, 0x4D, 0x80, 0xBF,
	0x80, 0x4D, 0x80, 0xBF, 0x84, 0x4D, 0x80, 0xBF, 0x88, 0x4D, 0x80, 0xBF,
	0x8C, 0x4D, 0x80, 0xBF, 0x90, 0x4D, 0x80, 0xBF, 0x94, 0x4D, 0x80, 0xBF,
	0x98, 0x4D, 0x80, 0xBF, 0x9C, 0x4D, 0x80, 0xBF, 0xA0, 0x4D, 0x80, 0xBF,
	0xA4, 0x4D, 0x80, 0xBF, 0xE4, 0x4D, 0x80, 0xBF, 0xE8, 0x4D, 0x80, 0xBF,
	0xEC, 0x4D, 0x80, 0xBF, 0xF0, 0x4D, 0x80, 0xBF, 0xF4, 0x4D, 0x80, 0xBF,
	0xF8, 0x4D, 0x80, 0xBF, 0x08, 0x4D, 0x80, 0xBF, 0xFC, 0x4D, 0x80, 0xBF,
	0x00, 0x4E, 0x80, 0xBF, 0x00, 0x4F, 0x80, 0xBF, 0x00, 0x50, 0x80, 0xBF,
	0x40, 0x50, 0x80, 0xBF, 0x44, 0x50, 0x80, 0xBF, 0x48, 0x50, 0x80, 0xBF,
	0x4C, 0x50, 0x80, 0xBF, 0x50, 0x50, 0x80, 0xBF, 0x50, 0x51, 0x80, 0xBF,
	0x54, 0x51, 0x80, 0xBF, 0x58, 0x51, 0x80, 0xBF, 0x58, 0x52, 0x80, 0xBF,
	0x5C, 0x52, 0x80, 0xBF, 0x60, 0x52, 0x80, 0xBF, 0x64, 0x52, 0x80, 0xBF,
	0x68, 0x52, 0x80, 0xBF, 0xA8, 0x52, 0x80, 0xBF, 0xA8, 0x5A, 0x80, 0xBF,
	0xE8, 0x5A, 0x80, 0xBF, 0xEC, 0x5A, 0x80, 0xBF, 0xF0, 0x5A, 0x80, 0xBF,
	0xF4, 0x5A, 0x80, 0xBF, 0x28, 0x4D, 0x80, 0xBF, 0xF8, 0x5A, 0x80, 0xBF,
	0xFC, 0x5A, 0x80, 0xBF, 0x3C, 0x5B, 0x80, 0xBF, 0x40, 0x5B, 0x80, 0xBF,
	0x44, 0x5B, 0x80, 0xBF, 0x84, 0x5B, 0x80, 0xBF, 0x88, 0x5B, 0x80, 0xBF,
	0x8C, 0x5B, 0x80, 0xBF, 0x90, 0x5B, 0x80, 0xBF, 0x94, 0x5B, 0x80, 0xBF,
	0x98, 0x5B, 0x80, 0xBF, 0x9C, 0x5B, 0x80, 0xBF, 0xA0, 0x5B, 0x80, 0xBF,
	0x00, 0x00, 0x00, 0x00, 0xFF, 0xFF, 0xFF, 0xFF
};

